Time (s),Volume (m^3),H(3),O(4),OH(5),H2(6),H2O(7),Ar(8),He(9),HO2(10),H2O2(11),CO(12),CO2(13),HOCO(14),CH2O(15),HCO(16),CH3(17),CH4(18),CH2(19),CH(20),C2H4(21),CH3OH(22),CH2(S)(23),CH2OH(24),CH3O(25),HCOH(26),CH3OO(27),CH2CO(28),C2H5(29),C2H3(30),C(31),C2H2(32),C2H(33),CH3OOH(34),CH2OOH(35),C2H6(36),CH3CHO(37),C2H5O(38),C2H5O2(39),CH2CHO(40),H2CC(41),C2H4O(42),C2H5O(43),cC2H4O(44),C2H5O2(45),C2H3O2(46),CHCHO(47),OCHCHO(48),HCCO(49),HCCOH(50),CHCHOH(51),C2(52),C2O(53),C2H6O(54),C2H5O(55),C2H5O3(56),CH3CO(57),cC2H3O(58),HOCHO(59),C2H3O3(60),OCHCO(61),C2H6O2(62),C2H5O2(63),C2H4O2(64),HOCH2O(65),OCHO(66),C2H4O3(67),C2H3O2(68),N2,Ne,C7H16(1),O2(2),C4H9(82),C5H11(84),C3H7(83),C7H15(88),C7H15(85),C7H15(86),S(164),S(165),S(206),S(207),S(166),S(208),S(255),C4H8(127),C6H12(193),C5H10(134),C3H6(72),S(267),C6H13(87),C7H15(89),C6H13(188)
0.0,0.002778223677665735,0.0,0.0,0.0,0.0,0.0,0.0,0.0,0.0,0.0,0.0,0.0,0.0,0.0,0.0,0.0,0.0,0.0,0.0,0.0,0.0,0.0,0.0,0.0,0.0,0.0,0.0,0.0,0.0,0.0,0.0,0.0,0.0,0.0,0.0,0.0,0.0,0.0,0.0,0.0,0.0,0.0,0.0,0.0,0.0,0.0,0.0,0.0,0.0,0.0,0.0,0.0,0.0,0.0,0.0,0.0,0.0,0.0,0.0,0.0,0.0,0.0,0.0,0.0,0.0,0.0,0.0,0.88168480800000004,0.0,0.0094599999999999997,0.10885,0.0,0.0,0.0,0.0,0.0,0.0,0.0,0.0,0.0,0.0,0.0,0.0,0.0,0.0,0.0,0.0,0.0,0.0,0.0,0.0,0.0
1e-15,0.002778223677665735,4.441755345405359e-32,3.3095343812024763e-41,1.1655713521641142e-38,4.8760704110661398e-41,6.3105584491462443e-47,0.0,0.0,2.3651449456283623e-27,2.7159279522662653e-40,1.1272819220309452e-60,3.5749293670608379e-62,1.0135910325056015e-75,6.7655681944778605e-39,3.1225841592775267e-57,1.0981725622629745e-27,6.4296324464664419e-39,4.9748222230346983e-55,5.7836655416136942e-56,7.0005372638721487e-36,-2.5346675540067751e-70,3.5555193857013849e-56,1.4906559424812662e-54,4.4374221862506995e-43,2.1206140796253708e-67,3.1741158313421494e-35,1.535659108262272e-65,2.2614763382253752e-27,3.1358189196383345e-60,9.6925548800106797e-81,6.3532264248311823e-62,3.3256359213699616e-94,9.6327401361747208e-48,9.1133490719486596e-42,6.987596571749192e-40,4.8871901198195445e-39,8.8624645772865246e-43,1.8608170037054549e-34,5.303323020324846e-58,1.4580774987918729e-64,1.3328773705787308e-55,6.9493575716543416e-54,3.8636457716331621e-47,1.8749372849406225e-39,8.078058935477649e-62,2.7585021122495114e-69,1.6056555131893577e-68,3.2333153955062262e-86,3.5588634026205757e-90,8.1244625191943759e-82,-2.2684696540096571e-135,1.2225172762146905e-117,-4.7612597779024991e-71,5.3277725944523138e-53,2.6364623410677241e-61,5.1295187577006498e-58,3.3297006908944259e-72,4.0050022078200598e-54,4.314271251093398e-65,7.4107895663355608e-87,5.0560476499551982e-46,8.5318732451114285e-40,4.421425728024506e-45,4.0023733820151376e-57,8.7762484683848446e-80,-1.7982630554144527e-98,5.7203306623650156e-81,0.88168480800000004,0.0,0.0094599999999999997,0.10885,2.2389616406809971e-27,2.261476308391038e-27,2.2389618048768985e-27,1.0232415271464004e-27,8.7163181175188888e-28,4.3581590544219678e-28,2.2290488037702301e-34,2.2266414669565131e-34,2.9975717221327887e-34,2.5515160789628812e-34,5.9253285705042121e-35,1.2775155288930604e-34,2.5392769436431547e-37,8.689998880294742e-38,2.9338486973122803e-38,7.010246992630856e-38,1.5155010422090519e-37,5.8519918011832012e-37,1.0981725901506144e-27,3.4499428715865621e-29,3.7892872787065172e-36
3.0000000000000002e-15,0.002778223677665735,1.4594338538467081e-31,1.2282185389228962e-40,7.6594863622913879e-38,3.2042747982594804e-40,5.9499645712813661e-46,0.0,0.0,7.7711905592089889e-27,1.7847526567002401e-39,1.063035690135196e-59,3.3706575932975301e-61,1.2452565866165611e-74,4.4459449041656201e-38,2.9441506564867367e-56,3.608281171798666e-27,4.2251869831951699e-38,3.2691826156967749e-54,3.8006923145170997e-55,4.600352889276538e-35,1.4990745192966982e-68,2.3364767447316519e-55,1.4054754827312372e-53,2.9160202560144218e-42,1.9995077688418648e-66,2.0858475201094071e-34,1.473098261625528e-64,7.4305644774190392e-27,2.9566290305121257e-59,9.1387191751065739e-80,5.9901848441946424e-61,4.0857806355523867e-93,9.0822977631647365e-47,5.9886257087345657e-41,4.5918490054055329e-39,3.2115994717609959e-38,5.823904924129551e-42,1.2228225570753201e-33,5.000275885614232e-57,1.3747585773651732e-63,1.2567129407144608e-54,6.5522510571551429e-53,3.6428656326683639e-46,1.2321014597001489e-38,7.6164646081035895e-61,3.3890165233064899e-68,1.9726623761391814e-67,4.8961628612026458e-85,4.7844221872559862e-89,9.9814820503252861e-81,1.2120458857850758e-133,2.2005308843078907e-116,2.8159537179542042e-69,5.023327878448211e-52,3.2390821647436604e-60,4.8364214790887862e-57,4.090773485215893e-71,3.7760960830011272e-53,5.300405599806941e-64,1.1221438418879694e-85,4.7671305181384464e-45,5.6064842321646142e-39,2.9055082450403431e-44,3.773615483764107e-56,1.0782086962096232e-78,9.6078562948396336e-97,8.662113452559245e-80,0.88168480800000004,0.0,0.0094599999999999997,0.10885,7.3565875133663332e-27,7.4305642813648424e-27,7.3565885923679114e-27,3.3620783184026693e-27,2.8639322573440003e-27,1.4319661258216915e-27,1.464803435926261e-33,1.4632214726965272e-33,1.9698325943134241e-33,1.6767103522369313e-33,3.8937873014169198e-34,8.3951009695511748e-34,1.6686677583530086e-36,5.7105703791903013e-37,1.9279576586944176e-37,4.6067334859237973e-37,9.9590066295904882e-37,3.8455945021055913e-36,3.6082813550602923e-27,1.1335526591640104e-28,2.4901030647501293e-35
7e-15,0.002778223677665735,3.23613564492223e-31,3.6294589719118216e-40,4.1628261182125922e-37,1.7414535415809685e-39,9.6102343432817817e-45,0.0,0.0,1.7231770522106652e-26,9.6997427827017733e-39,1.7194777012159086e-58,5.4441232082989259e-60,6.297928990506377e-73,2.416274724927504e-37,4.7552475834219152e-55,8.0009706234309778e-27,2.2962970858482982e-37,1.7767273830505413e-53,2.0655859245544053e-54,2.5001911870095844e-34,2.8923635732268269e-67,1.2697976867393214e-54,2.2700540762013559e-52,1.5847934836922274e-41,3.2295278335180118e-65,1.1336126900072304e-33,2.7522406622804654e-63,1.6476464979663307e-26,4.7754003559079368e-58,1.4760383693339872e-78,9.6750550812330077e-60,2.0666409084767663e-91,1.46692858160221e-45,3.2541697501242414e-40,2.4955695093096442e-38,1.7454959907848762e-37,3.165164412835186e-41,6.6457731625587979e-33,8.0762016186173732e-56,2.2204403314903171e-62,2.0297816816753471e-53,1.0582872781134157e-51,5.8837743115884558e-45,6.6961970537524044e-38,1.2301878193027751e-59,1.7142096755454539e-66,9.9779947836340806e-66,8.0860480046977901e-83,4.9223997780986725e-87,5.0487700238476346e-79,4.4248902491765108e-131,1.2251347145346172e-113,5.4332617653934573e-68,8.113427228537959e-51,1.6383721053370904e-58,7.8118210709414814e-56,2.0691602943453216e-69,6.0982441426901107e-52,2.6811114208172567e-62,1.8517169075294699e-83,7.6996362546300436e-44,3.0463824009878843e-38,1.5790802478356435e-43,6.0942081124153153e-55,5.4527516501840379e-77,3.5075292979193478e-94,1.4303057266063644e-77,0.88168480800000004,0.0,0.0094599999999999997,0.10885,1.6312428454916274e-26,1.6476463914151909e-26,1.6312434319053181e-26,7.4550368890054212e-27,6.3504530886824008e-27,3.1752265288505245e-27,7.9608859861720782e-33,7.9522883939497049e-33,1.0705603025630763e-32,9.112548696177171e-33,2.1161885919292576e-33,4.5625510642979776e-33,9.0688483705320642e-36,3.103569749292099e-36,1.0478028749197014e-36,2.5036586116955022e-36,5.4125028277912726e-36,2.0899966226411744e-35,8.0009716194179898e-27,2.5135298181825965e-28,1.3533168684665826e-34
1.5e-14,0.002778223677665735,6.78953834358003e-31,1.1174479343413732e-39,1.8416796624015208e-36,7.7041893426287011e-39,8.9379025040548825e-44,0.0,0.0,3.6152930907061423e-26,4.2911662682436354e-38,1.6028149741733685e-57,5.0631442341846309e-59,1.2110413596793206e-71,1.0689601736896593e-36,4.4224668272000453e-54,1.6786347496900862e-26,1.0158816928910191e-36,7.8602534901522459e-53,9.13809536196172e-54,1.1060841397193572e-33,5.186711917373932e-66,5.617389475841646e-54,2.1111902847542512e-51,7.0111253892356195e-41,3.0036249565687654e-64,5.0151018596222244e-33,3.1039001684736888e-62,3.4568253637034633e-26,4.4412068149925619e-57,1.3727404869540155e-77,8.9979812201060112e-59,3.9746854439149095e-90,1.3642709312249977e-44,1.4392640651393464e-39,1.104039508267993e-37,7.7225259692605467e-37,1.4002677758646723e-40,2.9400888682150286e-32,7.5110167608276997e-55,2.065046691221516e-61,1.887734858468563e-52,9.8422622992623357e-51,5.472012277733432e-44,2.9623927765017111e-37,1.1441172823343299e-58,3.2968721303958413e-65,1.9190302311849768e-64,3.172342519773998e-81,1.6681263051647796e-85,9.7101112034511452e-78,3.3604934653996005e-129,9.7182126264974456e-112,9.7433884116398753e-67,7.5456272793244765e-50,3.1510202406724282e-57,7.2655304313451488e-55,3.9795133929269718e-68,5.6704266308181696e-51,5.1567520519726768e-61,7.2561116095355051e-82,7.1608035127384159e-43,1.3472642329805763e-37,6.9858486638386381e-43,5.6666300361416197e-54,1.0484263460922173e-75,2.663513422305736e-92,5.610002262972652e-76,0.88168480800000004,0.0,0.0094599999999999997,0.10885,3.4224096029587105e-26,3.4568248923216299e-26,3.4224121972513345e-26,1.5640934842673266e-26,1.332347842061178e-26,6.6617391417754975e-27,3.5218943048675138e-32,3.5180907550743167e-32,4.7361522379071129e-32,4.0313859829224138e-32,9.3620171633659916e-33,2.0184697905258839e-32,4.0120598843835265e-35,1.3730184421047855e-35,4.6354784454739464e-36,1.1076179146293195e-35,2.3944906812825005e-35,9.2461421970461199e-35,1.6786351903146733e-26,5.2734841626515322e-28,5.9870737191689952e-34
3.1e-14,0.002778223677665735,1.3896340206922504e-30,3.7234670663132536e-39,7.6768099938617481e-36,3.211238944763461e-38,7.5439136364076492e-43,0.0,0.0,7.3995253513606288e-26,1.7886326444728455e-37,1.3588554286643409e-56,4.2733012934276158e-58,2.0583197168695233e-70,4.4556134893875517e-36,3.7325504827559097e-53,3.435709312466543e-26,4.2343701281206603e-36,3.2763020079263623e-52,3.8088705318274608e-53,4.6103471125520106e-33,8.875271893960404e-65,2.3412662092234736e-53,1.781836888675341e-50,2.9223579737695829e-40,2.5352409364894454e-63,2.090380961714827e-32,3.5221750908295257e-61,7.0751781563375849e-26,3.74836291088984e-56,1.158586854397541e-76,7.594279097786557e-58,6.7578391883963692e-89,1.1514421793859112e-43,5.9960035426873577e-39,4.6018247236399742e-37,3.2192505674244276e-36,5.8365513496515088e-40,1.2254791192833905e-31,6.3392822638128975e-54,1.7428886530844518e-60,1.5932448627720114e-51,8.3068403319404949e-50,4.6183558998844927e-43,1.2347728251163658e-36,9.656655195132396e-58,5.6054182029730072e-64,3.2627852399518403e-63,1.0829649591235667e-79,5.2611581430545419e-84,1.6509389618493519e-76,2.3422788428041241e-127,6.648678831262797e-110,1.6673156771275683e-65,6.3684769110498575e-49,5.3574493142396188e-56,6.1327424205972295e-54,6.7659889960506955e-67,4.7840832823136536e-50,8.7685552295036089e-60,2.471258337030845e-80,6.0437021937155665e-42,5.6119247735676603e-37,2.9118210796452505e-42,4.7808077008178441e-53,1.7816183406558612e-74,1.856166641075176e-90,1.9141665070323547e-74,0.88168480800000004,0.0,0.0094599999999999997,0.10885,7.0047373945304036e-26,7.0751761915396065e-26,7.0047482079798605e-26,3.2012654000219213e-26,2.7269463761787574e-26,1.3634731595249084e-26,1.4679853371002338e-31,1.466399971890876e-31,1.9741051427314462e-31,1.6803471317613292e-31,3.9022503258759642e-32,8.413309674889555e-32,1.6722973209247563e-34,5.7229725806731651e-35,1.9321466870506915e-35,4.6167384109500712e-35,9.9806481978314999e-35,3.8539502480063218e-34,3.4357111490657682e-26,1.0793392957315563e-27,2.4955161737645966e-33
6.300000000000001e-14,0.002778223677665735,2.810992979771374e-30,1.3323559604644943e-38,3.1286411053432601e-35,1.3085965401136145e-37,6.1748327703414326e-42,0.0,0.0,1.4967990607321757e-25,7.2887754283404903e-37,1.1220787666182897e-55,3.497490315437991e-57,3.3745289294167082e-69,1.8156882112859164e-35,3.0548815954323814e-52,6.9498551903523666e-26,1.7255278780378831e-35,1.335120749376478e-51,1.5520978467410472e-52,1.8787385302956274e-32,1.4665803587850061e-63,9.5394941369143129e-53,1.4583291691956066e-49,1.1908760722355927e-39,2.0752628810140463e-62,8.5184112755863474e-32,4.3564962804708505e-60,1.431186398629918e-25,3.0678165304987246e-55,9.4823394211564219e-76,6.2154986266466135e-57,1.1086894464045592e-87,9.4239208462381933e-43,2.4408915276401856e-38,1.8752656024149611e-36,1.3121600351463997e-35,2.3784199736976844e-39,4.9938860703022155e-31,5.1883502377265442e-53,1.4264470762134417e-59,1.3039834133227324e-50,6.7986737264500036e-49,3.7798498654369834e-42,5.0317344717186457e-36,7.903973603494417e-57,9.1962704045366344e-63,5.3529564809059921e-62,3.5576361705495425e-78,1.6576180611511134e-82,2.7085479068910079e-75,1.5566035464514733e-125,4.3709282040030272e-108,2.7553594394151278e-64,5.212217403891665e-48,8.7894905770770885e-55,5.0203682915062852e-53,1.1100072492202649e-65,3.9126617141731984e-49,1.4388754223494735e-58,8.0804162922904768e-79,4.9464330237012547e-41,2.2838860224283062e-36,1.1865813245008233e-41,3.9098646443500547e-52,2.9198534225791086e-73,1.2331376019761521e-88,6.2819169671706053e-73,0.88168480800000004,0.0,0.0094599999999999997,0.10885,1.4169370084297096e-25,1.4311855979667921e-25,1.4169414149588026e-25,6.4755785319039106e-26,5.5161173155861044e-26,2.7580585413926055e-26,5.9821089068679519e-31,5.9756486230794947e-31,8.0445422462896412e-31,6.8474689061744278e-31,1.5901873974826138e-31,3.428450793875937e-31,6.8147113023677182e-34,2.332136971177741e-34,7.8735927849786246e-35,1.8813416049709671e-34,4.0671644968392223e-34,1.5705037331155085e-33,6.9498626745893882e-26,2.1833210969541022e-27,1.0169363032444959e-32
1.2700000000000001e-13,0.002778223677665735,5.6537052435711684e-30,5.0075914128586914e-38,1.2627886477245517e-34,5.280772432901925e-37,4.9931030068572069e-41,0.0,0.0,3.0104924057836813e-25,2.941350614999103e-36,9.2322417483680853e-55,2.8276862978892587e-56,5.4536381250757176e-68,7.3271349558440423e-35,2.4697922830859288e-51,1.3978133955479639e-25,6.9632774534819294e-35,5.3878958265827231e-51,6.263113437551266e-52,7.5815354836014377e-32,2.3837052225513389e-62,3.8485749193262056e-52,1.1790153630482934e-48,4.8057179046729666e-39,1.6783001505862435e-61,3.4375602913222151e-31,5.9052769544321873e-59,2.878515662542715e-25,2.4802391222222511e-54,7.666162093211841e-75,5.0250858171227361e-56,1.7942599407882691e-86,7.6190230327697664e-42,9.8298963210622772e-38,7.5675205840876439e-36,5.2975529538290806e-35,9.5979482443093176e-39,2.0152524299465769e-30,4.1946559243697742e-52,1.1532311752115967e-58,1.0542407860363726e-49,5.4965418652893123e-48,3.0558886386632003e-41,2.0305066524298556e-35,6.3910413218192245e-56,1.4883000089110689e-61,8.6631430240068468e-61,1.1520390110323699e-76,5.2534756711418987e-81,4.383478240008471e-74,1.0147599302953459e-123,2.8314395721358341e-106,4.4791672702622575e-63,4.2139082700832732e-47,1.4224804196406371e-53,4.0605526579642562e-52,1.7963303270527193e-64,3.1587080009033356e-48,2.3296146823575662e-57,2.5924165609274259e-77,3.999069512377909e-40,9.192376285349899e-36,4.7883793479841182e-41,3.156259360015918e-51,4.7154870166347896e-72,8.0335523867448323e-87,2.0301582102556497e-71,0.88168480800000004,0.0,0.0094599999999999997,0.10885,2.8498543890909289e-25,2.8785124315269818e-25,2.8498721713449946e-25,1.3024081999468637e-25,1.1094354681052542e-25,5.5471768708081129e-26,2.4140424633636737e-30,2.4114355802958308e-30,3.2463014625967631e-30,2.7632335002525539e-30,6.4171185783188942e-31,1.3835198990935986e-30,2.7500512724460842e-33,9.4111831689708224e-34,3.1773426628354505e-34,7.5920286622306213e-34,1.6412816433591235e-33,6.3376770587118871e-33,1.3978164157722722e-25,4.3912848685523727e-27,4.103796999499531e-32
2.55e-13,0.002778223677665735,1.1339107153729219e-29,1.9378891976518191e-37,5.0748272881429758e-34,2.1214014843444207e-36,4.0162114776887783e-40,0.0,0.0,6.037880271311173e-25,1.181607654858275e-35,7.6814092879363544e-54,2.2737211231953736e-55,8.7490361250357095e-67,2.9434865545314237e-34,1.9858620022526581e-50,2.8034639523348439e-25,2.797300904266624e-34,2.1645046458365132e-50,2.5157917907042458e-51,3.0456561991107096e-31,3.8445330688324398e-61,1.545223530503331e-51,9.4799014451501287e-48,1.9305618949830147e-38,1.3502657844275222e-60,1.3809431791219453e-30,8.5842726910664927e-58,5.773142582395329e-25,1.9942447119838645e-53,6.1639564044822745e-74,4.0404994618130657e-55,2.886420941888122e-85,6.1261997618664112e-41,3.9327553897839921e-37,3.0400260424396822e-35,2.1300565818213401e-34,3.8556727939975248e-38,8.0956765131897268e-30,3.3727722082144099e-51,9.2724468323909005e-58,8.4767985362050222e-49,4.4195370196773777e-47,2.4570841271916378e-40,8.1568010137252523e-35,5.1402048840730926e-55,2.3942604829013882e-60,1.3936779775086304e-59,3.7073507489403554e-75,1.6722623194587866e-79,7.0519127668159863e-73,6.5632723097863515e-122,1.8225267661650927e-104,7.2265811376735328e-62,3.3881820993474057e-46,2.2884155530906045e-52,3.2676683085561161e-51,2.8895511760686579e-63,2.5324727134521374e-47,3.7508231474950475e-56,8.1910867230144407e-76,3.2155046935514672e-39,3.6735391090642575e-35,1.9235907315545245e-40,2.5302043187280236e-50,7.5541527454810181e-71,5.1890190491591746e-85,6.5072175072840291e-70,0.88168480800000004,0.0,0.0094599999999999997,0.10885,5.7156525217133409e-25,5.7731296028461003e-25,5.7157239564085231e-25,2.6120597768276754e-25,2.2250411374295623e-25,1.1125203800264761e-25,9.6976862930650236e-30,9.6872149229050979e-30,1.3040850502388609e-29,1.1100298718531252e-29,2.5778973777069277e-30,5.5577938761854452e-30,1.1047639492354888e-32,3.7806512495629976e-33,1.2764044488821878e-33,3.0498623867263073e-33,6.5933769742409795e-33,2.5459766533495281e-32,2.8034760852336778e-25,8.8072130883153761e-27,1.6485880670286702e-31
5.11e-13,0.002778223677665735,2.2709820504217362e-29,7.6204506781849436e-37,2.0357555041019558e-33,8.5035807915502064e-36,3.2232150747955077e-39,0.0,0.0,1.2092660703962949e-24,4.7364661393966423e-35,6.5743697352408903e-53,1.8236194682213551e-54,1.3957815863774484e-65,1.1799018325237839e-33,1.592617210889753e-49,5.614744281107734e-25,1.1212909044313185e-33,8.6769140572395671e-50,1.0082580242683696e-50,1.2208334815139509e-30,6.1790366347442326e-60,6.1873194606591467e-51,7.6025214333344708e-47,7.7386068558137831e-38,1.0841857400054891e-59,5.5354753628933754e-30,1.3049934861002002e-56,1.1562269992969422e-24,1.5993125842244914e-52,4.9431953102445747e-73,3.24043495065552e-54,4.6302185875214997e-84,4.9131497690789892e-40,1.5636516955627791e-36,1.2185765956015453e-34,8.5533955189983181e-34,1.5455101026615428e-37,3.2451044087614421e-29,2.7049139640329293e-50,7.4359322214040733e-57,6.7983116579431151e-48,3.5443480452936575e-46,1.9704714468794077e-39,3.2694817193624654e-34,4.124611436748069e-54,3.8408419611500339e-59,2.2357825223423756e-58,1.1895632483679988e-73,5.3364455005669968e-78,1.1312961182618173e-71,4.2358804050363731e-120,1.169611197340786e-102,1.1622480297658391e-60,2.7171598616500258e-45,3.6711767242978568e-51,2.6249289921185895e-50,4.6345971751313514e-62,2.0193769498113568e-46,6.0269026416776914e-55,2.5360923418996463e-74,2.578782124169412e-38,1.4573278971767192e-34,7.7106159404038615e-40,2.0170823862157981e-49,1.2017553084830302e-69,3.3399816212097478e-83,2.0714585447533001e-68,0.88168480800000004,0.0,0.0094599999999999997,0.10885,1.1447102275905569e-24,1.1562217965964294e-24,1.1447388615963425e-24,5.2311664788401929e-25,4.4560852735639177e-25,2.2280418804917367e-25,3.8872522695059889e-29,3.8830556889018902e-29,5.2271889307207461e-29,4.4493541085476788e-29,1.0333439178780863e-29,2.2277406588522159e-29,4.4284836042931974e-32,1.5154427770994199e-32,5.1164055582632115e-33,1.2225121848320633e-32,2.6429298699561125e-32,1.0205427029419732e-31,5.6147929154978447e-25,1.7639072233737276e-26,6.6083472966602584e-31
1e-12,0.002778223677665735,4.4429314054124373e-29,2.9203386823200054e-36,7.8881264452757626e-33,3.2902272576777533e-35,2.4835884173458267e-38,0.0,0.0,2.3658255350566749e-24,1.8326636871895386e-34,5.6923283063542556e-52,1.4034390089049499e-53,2.1186243929397152e-64,4.5654048854771691e-33,1.2254672215652623e-48,1.0984649568352996e-24,4.3385302435026699e-33,3.3577176013892662e-49,3.8997226521476894e-50,4.7236066415255595e-30,9.5013235669675722e-59,2.388929248393222e-50,5.8496680484839077e-46,2.9942426738380072e-37,8.3624275283028058e-59,2.1418016594502051e-29,1.9512322966848783e-55,2.261992492062701e-24,1.2305777520347859e-51,3.803382959866471e-72,2.4934780750223278e-53,7.1044341429400512e-83,3.7806235131102797e-39,5.9545411835930433e-36,4.7148738372744007e-34,3.3207371524704145e-33,5.9797286742004651e-37,1.255584416783832e-28,2.0813834073316601e-49,5.7211537953789954e-56,5.2312468276572854e-47,2.7272275280832813e-45,1.516129632637697e-38,1.2649215035667776e-33,3.1772460322262172e-53,5.893601627577801e-58,3.4308993908582456e-57,3.6454574087815158e-72,1.6309835149893202e-76,1.7360378954677385e-70,2.6184393901718833e-118,7.1633198556456841e-101,1.7895209201235155e-59,2.0906342164144046e-44,5.6336551572662051e-50,2.0262424112474746e-49,7.1091868383684342e-61,1.5364683062520095e-45,9.2774495384781295e-54,7.2630822373376428e-73,1.9843187074498042e-37,5.5257688384519695e-34,2.9833762595432478e-39,1.5339905827345296e-48,1.8139084698942387e-68,2.0534987260238316e-81,6.2494290717571825e-67,0.88168480800000004,0.0,0.0094599999999999997,0.10885,2.2394507156063123e-24,2.2619723625345841e-24,2.2395615039782653e-24,1.023331912094061e-24,8.7170895043360129e-25,4.3585418263826205e-25,1.5040356243893666e-28,1.5024125150795909e-28,2.022363673953597e-28,1.7214248831226547e-28,3.9982460114006333e-29,8.6189729968841532e-29,1.7135314765361295e-31,5.8634285738893152e-32,1.9796318321219709e-32,4.7300458233197157e-32,1.0226034154320977e-31,3.9486702631637815e-31,1.0984837745715489e-24,3.4509313514026168e-26,2.5569388306410537e-30
1.023e-12,0.002778223677665735,4.5450885325387892e-29,3.021853514903921e-36,8.1633913361694182e-33,3.4049859306962052e-35,2.5852430981779831e-38,0.0,0.0,2.4202240374844636e-24,1.8965847356246043e-34,5.929143236119274e-52,1.4608720813546527e-53,2.2117083671502374e-64,4.724641225391132e-33,1.2756159465365396e-48,1.1237221800677416e-24,4.4898523392054126e-33,3.4748353979134016e-49,4.0357220109231993e-50,4.8883587533461465e-30,9.9191531329805431e-59,2.4721900622041179e-50,6.0890475286852586e-46,3.0986778184799347e-37,8.704757919163416e-59,2.2165048186172807e-29,2.0368700427088489e-55,2.3140019119678387e-24,1.2809353580738119e-51,3.959023980036954e-72,2.5955169202963686e-53,7.4168114078405044e-83,3.9353353665512912e-39,6.1610656380402746e-36,4.8793213557988908e-34,3.43669654881627e-33,6.1882911019006595e-37,1.2993772622764227e-28,2.1665582871912765e-49,5.9552721863493176e-56,5.4453215929391842e-47,2.8388312758169009e-45,1.5781723672447408e-38,1.3090388586332444e-33,3.3072870392541976e-53,6.1527404842723703e-58,3.5817549863354484e-57,3.8113255579241097e-72,1.7051864564609438e-76,1.8123710049232718e-70,2.7396047347133863e-118,7.4947436816701558e-101,1.8682240094780746e-59,2.1761866076122293e-44,5.881365509313726e-50,2.1091999547583521e-49,7.421767050596802e-61,1.5992376397064677e-45,9.6854648008690058e-54,7.5927711515961222e-73,2.0655214301200614e-37,5.7171270013340368e-34,3.0874319595566752e-39,1.5966541694719485e-48,1.8935728003606119e-68,2.1485136031724407e-81,6.5336264418951835e-67,0.88168480800000004,0.0,0.0094599999999999997,0.10885,2.2909415770058263e-24,2.3139810803598961e-24,2.2910562294890714e-24,1.0468594194086438e-24,8.9175048362537189e-25,4.4587493902997788e-25,1.5564939866410877e-28,1.5548142732848184e-28,2.0928991135451616e-28,1.7814642652538641e-28,4.1376994841021026e-29,8.9195831068529351e-29,1.7732977580708056e-31,6.0679350633088804e-32,2.0486784565694145e-32,4.8950218431258834e-32,1.0582703680988446e-31,4.0863940543398588e-31,1.1237416541410798e-24,3.5302801345205399e-26,2.6461216411163619e-30
2.047e-12,0.002778223677665735,9.093156744456341e-29,1.2034459851153783e-35,3.2759836700886434e-32,1.3626846874224258e-34,2.0747533432032512e-37,0.0,0.0,4.8421474932448913e-24,7.5903355225314628e-34,5.8080904816326175e-51,1.1696976028270274e-52,3.4658713101851833e-63,1.8908934058389422e-32,1.0210388323064987e-47,2.2481844297731104e-24,1.7968535064746621e-32,1.3909921023305786e-48,1.6138888198004435e-49,1.9562729329703701e-29,1.5928303028903849e-57,9.8514204236338005e-50,4.873475235134625e-45,1.2401002571525221e-36,7.0011366008710446e-58,8.8705243049298861e-29,3.2297528392447662e-54,4.62934947720065e-24,1.0252290604628224e-50,3.1685049534585197e-71,2.0776431222506763e-52,1.1870414314275178e-81,3.1501498375458912e-38,2.3890631602209436e-35,1.9526558036232658e-33,1.3842725181916562e-32,2.4764046153086451e-36,5.199978348365098e-28,1.7342437165459545e-48,4.7658458408633944e-55,4.3588751232067048e-46,2.2722284503895692e-44,1.2630745696561099e-37,5.237848002364429e-33,2.6531015579001389e-52,9.8484989572910147e-57,5.7338408095976829e-56,1.2201428907036601e-70,5.452168793480894e-75,2.9013881991089392e-69,1.7847640832594944e-116,4.7984413351079339e-99,3.0079581977531266e-58,1.7416624816780505e-43,9.4154493088316031e-49,1.6984915170588545e-48,1.1871764320893858e-59,1.2521794832135555e-44,1.5596856402960389e-52,2.1486109333181198e-71,1.6533537554998142e-36,2.1985296250938162e-33,1.2355693806321132e-38,1.2489662691094127e-47,2.9343726609583556e-67,1.3843804720079137e-79,2.0284334909720214e-65,0.88168480800000004,0.0,0.0094599999999999997,0.10885,4.5831698941240892e-24,4.6292661160265363e-24,4.5836287108863688e-24,2.0940307814920374e-24,1.7837669926901351e-24,8.9188228499583266e-25,6.2288803126893415e-28,6.2221634368556977e-28,8.3745521393708697e-28,7.1283744825186446e-28,1.6559230656992485e-28,3.5690900864000741e-28,7.0972156006392235e-31,2.4282689520001026e-31,8.1986920900261895e-32,1.9588925169234913e-31,4.2351785635271613e-31,1.6353528170120555e-30,2.2482623654928811e-24,7.0630302826972529e-26,1.0590020264847212e-29
4.095e-12,0.002778223677665735,1.8188714155885187e-28,4.8030069114035756e-35,1.3171293813126066e-31,5.4519687956368049e-34,1.6679274390771503e-36,0.0,0.0,9.6860244859257062e-24,3.0369406013742799e-33,6.3477858041108543e-50,9.3649324654704914e-52,5.3254505384495148e-62,7.5658624629675581e-32,8.1694812866556891e-47,4.496975920204109e-24,7.18905450654538e-32,5.5680256290530604e-48,6.4472850711287794e-49,7.8263646209167476e-29,2.5620474090620507e-56,3.9079735150085353e-49,3.8987715805328112e-44,4.9615277488628323e-36,5.6558554575325251e-57,3.5490195325590867e-28,5.1773971334339112e-53,9.2592357085393552e-24,8.2019764116313311e-50,2.5345180206356364e-70,1.6625523628745856e-51,1.8985175253945521e-80,2.5208113397333235e-37,8.9959970807928683e-35,7.8118901332340887e-33,5.6021929759745048e-32,9.9065224148886997e-36,2.0803287040973082e-27,1.3877128751558299e-47,3.8117728182111685e-54,3.4880796920278809e-45,1.8179713204656198e-43,1.0103883650602906e-36,2.0948431104770932e-32,2.1321677415568307e-51,1.575521235529468e-55,9.1747968500455519e-55,3.9037935763143451e-69,1.7437056147718029e-73,4.6427425466429327e-68,1.1809158608856147e-114,3.0701291731000782e-97,4.8637131542924204e-57,1.3931887239626526e-42,1.5066699024825571e-47,1.3737293299587525e-47,1.8966323769386927e-58,9.6082500686988944e-44,2.5222256453147392e-51,5.5773630744619929e-70,1.3229643965057256e-35,8.1534994948387972e-33,4.9431580552620707e-38,9.565616668022848e-47,4.4106614933187276e-66,8.9559561148681218e-78,6.1190506269392748e-64,0.88168480800000004,0.0,0.0094599999999999997,0.10885,9.1666891933157325e-24,9.2589022485236887e-24,9.1685246696063615e-24,4.1871175377057304e-24,3.5667310394076465e-24,1.7833606763753743e-24,2.491913402372889e-27,2.4892303519782671e-27,3.3495471537732773e-27,2.8511180653897764e-27,6.6252222968869322e-28,1.4275171325657817e-27,2.8398703052981427e-30,9.7141856833094932e-31,3.280076868749681e-31,7.8364694042573976e-31,1.6944150092185008e-30,6.5426213132967868e-30,4.4972877329962266e-24,1.4128547863661739e-25,4.2370993026450578e-29
8.191e-12,0.002778223677665735,3.6377512904221298e-28,1.9189038644591416e-34,5.3109467571707639e-31,2.180914326554985e-33,1.3445636568960396e-35,0.0,0.0,1.9373898754530329e-23,1.2149438841704391e-32,7.7998932587556408e-49,7.5001458740228403e-51,7.9134903837571626e-61,3.0269193036712515e-31,6.5343268145528292e-46,8.9940269279761448e-24,2.8758038577731926e-31,2.2295395025284972e-47,2.5713146884659239e-48,3.1303336188557502e-28,4.1326933493539393e-55,1.5371227425692005e-48,3.117572780999888e-43,1.9847323774246134e-35,4.6113689095158096e-56,1.4196976519443587e-27,8.3759181898102519e-52,1.8515773704786486e-23,6.5588009017713896e-49,2.026195361549435e-69,1.3301320872015441e-50,3.0337445730385953e-79,2.0168298919305483e-36,3.2159587118215638e-34,3.1245413232843005e-32,2.2827594541799115e-31,3.9617745792372334e-35,8.3207428295211704e-27,1.1101675890800275e-46,3.0465756020539725e-53,2.7907498946591102e-44,1.4540112752748672e-42,8.0782593788314485e-36,8.3737137423589861e-32,1.7204441018798417e-50,2.5188316240153287e-54,1.4674539718469556e-53,1.2481547268500584e-67,5.5764997834986196e-72,7.4264015213854363e-67,8.0503464510426059e-113,1.9627517571892784e-95,7.9270163250552091e-56,1.1138138320102785e-41,2.4101195994510352e-46,1.1182021734285977e-46,3.0240437383710833e-57,7.1236181769864901e-43,4.1044423934271835e-50,1.2938886935411046e-68,1.058335997486448e-34,2.8408148677239535e-32,1.9771903600600724e-37,7.0661882714711205e-46,6.2801409207735081e-65,5.8296261929390066e-76,1.7550644863168649e-62,0.88168480800000004,0.0,0.0094599999999999997,0.10885,1.8329979985325779e-23,1.8514440266404698e-23,1.8337320678560957e-23,8.3682732183329412e-24,7.128388380869864e-24,3.5641748412554599e-24,9.9666258605282594e-27,9.9559274691124973e-27,1.3390738046272017e-26,1.1398140327257028e-26,2.6502712706082998e-27,5.7068752099361127e-27,1.1362885980138083e-29,3.8850350727300991e-30,1.3119952033589171e-30,3.1340753198914082e-30,6.777744861968151e-30,2.6169878842823806e-29,8.9952742481850557e-24,2.8259652012852443e-25,1.6950465110796128e-28
1e-11,0.002778223677665735,4.4408557142796489e-28,3.1888632897919461e-34,8.8812300222273773e-31,3.625562523186523e-33,3.4482393260768347e-35,0.0,0.0,2.3652658382787162e-23,2.0198999788695438e-32,2.9471100105501588e-48,1.9118777265927056e-50,3.0858905289718816e-60,5.0324989408759823e-31,1.6627179659711406e-45,1.0979681480941366e-23,4.7807765379368204e-31,3.7101432488607106e-47,4.2609917847511653e-48,5.2031857617581201e-28,1.7986734034312211e-54,2.5112284546990916e-48,7.9302867124199399e-43,3.2994391364948953e-35,1.2047662215497887e-55,2.3601251604906961e-27,3.667570649270566e-51,2.2601072314942539e-23,1.6684776286341764e-48,5.1522043313423591e-69,3.3859992691212962e-50,1.3052696623112813e-78,5.1342202069099993e-36,4.8403759769646014e-34,5.1935528009782436e-32,3.8466733958465768e-31,6.5841936370614628e-35,1.3830579244618891e-26,2.8257707812634065e-46,7.7446519586409832e-53,7.1045023824093936e-44,3.6997077052847598e-42,2.0545077224156823e-35,1.3909665226257082e-31,4.4310673489236112e-50,1.08458475806871e-53,6.3233188611126141e-53,9.7753221255461109e-67,4.3713939439882378e-71,3.2004969060359711e-66,1.3403167971740435e-111,2.9201312273070914e-94,3.5079773462586914e-55,2.8324702719996386e-41,1.0387356581145655e-45,2.8943177463296299e-46,1.2964195363063596e-56,1.6628628031034808e-42,1.8043254106747513e-49,6.8964371012501538e-68,2.6937330178660892e-34,4.1988080777168009e-32,3.2865590160672578e-37,1.6419138689660989e-45,2.2971960851591852e-64,8.8878167768317612e-75,1.162360867695696e-61,0.88168480800000004,0.0,0.0094599999999999997,0.10885,2.2373643210139333e-23,2.2598856446346902e-23,2.2385843521156182e-23,1.021046064786546e-23,8.6976324258527395e-24,4.3487840912527773e-24,1.6565729811877441e-26,1.6548005518260149e-26,2.2246318443371728e-26,1.8935990921314347e-26,4.4058737544677587e-27,9.4809216219063118e-27,1.8894552427714796e-29,6.4569747310907159e-30,2.1808703121023387e-30,5.2088763263904555e-30,1.126681097851465e-29,4.3501177274751613e-29,1.098175502596571e-23,3.4500720350383194e-25,2.8180447623381455e-28
1.6383e-11,0.002778223677665735,7.2745845907210781e-28,7.6698754577849189e-34,2.147886301330331e-30,8.7229585647006741e-33,1.0870993221257048e-34,0.0,0.0,3.875012809376747e-23,4.8601624180427778e-32,1.0593727661339506e-47,6.0114755250738865e-50,1.1182108513756463e-59,1.2109124051035067e-30,5.22394956965534e-45,1.7986001553676027e-23,1.1502413142405826e-30,8.9344073245038876e-47,1.0222964645773104e-47,1.2517179807167639e-27,6.6870283891740958e-54,5.9483300359733276e-48,2.4911797505263592e-42,7.9383408739993748e-35,3.8286390889949821e-55,5.6783942522824404e-27,1.3653062563995903e-50,3.7015920865869043e-23,5.2413964168991103e-48,1.6182229347477359e-68,1.0640062410190267e-49,4.8404256012622884e-78,1.6133834568719734e-35,1.0572081562043651e-33,1.2493995179154271e-31,9.3648948937229267e-31,1.5837317377300292e-34,3.3271864948084187e-26,8.8792230619192964e-46,2.4321667649130127e-52,2.2325443305189956e-43,1.1623577419355043e-41,6.4533854618690698e-35,3.3443097134339736e-31,1.3995416815966382e-49,4.0227463308401786e-53,2.3457086460992476e-52,3.9863165965168479e-66,1.7828070413125732e-70,1.1872967696598309e-65,5.7855287940739122e-111,1.2531172231888207e-93,1.3088742896776365e-54,8.8966958421776815e-41,3.8534788120204095e-45,9.1612860723811972e-46,4.803770991276634e-56,5.0166758433682898e-42,6.7225915890121555e-49,2.6664854174996328e-67,8.4641803263698144e-34,8.9904447053477223e-32,7.9066254236371087e-37,4.9420732122113098e-45,8.1868526146458322e-64,3.8191235288475841e-74,4.6444458632101074e-61,0.88168480800000004,0.0,0.0094599999999999997,0.10885,3.6641582604271387e-23,3.7010591369824538e-23,3.6670929924851757e-23,1.6710561456437073e-23,1.4234661026806676e-23,7.1172533243831614e-24,3.985046199621231e-26,3.9807947026115002e-26,5.3492957290628468e-26,4.5533061314828914e-26,1.0600462286515806e-26,2.2797526512788438e-26,4.5469802253520289e-29,1.5531983486931401e-29,5.2466689959659414e-30,1.252974687613253e-29,2.7106340564980265e-29,1.0465412248812649e-28,1.7990990407156376e-23,5.6522135053787694e-25,6.7805090176080234e-28
3.2767e-11,0.002778223677665735,1.4544545243075986e-27,3.0658894768368154e-33,8.6965071194127409e-30,3.4882818888624102e-32,8.8013496041575817e-34,0.0,0.0,7.7504507336485424e-23,1.9441836363365647e-31,1.5431652668720349e-46,4.8256799414946591e-49,1.4880437277395123e-58,4.8436324389771217e-30,4.1725182611601033e-44,3.5961445263965121e-23,4.5998722583625132e-30,3.5854921248994198e-46,4.039780622467779e-47,5.0030608852958197e-27,1.0837543171007323e-52,2.2328428463281144e-47,1.988125305507247e-41,3.1745540792238193e-34,3.288364438324917e-54,2.270817888728247e-26,2.2328421542900474e-49,7.3964572036047735e-23,4.1836302358916043e-47,1.2898005103855576e-67,8.509489093088264e-49,7.7006757243508023e-77,1.2904303136229756e-34,3.0947036717774224e-33,4.9937756050164546e-31,3.8511266394837219e-30,6.3264923615134284e-34,1.3298565652525811e-25,7.0991136199751573e-45,1.9374051404201757e-51,1.7857365417363614e-42,9.2841992328390049e-41,5.1474152688554705e-34,1.3334673782356371e-30,1.1564821957960232e-48,6.4120667572571525e-52,3.7455934746558559e-51,1.2705013348011301e-64,5.6950440397927971e-69,1.8964753199116893e-64,4.5162981904573232e-109,7.9801655257298424e-92,2.2055662147672032e-53,7.0945146838773989e-40,6.1561436581568873e-44,7.5238338306242043e-45,7.5760210678766609e-55,3.3254448064792502e-41,1.1040135053423205e-47,4.9726542045423962e-66,6.7665614817808152e-33,2.5131002451345277e-31,3.1606315462029271e-36,3.2358165363136052e-44,9.4261887710624384e-63,2.5087797867055091e-72,1.1012280002647783e-59,0.88168480800000004,0.0,0.0094599999999999997,0.10885,7.3204969904967404e-23,7.3943290140615197e-23,7.3322224226648946e-23,3.3315429224588699e-23,2.8379364369525466e-23,1.4189375110937725e-23,1.5925805399384016e-25,1.5909023429871112e-25,2.1339306822521161e-25,1.81640236282869e-25,4.2392708288615081e-26,9.0942305244441174e-26,1.8200651384796328e-28,6.2056734786105566e-29,2.0974173678574358e-29,5.0061758052209062e-29,1.0837772000419415e-28,4.1837254615494073e-28,3.5981395302390736e-23,1.1304819050071894e-24,2.7121958189616536e-27
6.5535e-11,0.002778223677665735,2.9069641639515444e-27,1.2252143547552033e-32,3.5138932020836375e-29,1.3945229868287932e-31,7.1141439143540563e-33,0.0,0.0,1.5502092698674118e-22,7.777301450260469e-31,2.3428818064644454e-45,3.8837342183531802e-48,1.8908061791469316e-57,1.9368791491369246e-29,3.3264924632752649e-43,7.1878342636502585e-23,1.8389849449270248e-29,1.4422925458774046e-45,1.577595802889824e-46,1.9980842753313835e-26,1.7544849547275247e-51,7.9419835010639167e-47,1.5827494980734115e-40,1.2691340254324825e-33,2.9935329777283125e-53,9.078510930379845e-26,3.6396202450638835e-48,1.4765587754918864e-22,3.3316130989316771e-46,1.0234984558840817e-66,6.8031201872746832e-48,1.218176703785592e-75,1.0318431890580226e-33,7.9629847172684427e-33,1.994361231185621e-30,1.5764715117615229e-29,2.5237450342803457e-33,5.31103956589231e-25,5.6720704952513329e-44,1.5366531143770526e-50,1.428012052300028e-41,7.4035501194789438e-40,4.0934012368211864e-33,5.2998052620667206e-30,9.8369559738704597e-48,1.0181429174194668e-50,5.9685646241922268e-50,4.0328394784699141e-63,1.816182921282311e-67,3.0239479601923068e-63,3.9229391087297457e-107,5.0565971991214467e-90,3.8413186142460385e-52,5.6389898787588025e-39,9.8191705802488233e-43,6.1500413561830355e-44,1.1781017692624538e-53,2.1087520799964882e-40,1.8053574616684304e-46,8.644787768371353e-65,5.4053038359975253e-32,6.191709904983015e-31,1.2625771024701927e-35,2.0107711168331488e-43,9.4231180356129587e-62,1.641208522148214e-70,2.3120876001112835e-58,0.88168480800000004,0.0,0.0094599999999999997,0.10885,1.4609325358683298e-22,1.4757104180348225e-22,1.4656117118631104e-22,6.6209370921273704e-23,5.6399987992803429e-23,2.819877906519281e-23,6.3585366739811982e-25,6.3520025645969117e-25,8.4893583633522872e-25,7.2261938924113525e-25,1.6948944186651809e-25,3.6178421651616023e-25,7.2899416469077882e-28,2.4764767398975859e-28,8.3793397062167975e-29,1.9978141638080512e-28,4.3311026711250628e-28,1.6714613107995088e-27,7.195809590530111e-23,2.2610458275076879e-24,1.0848188802552463e-26
9.999999999999999e-11,0.002778223677665735,4.4315779256216056e-27,3.1539516829052771e-32,9.0999722110832417e-29,3.5912424264044939e-31,3.3491562371803603e-32,0.0,0.0,2.3656782016582371e-22,2.0049389559913337e-30,2.0201221455504481e-44,1.8339399024139227e-47,1.3456851957062544e-56,4.9890036139351916e-29,1.5471911273329354e-42,1.0958395034267753e-22,4.7361751121971762e-29,3.7444742481374245e-45,3.9153332174560205e-46,5.1371719390918802e-26,1.5728111051490709e-50,1.7394519565814561e-46,7.34468574598544e-40,3.2684706674288121e-33,1.7064421665598528e-52,2.3381052312922276e-25,3.2650088180702684e-47,2.2473261153635686e-22,1.5468413853327793e-45,4.7143561643667286e-66,3.180899479303243e-47,1.0600244502940067e-74,4.8259913409456936e-33,1.3430974795148288e-32,5.127537971309874e-30,4.1102480013775892e-29,6.4766247788350277e-33,1.3654773269330429e-24,2.6490759172206309e-43,7.0839786844350309e-50,6.6795845303371386e-41,3.4457998362002465e-39,1.8958264004811311e-32,1.3519705353329064e-29,5.0905206256974913e-47,8.9203526111294279e-50,5.2642923608036246e-49,6.8691551843321717e-62,3.12167296039547e-66,2.6702528772753046e-62,2.0099914682555433e-105,1.6924175125217678e-88,3.8985258282836442e-51,2.6092924215905623e-38,8.6761631706873979e-42,2.9075045155486581e-43,9.9359071718465988e-53,8.0274830213681809e-40,1.6224378490612034e-45,7.9666207913208128e-64,2.5236412266349867e-31,1.0208180353448264e-30,3.247422044949244e-35,7.4583396532392897e-43,4.8331063325709292e-61,5.6676663102244512e-69,2.4013039175782088e-57,0.88168480800000004,0.0,0.0094599999999999997,0.10885,2.2225787953562573e-22,2.2451515523385018e-22,2.2345939733465866e-22,1.001550905532643e-22,8.5317016320578393e-23,4.2655431468643851e-23,1.6340636424532593e-24,1.6324538351904212e-24,2.1690322831993449e-24,1.846313988809993e-24,4.3653927868745904e-25,9.2432166995533239e-25,1.8830299046704502e-27,6.3592823404622148e-28,2.1556081124554914e-28,5.1302095125692433e-28,1.1147279301567488e-27,4.2999151061786712e-27,1.0978932787995205e-22,3.4502466881257252e-24,2.7960126220244342e-26
1.31071e-10,0.002778223677665735,5.8060527316233604e-27,4.8927532939005178e-32,1.4135952506705666e-28,5.5716361506771364e-31,5.7271419295970598e-32,0.0,0.0,3.100842431447088e-22,3.1112962740096837e-30,3.6300930471472079e-44,3.1371517439359837e-47,2.3883911535348226e-56,7.7405648861170279e-29,2.6421289130494329e-42,1.4357643364569686e-22,7.3480595075910801e-29,5.8199446578551419e-45,6.0228579297144364e-46,7.9671325600320345e-26,2.8325660346500982e-50,2.5916200925683048e-46,1.2539205437233799e-39,5.0709192037255761e-33,2.9749655451201769e-52,3.6275126396687724e-25,5.880370051867551e-47,2.9421908191834738e-22,2.6410022332650058e-45,8.0417503283088264e-66,5.4352372999198082e-47,1.9058397080555875e-74,8.2465042446828732e-33,1.8360495169725532e-32,7.9521697569591047e-30,6.394506504463643e-29,1.0040237909345939e-32,2.1176843482576501e-24,4.5259291767061045e-43,1.2085021852497456e-49,1.1413999399482391e-40,5.8848213401707928e-39,3.2359283910925384e-32,2.093013668179598e-29,8.7929190140518771e-47,1.6044378648943508e-49,9.4720945020687284e-49,1.2698288658547496e-61,5.772200701516358e-66,4.8049320718990535e-62,3.7866793690155779e-105,3.1725849059883237e-88,7.0668338202835658e-51,4.4532622280303972e-38,1.561270519786097e-41,4.9742469877615142e-43,1.7831272663321779e-52,1.3363356779655139e-39,2.9223461687777471e-45,1.4369367187143312e-63,4.3114618273588455e-31,1.3829121984211758e-30,5.0368059766993268e-35,1.2369449532672782e-42,8.3407481956453057e-61,1.0629240687877645e-68,4.3576952316872115e-57,0.88168480800000004,0.0,0.0094599999999999997,0.10885,2.9092206328304895e-22,2.9388206509588305e-22,2.927849387434882e-22,1.3075794721032453e-22,1.1138639067636822e-22,5.5688440226155161e-23,2.5339731777771604e-24,2.5315011569586652e-24,3.3591299678218596e-24,2.859350834978686e-24,6.772909247011965e-25,1.4314622826293067e-24,2.9234199953975176e-27,9.8597219985252837e-28,3.3435220326910454e-28,7.9541368557103744e-28,1.7292221245118241e-27,6.6695274049230786e-27,1.4389506438609974e-22,4.5223389539102332e-24,4.3386936245055156e-26
2.62143e-10,0.002778223677665735,1.1580503291355957e-26,1.9508443593382068e-31,5.6567643151520138e-28,2.223461700127889e-30,4.5869875203409233e-31,0.0,0.0,6.203314552777651e-22,1.2448013664682016e-29,5.6553947663365962e-43,2.5453162496100093e-46,3.1264981990767853e-55,3.0899079053681744e-28,2.0832288115054558e-41,2.8643184479416954e-22,2.9329026021726135e-28,2.3559866306766047e-44,2.2057471637962583e-45,3.1668286408592185e-25,4.5628760027489925e-49,7.5199974714215468e-46,9.8396876741551953e-39,2.0238629442944301e-32,3.3008122497278784e-51,1.4478832893737295e-24,9.3836865796575269e-46,5.8410410425523899e-22,2.0747064602750793e-44,6.1854020188459596e-65,4.3366703998353231e-46,2.9192486203912088e-73,6.5839616041551362e-32,3.9400683149638521e-32,3.1607878214624208e-29,2.5675710108486617e-28,3.9727607765082632e-32,8.4172585768985596e-24,3.6019600235613826e-42,9.3484601370212967e-49,9.1132729835555825e-40,4.6477382690878388e-38,2.5283494261100826e-31,8.1628189800515672e-29,8.4722429579233152e-46,2.4907341861326885e-48,1.4911276286298533e-47,3.9351473917575514e-60,1.82193919758728e-64,7.5815291687061186e-61,3.9279551343591652e-103,1.9523516095876921e-86,1.4120270841416822e-49,3.4723473709190077e-37,2.4670404730833227e-40,3.9670480161779629e-42,2.56697764673843e-51,8.8403198097656203e-39,4.6655102558203877e-44,2.3167659620473249e-62,3.4288454504191713e-30,2.9057709190220826e-30,2.0039389916388416e-34,7.8607374643731608e-42,6.8513475069739392e-60,6.7905269529508642e-67,7.575398393517655e-56,0.88168480800000004,0.0,0.0094599999999999997,0.10885,5.7683765850608888e-22,5.8277439637457314e-22,5.8421947830512222e-22,2.5508173521343374e-22,2.1729610748393842e-22,1.086298334129507e-22,1.0061018463810361e-23,1.0052241673229135e-23,1.3152140112013407e-23,1.1195629027204891e-23,2.7038105286598847e-24,5.6041124712602997e-24,1.1749536109488624e-26,3.9075167176312992e-27,1.3310259583228589e-27,3.1524285778978049e-27,6.8914940179503595e-27,2.6548464474899381e-26,2.8770330263351255e-22,9.0455403279125122e-24,1.7349908395122367e-25
5.24287e-10,0.002778223677665735,2.303450297814385e-26,7.7541076514736351e-31,2.249347491104668e-27,8.85224928165619e-30,3.6511583047035333e-30,0.0,0.0,1.2412978095812859e-21,4.9813995179850258e-29,8.7458988179122869e-42,2.0752303183713746e-45,4.3027919473657794e-54,1.2307373539482608e-27,1.6193101986762141e-40,5.6999581569634202e-22,1.1681272705379397e-27,9.5609459878795068e-44,7.5247949837070055e-45,1.2509841892601112e-24,7.3471127715346965e-48,1.9209517868138905e-45,7.5799273582026815e-38,8.0595819083277193e-32,4.0872425418121288e-50,5.7666735661333241e-24,1.4722660353717688e-44,1.151192186803515e-21,1.6012415859085617e-43,4.5641807262182387e-64,3.4513499250549848e-45,4.3009299706370463e-72,5.2460679638204883e-31,8.1256930597270613e-32,1.2485244387124975e-28,1.0197963586901375e-27,1.5552227316414826e-31,3.3248484525056758e-23,2.8517241574002163e-41,7.0074601223211571e-48,7.257058316893276e-39,3.6244058980044094e-37,1.9311976570517866e-30,3.1069577253162586e-28,8.958230617358243e-45,3.7550332089091382e-47,2.3104613223303243e-46,1.1820756045456896e-58,5.6711988980802698e-63,1.1794259185721815e-59,4.1446181549060821e-101,1.1575415972395756e-84,3.1239791389053133e-48,2.6409404689670506e-36,3.8505310579413132e-39,3.1045933345421015e-41,3.3865550864102312e-50,6.200379699701449e-38,7.3115399482348852e-43,3.6336003185286045e-61,2.7110891309647692e-29,5.8873352771698323e-30,7.9301696499948164e-34,5.2150041360701295e-41,5.4545087756722302e-59,4.2594869892811927e-65,1.2420578102191481e-54,0.88168480800000004,0.0,0.0094599999999999997,0.10885,1.1340828006224767e-21,1.1460161191069242e-21,1.1630644663029056e-21,4.8600155369549435e-22,4.1402418702421154e-22,2.0694507163590523e-22,3.9657067261425405e-23,3.9630513052847564e-23,5.0463328572340994e-23,4.2958538889766569e-23,1.0772586476921046e-23,2.1498256802686095e-23,4.7391975206906787e-26,1.5348510869719888e-26,5.2760718971378443e-27,1.2383575726944263e-26,2.7369299954727503e-26,1.0517521672683588e-25,5.7505724150650944e-22,1.8094061941592531e-23,6.9360310001986017e-25
9.999999999999999e-10,0.002778223677665735,4.3476153647359828e-26,2.8509788713398888e-30,8.247128474062901e-27,3.2646768744885974e-29,2.6469609397702939e-29,0.0,0.0,2.3698067538968994e-21,1.8556362536127752e-28,1.2073280603125319e-40,1.5629764249349414e-44,5.6015193006883875e-53,4.5429746312961236e-27,1.1264551991311528e-39,1.0769039704308706e-21,4.3117134295782487e-27,3.613739144787476e-43,2.1619704933799996e-44,4.5458170077449437e-24,1.0823767289925742e-46,4.1890055562374154e-45,5.1874813180323144e-37,2.9740838292868106e-31,5.0280837857036441e-49,2.1285492761286555e-23,2.053814169277612e-43,2.1362299940059242e-21,1.0986917989643564e-42,2.8881595646284088e-63,2.5123215557710935e-44,5.4191653328415173e-71,3.8263283699646632e-30,1.5621158859602911e-31,4.5363615747577666e-28,3.7156618955304326e-27,5.5536944388102649e-31,1.2080403958806658e-22,2.053872916187214e-40,4.5650003744733126e-47,5.2744134306758266e-38,2.535025125847764e-36,1.3002473539718234e-29,1.0535340765709378e-27,9.4330251701323777e-44,4.8917504190163137e-46,3.1718669350052137e-45,3.046116404932526e-57,1.5623139338302502e-61,1.6284796901422728e-58,3.7813931547683049e-99,5.8244400097678358e-83,6.9223913505026447e-47,1.7622442808002318e-35,5.3585068758169868e-38,2.1680743583684719e-40,3.5618696103603944e-49,4.1952158319768114e-37,1.0164572722759476e-41,5.0187107725525502e-60,1.9481387437779422e-28,1.1066651366855712e-29,2.8906556905647093e-33,3.2422675647921285e-40,3.9521422410645155e-58,2.3595614457402994e-63,1.7671408848227127e-53,0.88168480800000004,0.0,0.0094599999999999997,0.10885,2.0950127329880565e-21,2.1179439083072255e-21,2.1990897995842711e-21,8.4930070893796432e-22,7.2355795683106644e-22,3.6156542059728615e-22,1.4351390953451288e-22,1.4347257147713752e-22,1.7391627340634049e-22,1.480645652704205e-22,3.9789762302280329e-23,7.4065175031244926e-23,1.7858998237631813e-25,5.5209889118772457e-26,1.9328218144884071e-26,4.4552987888260875e-26,1.0052775648124879e-25,3.8433841895661591e-25,1.095567753764187e-21,3.4519966626926889e-23,2.57876888354068e-24
1.0485750000000002e-09,0.002778223677665735,4.5563448258306291e-26,3.0629148931814251e-30,8.8595612039803048e-27,3.5076424404761561e-29,2.8799598827973828e-29,0.0,0.0,2.4850386730795395e-21,1.9942500456693907e-28,1.3216777631352019e-40,1.7013816158162632e-44,6.1295540362255938e-53,4.8811868007074568e-27,1.2249426527170887e-39,1.128664304111535e-21,4.6327046525958749e-27,3.8851109252978425e-43,2.3058934576096446e-44,4.8822520098531519e-24,1.1853959645023073e-46,4.4205962671276968e-45,5.6397758903499762e-37,3.1954708901573473e-31,5.4997660589307871e-49,2.287011761367565e-23,2.2484956074679543e-43,2.2368120917935765e-21,1.1945288333341196e-42,3.1364644101428699e-63,2.7336127277815851e-44,5.928598938209479e-71,4.1634667820677096e-30,1.6386520014814083e-31,4.8720822485325004e-28,3.9909364170423907e-27,5.9619779273332293e-31,1.29744327297643e-22,2.2344747219171879e-40,4.9595789452625651e-47,5.738881443155559e-38,2.7568674842413743e-36,1.4132960253347095e-29,1.1293852108025224e-27,1.0304757900613498e-43,5.3529038934671755e-46,3.4721538106942528e-45,3.3450848420374987e-57,1.7160507761512768e-61,1.7827204604159402e-58,4.1632787122874937e-99,6.407353268740963e-83,7.5973370240146906e-47,1.9152202297691781e-35,5.8663456712227502e-38,2.3577552160183802e-40,3.8909916334941317e-49,4.5602768344025918e-37,1.1127818029718702e-41,5.4940681040307498e-60,2.1193800679068872e-28,1.1595510740167968e-29,3.1048453408251219e-33,3.5200847872956503e-40,4.2999991064053454e-58,2.5961466376980397e-63,1.9349008002909137e-53,0.88168480800000004,0.0,0.0094599999999999997,0.10885,2.1931331784344882e-21,2.2171873436567009e-21,2.3048782278259686e-21,8.8639714411190972e-22,7.5516441464989437e-22,3.7735368673842404e-22,1.5411871981595412e-22,1.5407587218146958e-22,1.8652203947813498e-22,1.5879692959815656e-22,4.2752702805728492e-23,7.9432777036975828e-23,1.919865958770091e-25,5.9280129890934965e-26,2.0763081190426819e-26,4.783780288330193e-26,1.0799795810654766e-25,4.1284374159507998e-25,1.1487170226151893e-21,3.6197213874931719e-23,2.7712629459996088e-24
2.0971510000000003e-09,0.002778223677665735,8.9116530345410808e-26,1.1951581281263946e-29,3.4316959690035397e-26,1.3765898070702937e-28,2.2362144154329794e-28,0.0,0.0,4.9791686253578699e-21,7.9896371757399528e-28,1.9063300086354797e-39,1.4003142131797953e-43,8.7488555206641216e-52,1.91975785666682e-26,8.8152797731494001e-39,2.2131573838969985e-21,1.8219835896584141e-26,1.5738372277207283e-42,6.1670666813084521e-44,1.8619348878207316e-23,1.9218954701197352e-45,9.5577866167189394e-45,3.9445286653197168e-36,1.256032823865904e-30,7.7125509922604936e-48,8.9944663050998806e-23,3.2758282557706955e-42,4.2297736526208685e-21,8.3681509632879316e-42,1.937227504957478e-62,2.1462872007493172e-43,7.3845394103293876e-70,3.278561975267445e-29,3.2542790166380982e-31,1.8576254725922683e-27,1.5239029633758944e-26,2.1954312473585724e-30,4.9468624407945035e-22,1.7155090648112642e-39,3.1848834598166506e-46,4.4545612390047412e-37,1.9987617860570475e-35,9.5786685572956548e-29,3.7789011651031266e-27,1.2326552797853787e-42,6.8859118864549029e-45,4.9285061988864303e-44,8.4800680615716503e-56,4.9049824855613903e-60,2.5426693437187227e-57,3.6953783975015106e-97,3.1568926653648287e-81,1.953764858940541e-45,1.272495494526762e-34,8.5313300334794196e-37,1.6984720126923064e-39,3.6822438171085807e-48,3.4440750970120566e-36,1.6091622417995862e-40,7.8224696969676642e-59,1.6213469830987912e-27,2.2074842757513438e-29,1.1903424082434769e-32,2.3057114580309533e-39,3.3683044483356289e-57,1.5050000788567719e-61,2.8312860311921075e-52,0.88168480800000004,0.0,0.0094599999999999997,0.10885,4.110505597720227e-21,4.1590135394616401e-21,4.5267154628612552e-21,1.4993075640828199e-21,1.2774237944822081e-21,6.3802920829351711e-22,5.831333441286222e-22,5.8339787759941373e-22,6.4650555590988025e-22,5.5048528387542781e-22,1.6836773394100747e-22,2.7514033876756738e-22,7.7836452261088879e-25,2.2207955718643524e-25,8.0865720172617681e-26,1.7929519508913188e-25,4.2137347878331658e-25,1.5928146639481096e-24,2.2918605648669292e-21,7.241349659712952e-23,1.1059917989319541e-23
4.194303e-09,0.002778223677665735,1.7037598928374619e-25,4.5553985845660545e-29,1.2894546689700209e-25,5.2990056474339699e-28,1.6877018086602178e-27,0.0,0.0,9.9900539475899769e-21,3.2047565463516587e-27,2.5337096721355732e-38,1.1411148495461348e-42,1.1995495796561494e-50,7.4291102068110398e-26,5.8246973616015145e-38,4.2582688145593572e-21,7.0505007910625711e-26,6.2461621567282872e-42,1.4333763344481993e-43,6.8081958725317225e-23,3.1394267977279222e-44,2.0177305484330485e-44,2.4945765632015445e-35,4.8550196397526372e-30,1.0746732399573062e-46,3.480528485989775e-22,4.3966316361976157e-41,7.6108024299795103e-21,5.2573482857845893e-41,1.0388025251776007e-61,1.6593637723249512e-42,8.0663107468125017e-69,2.5430003821457135e-28,6.3916153146896005e-31,6.789319589470478e-27,5.5738977985660761e-26,7.5059700740927401e-30,1.8079803442961924e-21,1.2670121575021557e-38,1.7652725816653187e-45,3.2993021558566535e-36,1.3254393198543798e-34,5.7204943634021325e-28,1.1020623105224222e-26,1.4240900687019894e-41,7.4334122297982715e-44,6.3290766710890385e-43,1.7787615639402349e-54,1.2557573490265854e-58,3.2410897350735227e-56,2.6826951806380073e-95,1.3192046461940838e-79,4.9960476695427515e-44,7.2726406041014133e-34,1.1381012963263182e-35,1.1151272903297737e-38,2.7364482213990141e-47,2.613896277757127e-35,2.1277296235706266e-39,1.0060897939984797e-57,1.1923563916048939e-26,3.9854175305611107e-29,4.3850989988147438e-32,1.3868265118920257e-38,2.6048387757535007e-56,7.9925717997642873e-60,3.7660570119737385e-51,0.88168480800000004,0.0,0.0094599999999999997,0.10885,7.281442353937126e-21,7.3780404839529827e-21,8.7362333129792198e-21,2.2601633450626857e-21,1.9257165130953103e-21,9.6119940707227418e-22,2.1027260036828938e-21,2.1063848238267207e-21,2.0314591571777583e-21,1.7300696504426875e-21,6.5321539607785034e-22,8.6357006501615165e-22,3.1096465516265219e-24,7.9028182236461925e-25,3.1166994527291055e-25,6.3872066498754874e-25,1.613942209145559e-24,5.9610282503975354e-24,4.5615734827150812e-21,1.4481464062392519e-22,4.4039820535657658e-23
8.388607e-09,0.002778223677665735,3.1155553137718935e-25,1.6634708366666337e-28,4.5951832455510555e-25,1.9644341003246276e-27,1.2122682944507063e-26,0.0,0.0,2.0078927361510248e-20,1.2875523030848786e-26,5.9941120048115921e-37,8.8427672247141771e-42,1.5006427293537184e-49,2.7890046369021797e-25,7.2880122013083162e-37,7.9065385891961223e-21,2.6466594427910904e-25,2.3251949719796777e-41,1.2795827550113949e-37,2.3192077407873692e-22,5.1585728617063292e-43,4.2604552696094921e-44,1.3659038531452488e-34,1.8184705760174112e-29,1.4087217083997936e-45,1.3065071618380766e-21,5.1738450311892989e-40,1.2590911258228235e-20,2.7881545583242696e-40,-9.5200375333078814e-61,1.2488990186729669e-41,7.6406019566005448e-68,1.9173236728631303e-27,1.2572214836591994e-30,2.3106790329152324e-26,1.8978542175381342e-25,2.2592765071340311e-29,6.1531639280222984e-21,8.7396894010961496e-38,8.067853151792822e-45,2.2089017335836726e-35,7.5232209156360865e-34,2.8425708246561192e-27,2.6269701370384029e-26,1.459332416764187e-40,6.1458938816878473e-43,6.9364540439611936e-42,2.7824279943176373e-53,2.6528165917036791e-57,3.3939528392787827e-55,1.4867299076413997e-93,4.6665467392838059e-78,1.1773354091378417e-42,3.2904551765801223e-33,1.3068943999135924e-34,6.2920756237588112e-38,1.545480549056007e-46,1.9495073573734704e-34,2.4321958113527972e-38,1.1034879949244405e-56,8.2047299328461263e-26,6.6046895474337951e-29,1.5063915892122615e-31,7.2863451995886895e-38,1.9613434146957547e-55,3.6807003715999032e-58,4.3178324575680685e-50,0.88168480800000004,0.0,0.0094599999999999997,0.10885,1.1752283609674467e-20,1.1935413854446745e-20,1.6312348806390701e-20,2.9488286777450091e-21,2.5118711887559376e-21,1.2528664892195763e-21,7.0057697741727882e-21,7.0322337421407184e-21,5.6347858854582235e-21,4.7996666982044938e-21,2.4637744930560549e-21,2.3910711466569584e-21,1.1831549743831362e-23,2.6001606141758297e-24,1.1981039003909131e-24,2.1064255614261317e-24,6.0042398181380397e-24,2.1251667595203667e-23,9.0357258981045515e-21,2.8923779689250571e-22,1.7458017074627571e-22
9.999999999999999e-09,0.002778223677665735,3.5285545140266429e-25,2.4306875084680025e-28,6.6036466012375064e-25,2.8958864682861872e-27,2.5253503033903379e-26,0.0,0.0,2.3985480418561542e-20,2.0353982121537669e-26,5.3901380124725564e-37,1.8799682456206871e-41,4.3198213010723721e-49,4.1594152285288956e-25,5.3780860836152806e-37,9.0348193749059723e-21,3.9467426547727179e-25,3.3259287954480047e-41,1.0369751813912883e-38,3.2409607704359987e-22,2.0271653291577448e-42,5.1604428476310144e-44,2.3062267750474843e-34,2.7063383857223824e-29,4.2572294475852455e-45,1.9482374460979514e-21,1.3942272255320314e-39,1.3706150398114109e-20,4.5193809744782028e-40,-3.7284161405890054e-61,2.7334925813786886e-41,1.829422079484155e-67,4.1899203965335872e-27,1.508300648940825e-30,3.2266372426709641e-26,2.6505350863267758e-25,2.904628200556092e-29,8.5921446249239983e-21,1.7481941262598514e-37,1.2221579041505146e-44,4.1774870295738118e-35,1.2518713009733294e-33,4.4590628219901392e-27,3.0574799180174118e-26,3.5498671644494163e-40,1.1880708442214372e-42,1.7383826731777664e-41,7.8908888384891929e-53,1.0272496544537617e-56,7.8584154784369181e-55,1.2678417093706246e-92,3.0907260389128454e-77,5.4699843503447641e-42,4.7499392302521624e-33,3.3424730538311456e-34,1.0578462186404202e-37,2.507877871044562e-46,4.2464644604248979e-34,6.308351178055753e-38,2.766228329691483e-56,1.6457874844185089e-25,7.1915215970481854e-29,2.1111766263654468e-31,1.2110605718084639e-37,4.2851692644876173e-55,2.956062859489966e-57,1.1210598144633694e-49,0.88168480800000004,0.0,0.0094599999999999997,0.10885,1.2687853974733143e-20,1.289541840356899e-20,1.8693191678486736e-20,3.0286852504639303e-21,2.5793788705232507e-21,1.2863862095896749e-21,9.6676681650644785e-21,9.7152047137794383e-21,7.204265121807503e-21,6.1366774537929029e-21,3.6877943766635141e-21,3.0542611379316074e-21,1.7418629465345651e-23,3.5819938287790598e-24,1.8642725269909339e-24,2.9071688986554878e-24,8.9473210074398358e-24,3.0785751976382669e-23,1.0706003089039745e-20,3.4432301143628503e-22,2.7281943527398116e-22
1.6777215e-08,0.002778223677665735,5.2655512460184658e-25,5.657456109536969e-28,1.5050864617642302e-24,6.8133994275299031e-27,8.0479255455664067e-26,0.0,0.0,4.0415705681141125e-20,5.1806970390881717e-26,2.8499373286604694e-37,6.0676589741146595e-41,1.6176754590425296e-48,9.9231036755629027e-25,-2.6547028969257917e-37,1.3780155531339932e-20,9.4146474089140567e-25,7.5348264879518882e-41,-4.8418539802286096e-37,7.1176801423273655e-22,8.3834418790452738e-42,8.9456208356085843e-44,6.2610476109079282e-34,6.4405429143194937e-29,1.6237515682925579e-44,4.6472339717377516e-21,5.082062316648173e-39,1.8396635852265685e-20,1.180059271857458e-39,2.0630050960270505e-60,8.9774130663706646e-41,6.3101332030157611e-67,1.3748033535048089e-26,2.5642922569061787e-30,7.0789846951730514e-26,5.8161688418211962e-25,5.6188556900235274e-29,1.8850037369743344e-20,5.4250203536017726e-37,2.9691366613901663e-44,1.2456985449117543e-34,3.3528810454923314e-33,1.1257723242950198e-26,4.8681228495044276e-26,1.2342261974426604e-39,3.60002567223787e-42,6.132350556273957e-41,2.9376111537130797e-52,4.2319433121490325e-56,2.6635103204548522e-54,5.9748542303823562e-92,1.412707521992779e-76,2.3524056072191459e-41,1.0888253856669784e-32,1.1903732899821458e-33,2.8606195525297198e-37,6.5555394697611217e-46,1.3907032759503212e-33,2.2610729488964272e-37,9.7594005340440157e-56,5.1169045545745874e-25,9.6596265032550474e-29,4.6547884116779893e-31,3.2400535455807574e-37,1.4058742444088855e-54,1.3840672495616636e-56,4.0200270438026151e-49,0.88168480800000004,0.0,0.0094599999999999997,0.10885,1.6622686452987134e-20,1.6933016450959992e-20,2.8706567698745213e-20,3.364546931927896e-21,2.8633034460232435e-21,1.4273638306219357e-21,2.0863110681711284e-20,2.0999274530115069e-20,1.3805198738110237e-20,1.1759892490680312e-20,8.8357911195330334e-21,5.8435131433185183e-21,4.0916832879933246e-23,7.7113991256292015e-24,4.6660521106946397e-24,6.274944330360141e-24,2.132536533452454e-23,7.0884312463732541e-23,1.7730873888753957e-20,5.7600103305132251e-22,6.8599525094783246e-22
3.3554431e-08,0.002778223677665735,7.9323607116029766e-25,1.7403487564088571e-27,4.3686419073475905e-24,2.1422977895581121e-26,4.7730082670820539e-25,0.0,0.0,8.1363064825744606e-20,2.0855701692290375e-25,7.3539587728956801e-36,-9.0989353121191042e-36,1.4315732388772772e-47,3.2401575001692141e-24,2.4247651409526375e-36,2.1694107990584479e-20,3.0724343294730046e-24,-1.3727376848649856e-36,-6.8807120893952536e-37,1.9258906038868914e-21,1.2830790117848566e-40,-1.0610097058285998e-39,2.3641896987647683e-33,2.0844205482825417e-28,1.5170197783955365e-43,1.5164415527921096e-20,4.0981836095743624e-38,2.3173393161557742e-20,3.9080724678539747e-39,-7.3920994811510129e-56,-3.9233629229603515e-37,-2.9555603521847343e-63,9.095761710272874e-26,5.6692180397221637e-30,1.9091813857349e-25,1.5692177325916875e-24,1.1266859126870301e-28,5.0833738721569884e-20,2.9401572192222399e-36,-1.1324727913453405e-36,5.7041060518142835e-34,1.102073532953212e-32,3.5389932206010789e-26,6.9801800385015802e-26,8.3561108807498276e-39,1.4662656367297693e-41,4.2724054759890976e-40,1.9865139897125367e-51,4.9229244131560488e-55,1.5107259994146208e-53,-8.1301711113312054e-88,3.1288870820149545e-75,3.7128246649823e-40,2.5893005593423412e-32,8.104733346488134e-33,1.0097454192365379e-36,2.132716546558974e-45,9.1800887647963105e-33,1.6503170688901093e-36,6.8006511647987956e-55,2.8289566987884849e-24,1.2177176750870855e-28,1.2632787720603665e-30,1.2048946606263341e-36,9.3026104383207069e-54,4.1002559041248524e-55,2.9363103226462134e-48,0.88168480800000004,0.0,0.0094599999999999997,0.10885,2.0279130243419266e-20,2.0723824403344831e-20,4.5861697223745278e-20,3.5473813682778281e-21,3.011856141489348e-21,1.5010218259650476e-21,5.4614143882168629e-20,5.5134828460745133e-20,3.0803957195254123e-20,2.6235460289971882e-20,2.9192690700363398e-20,1.3000246242767764e-20,1.2370524708582194e-22,2.0472423393075082e-23,1.8696026737381342e-23,1.6785340106784624e-23,7.0463430741600652e-23,2.1879387265842891e-22,3.4168286627749342e-20,1.1405706693780992e-21,2.6500362408713085e-21
6.7108863e-08,0.002778223677665735,1.0551780960849484e-24,4.7800755616281438e-27,1.0823228864337859e-23,6.0290870450964174e-26,2.4435369133744037e-24,0.0,0.0,1.6358897935065994e-19,8.3888184905414112e-25,1.4062973490746013e-34,-2.4285943626445156e-35,1.0184474825885412e-46,9.4137859187550126e-24,2.1519746437498283e-35,2.9737162131338467e-20,8.9144803062061338e-24,-2.7545609150238203e-36,1.452339161695792e-37,4.6337646052634165e-21,1.7034280432916494e-39,8.0802332808344852e-41,7.3438066001149357e-33,5.958590883991741e-28,1.0579703168682885e-42,4.3988746961734021e-20,2.8187489090882585e-37,2.5649651909831096e-20,1.0491656120725117e-38,1.3985797411140157e-56,-8.403511614968144e-37,-6.7940029621645466e-63,5.3889326317721392e-25,1.3505116243007509e-29,4.5684802144739515e-25,3.7574815874721376e-24,2.0896268926259222e-28,1.2161904439605765e-19,1.3793385911278245e-35,-6.5000902540750204e-37,2.3268990063591255e-33,2.8935847211966975e-32,9.2165306883563747e-26,8.211066330697706e-26,4.636366769965054e-38,4.4079179567410179e-41,2.411989980990569e-39,8.7881367124526903e-51,4.6269030698648498e-54,6.9407093207621414e-53,-7.0757548667778692e-87,4.0854368829345218e-74,4.4943320671526124e-39,5.1913178458391079e-32,4.3854361668425544e-32,2.8268263427778691e-36,5.6445348603271554e-45,5.4340441602657865e-32,9.6208417928684989e-36,3.8396643126119322e-54,1.3916919555686293e-23,1.3492460303203897e-28,3.0348758547169249e-30,3.7470903542950975e-36,5.5132551987423516e-53,9.7068993319462762e-54,1.7123934477484163e-47,0.88168480800000004,0.0,0.0094599999999999997,0.10885,2.200093086397117e-20,2.2545527875931997e-20,6.4023759416643101e-20,3.6741436820879102e-21,3.104533069875058e-21,1.5470395548140973e-21,1.276107127842496e-19,1.2916207490412816e-19,6.5077017178879613e-20,5.53940928345948e-20,8.6011846688842415e-20,2.7384881186657628e-20,3.2381693573806267e-22,5.0000046818597981e-23,7.7833120030092932e-23,4.1504613079607379e-23,2.1146848778484844e-22,6.2098323895983597e-22,6.3656216523205822e-20,2.2344343928346912e-21,9.9156204278595051e-21
9.999999999999998e-08,0.002778223677665735,1.1681686682218606e-24,8.2645287458640324e-27,1.6358646597452843e-23,1.0671453564186548e-25,6.3821232959056602e-24,0.0,0.0,2.4437386292236488e-19,2.0792911895705683e-24,5.0500400777327573e-34,-3.9501348985554491e-35,3.4202127516029917e-46,1.6614333577018726e-23,3.9832753358306156e-35,3.242854307394603e-20,1.5698518527629264e-23,-3.1177928507783003e-36,1.7938081193397086e-37,7.3957491121222264e-21,9.7873861154011002e-39,-6.6567697681761865e-41,1.3117622891485284e-32,1.0335595443318696e-27,3.1266509681890253e-42,7.7439258373850636e-20,1.0102607059030193e-36,2.601409254960953e-20,1.7363372179920399e-38,-7.8346199174542334e-57,-1.1992170492985701e-36,-9.8787072670777213e-63,1.6592166965595714e-24,2.277243886904914e-29,7.2507795271770777e-25,5.9688496327504561e-24,3.5409650741339506e-28,1.9297925198195139e-19,3.4706752214235293e-35,-5.9589879414653462e-37,6.6469602365770648e-33,5.6034431996267726e-32,1.5152796511622233e-25,8.4793147039597956e-26,1.3310539652720708e-37,7.5757234574408246e-41,6.9838234943460514e-39,1.8084747945008741e-50,2.5176750892945401e-53,2.078731904522518e-52,-1.5243895451947929e-86,1.658945460184206e-73,2.3144683596359468e-38,8.9545491914603653e-32,1.4298241765128234e-31,4.7410280749003911e-36,9.3272304987804359e-45,1.6727185195421363e-31,2.8210271173354897e-35,1.1117999810322884e-53,3.7797049885616544e-23,1.3697494432980232e-28,4.8256413219006017e-30,6.7615594721000857e-36,1.6979859042629817e-52,1.0017774139006131e-52,5.0218000792285287e-47,0.88168480800000004,0.0,0.0094599999999999997,0.10885,2.2265662328004761e-20,2.2848787629058216e-20,7.0447727535195811e-20,3.7757629126427448e-21,3.175996981444318e-21,1.582541654231689e-21,2.0051716218212104e-19,2.0320499749401238e-19,9.8762632367417734e-20,8.4001183680378728e-20,1.5306338752277889e-19,4.148844905863286e-20,5.343256467216742e-22,8.3698109936759483e-23,2.0527447508244677e-22,7.0441950322482754e-23,3.9232302823776165e-22,1.1038963307207307e-21,8.7252145391909961e-20,3.2413221121050462e-21,2.2241473226839327e-20
1.34217727e-07,0.002778223677665735,1.2857164608370773e-24,1.1889519508648078e-26,2.2117322949160835e-23,1.55010594906757e-25,1.0479563697658032e-23,0.0,0.0,3.2841702299261079e-19,3.3697296496955924e-24,8.8407449702835993e-34,-5.5330433482461392e-35,5.9188478183450789e-46,2.4105299122568499e-23,5.8884374205749503e-35,3.5228474810788946e-20,2.2756175665423634e-23,-3.4956749293251245e-36,2.1490494590244426e-37,1.0269132049109919e-20,1.8197392446008883e-38,-2.1988156674296667e-40,1.9124313070856807e-32,1.4889136632509123e-27,5.2787671986822209e-42,1.1223892089418834e-19,1.7680243237476636e-36,2.6393232082537318e-20,2.4512243443782771e-38,-3.0535114679186323e-56,-1.5725569851728796e-36,-1.3087826178997486e-62,2.8247258547008738e-24,3.2413538100091721e-29,1.0041263347008643e-24,8.2694082321645559e-24,5.050839715424649e-28,2.6721761296769184e-19,5.6463612088236747e-35,-5.3960614846527856e-37,1.1141261415611459e-32,8.4225977221218723e-32,2.1328488259217993e-25,8.758382271750968e-26,2.2334565780274052e-37,1.0871295264886838e-40,1.1740051625026025e-38,2.7756317072604937e-50,4.6555430587165621e-53,3.5192400615595403e-52,-2.3741479607855024e-86,2.9597793739182961e-73,4.2547255087896338e-38,1.2869562005468923e-31,2.461085807164909e-31,6.7324348265944932e-36,1.3158459379092029e-44,2.8475809662658585e-31,4.7549463358388315e-35,1.868989059278756e-53,6.264033153787363e-23,1.3910798153017923e-28,6.6886332846630501e-30,9.8976104186812903e-36,2.8908942550667026e-52,1.9429752128714124e-52,8.4646841804371984e-47,0.88168480800000004,0.0,0.0094599999999999997,0.10885,2.2541071139947379e-20,2.316427868193852e-20,7.7130791952742128e-20,3.8814807262007058e-21,3.2503432290802418e-21,1.6194756509432655e-21,2.7636412916400688e-19,2.8023427475684441e-19,1.3380688104597368e-19,1.1376207716439648e-19,2.2281930137838665e-19,5.616085260519375e-20,7.5332475288085393e-22,1.1875530860417012e-22,3.378558904251733e-22,1.0054640994890563e-22,5.8047192962503349e-22,1.6062866353976493e-21,1.1179976295650612e-19,4.2888203818561245e-21,3.5064461563109913e-20
2.68435455e-07,0.002778223677665735,1.5217318343897469e-24,2.760553856750234e-26,3.654603482348971e-23,3.7922491344579981e-25,3.7036567488426169e-23,0.0,0.0,6.5894408410889938e-19,1.3525641553105892e-23,4.3946815391968911e-33,-5.2847844473841353e-35,2.9431858151293252e-45,5.5716387406472235e-23,1.3628555912088746e-34,3.7523217486685564e-20,5.2242830886122843e-23,-8.6897047799431933e-37,-2.620996654730272e-38,2.1765176282106715e-20,1.5482277264012523e-37,1.5662516256301553e-40,4.4437634692021256e-32,3.3943886305466379e-27,1.9736839887215186e-41,2.5742902104837716e-19,1.0529839963145259e-35,2.6528341744274572e-20,5.3230831297877155e-38,5.7586313727786932e-57,-9.1020950407220701e-37,-7.6449793530501733e-63,1.3310055497467738e-23,7.4110570840033436e-29,2.1042861088293824e-24,1.7374365689533763e-23,1.7520649310556243e-27,5.595934322353643e-19,2.025349987135165e-34,2.0648939415116641e-37,7.4510813151605612e-32,3.3325759131679236e-31,4.683380997066659e-25,9.2216867590898479e-26,9.8978066038324686e-37,2.4189049713507186e-40,5.240969259773343e-38,7.045730882933594e-50,6.2424767123980095e-52,2.4244090433529668e-51,-3.8196827718496173e-86,1.2987855320920415e-72,3.3089115592308265e-37,4.5325694818866523e-31,1.7679908099175493e-30,1.4689016201011242e-35,2.8993148463634039e-44,1.3417256864303481e-30,2.127300231208276e-34,8.3436761197053284e-53,2.6670130839513994e-22,1.4036810539803464e-28,1.4056438998935934e-29,2.3074408916298687e-35,1.3625918592707158e-51,3.5081661572872503e-51,3.787298206621603e-46,0.88168480800000004,0.0,0.0094599999999999979,0.10885,2.2811565543371804e-20,2.3551715262440997e-20,8.3006756550439754e-20,4.2914693096880627e-21,3.5380930718693392e-21,1.7623727760526227e-21,5.745726159752994e-19,5.8320416688204257e-19,2.7176132126719882e-19,2.3054438644407805e-19,5.1683686487015259e-19,1.1375963330850376e-19,1.6268803936724484e-21,2.9155292369861738e-22,1.515694924881035e-21,2.5413317340319519e-22,1.5557899875351771e-21,3.7839460704075975e-21,1.7921771022041541e-19,7.9222551354994628e-21,1.1328476390067795e-19
