Time (s),Volume (m^3),H(4),O(5),OH(6),H2(7),H2O(8),Ar(9),He(10),HO2(11),H2O2(12),CO(13),CO2(14),HCO(15),C(T)(16),CH(17),CH2(T)(18),CH3(19),CH2O(20),HCCO(21),C2H(22),C2H2(23),H2CC(24),CH2(S)(25),CH3OH(26),CH3O(27),CH2CO(28),C2H3(29),C2H4(30),C2H6(31),C2H5(32),CH2OH(33),CH3CO(34),CH2CHO(35),CH3CHO(36),HOCO(37),HCOH(38),CH3OO(39),CH3OOH(40),CH2OOH(41),C2H5O(42),C2H5O2(43),H2CC(44),C2H4O(45),C2H5O(46),cC2H4O(47),C2H5O2(48),C2H3O2(49),CHCHO(50),OCHCHO(51),HCCOH(52),CHCHOH(53),C2(54),C2O(55),C2H6O(56),C2H5O(57),C2H5O3(58),cC2H3O(59),HOCHO(60),C2H3O3(61),OCHCO(62),C2H6O2(63),C2H5O2(64),C2H4O2(65),HOCH2O(66),OCHO(67),C2H4O3(68),C2H3O2(69),N2,Ne,C7H16(1),O2(2),CH4(3),C4H9(99),C5H11(101),C3H7(100),S(160),S(162),S(161),S(177),C7H15(105),S(194)
0.0,0.002280942759401671,0.0,0.0,0.0,0.0,0.0,0.0,0.0,0.0,0.0,0.0,0.0,0.0,0.0,0.0,0.0,0.0,0.0,0.0,0.0,0.0,0.0,0.0,0.0,0.0,0.0,0.0,0.0,0.0,0.0,0.0,0.0,0.0,0.0,0.0,0.0,0.0,0.0,0.0,0.0,0.0,0.0,0.0,0.0,0.0,0.0,0.0,0.0,0.0,0.0,0.0,0.0,0.0,0.0,0.0,0.0,0.0,0.0,0.0,0.0,0.0,0.0,0.0,0.0,0.0,0.0,0.0,0.88168480800000004,0.0,0.0094599999999999997,0.10885,0.001,0.0,0.0,0.0,0.0,0.0,0.0,0.0,0.0,0.0
1e-15,0.002280942759401671,2.8953971732223643e-36,7.1938094845779962e-45,2.4292937956218763e-41,5.3362796817438652e-46,3.3420537581250387e-51,0.0,0.0,1.4867429932934105e-28,1.90740737379653e-42,1.7742954630128327e-51,2.1514348365662897e-58,5.5140399775708647e-61,1.4081102648263021e-79,6.831381636545074e-66,2.753586709881956e-51,1.4274687459992146e-28,2.4292877580472537e-41,-9.10675329795638e-109,-2.632608572500049e-114,3.2839353605862606e-71,4.1304548422587225e-69,5.3114587146276578e-46,5.9026876066105745e-57,6.1518769274503378e-45,2.3018499609620312e-77,1.147948466732529e-65,4.3392339205414397e-39,4.7537968215643012e-44,1.2217335009158273e-30,7.8401331660207888e-57,1.0121336308404187e-78,3.1939227153566805e-73,2.9860024432777565e-58,7.4837655913834358e-96,5.937401562234415e-72,5.7865292022326554e-36,2.9972850044791848e-49,4.1494634121502855e-53,5.0716687700398174e-59,1.4095911115515897e-37,1.646844602678174e-79,5.4009179054734806e-79,6.725328364438904e-71,1.9083181808184923e-61,2.7553214051996988e-53,1.7069885698824132e-72,8.0178240008654886e-75,5.8351622235293236e-74,2.3879572207501223e-116,2.2765445722247624e-107,3.2053314201947547e-160,0.0,6.4963482757412671e-72,2.1910522592319792e-69,1.461177106947755e-77,8.5090947113958571e-89,6.2528875400698334e-72,1.176178243221171e-85,9.6323529248985106e-94,1.7242017757222388e-49,3.7167242881371677e-54,8.1619709576703909e-67,1.088663744634034e-65,6.2053608839977493e-100,-3.7590414491397103e-112,-6.5320562552600764e-101,0.88168480800000004,0.0,0.0094599999999999997,0.10885,0.001,1.0900055027743358e-30,1.221733591606759e-30,1.0900055140472799e-30,4.8713699243595814e-38,3.7442618841697206e-38,5.4600791084543784e-38,1.1712057244632831e-48,5.9274218339326899e-30,6.5591406209846731e-49
3.0000000000000002e-15,0.002280942759401671,9.513446928862306e-36,4.4048494385590316e-44,1.596393037462021e-40,1.7614895935263366e-45,3.1510792188205624e-50,0.0,0.0,4.8850126923921737e-28,1.2534391313678906e-41,1.1659613133538578e-50,2.0284903420105448e-57,5.1989516675237915e-60,1.3276425529893097e-78,4.4891932104749377e-65,1.8094929764168735e-50,4.6902542610067735e-28,1.5963890700087055e-40,5.3859739359776642e-107,1.4867100940443643e-112,3.0963867826817271e-70,3.8944274952412241e-68,1.7451786730779632e-45,5.5653911029291945e-56,4.0426619089643396e-44,2.8401617119656527e-76,1.0823512194422296e-64,2.8514964290047676e-38,3.1239234640738719e-43,4.0142667399031469e-30,7.3921250863316342e-56,1.5326361967126543e-77,3.9239616628359597e-72,3.6684486502653696e-57,1.3480357305945188e-94,5.5998544040857195e-71,3.8025762658711692e-35,2.8260115409488751e-48,3.9123034095221377e-52,4.7850495886010977e-58,9.2630268255179404e-37,1.0822121139108203e-78,8.1819298950621462e-78,8.2667765961562472e-70,2.3445051243969593e-60,2.5978743678742455e-52,2.0971571002805802e-71,9.8503460026793311e-74,7.1689126350338608e-73,4.9821024105563034e-115,4.0992119896019512e-106,-3.9192226527979534e-158,3.0209137904882853e-131,7.9991122084813046e-71,2.6932423571848278e-68,2.2135587186693229e-76,1.2885199312008635e-87,9.4685852067774309e-71,2.1170937597327934e-84,1.4585802548086346e-92,1.6256759013804093e-48,3.504254609308405e-53,1.0027564023537153e-65,1.3374884503869099e-64,1.1169627338684179e-98,1.9010096142856411e-110,3.692193525375573e-99,0.88168480800000004,0.0,0.0094599999999999997,0.10885,0.001,3.5814464919088525e-30,4.0142673358720851e-30,3.5814465659881995e-30,3.2011858880539068e-37,2.4605149157059654e-37,3.5880519158118912e-37,1.1042796654518559e-47,1.9475814597606325e-29,6.1843324942822343e-48
7e-15,0.002280942759401671,2.1095028535755699e-35,2.2901752433732012e-43,8.6760481181982308e-40,3.9582943885211913e-45,5.0894697996174671e-49,0.0,0.0,1.0831984666655453e-27,6.8121691927786009e-41,6.336595028925515e-50,3.2762398822792879e-56,8.3970900538283441e-59,2.1442806938609313e-77,2.439777375408024e-64,9.8339583073868985e-50,1.040012779006923e-27,8.6760265593371875e-40,1.0391202446318704e-105,1.2633172968964381e-110,5.0026863456823121e-69,6.2900703938186263e-67,3.8696481100080998e-45,8.9889488505071616e-55,2.1970986091799577e-43,1.5105070089999799e-74,1.7481583687595409e-63,1.5497257990013562e-37,1.6977839201061997e-42,8.9011970904836299e-30,1.1939395072109071e-54,2.5305884082578699e-75,1.9847913418338108e-70,1.8551358460092293e-55,7.499782742957983e-92,9.0450820170260785e-70,2.0666172987657221e-34,4.5644363082029194e-47,6.3182550896862423e-51,7.7265148595195582e-57,5.0342520156549645e-36,5.8815856085189998e-78,1.3512343195372495e-75,4.1809886099280917e-68,1.185882985871033e-58,4.1959592426567099e-51,1.0607695899145093e-69,4.9816927663972669e-72,3.6261302500163026e-71,9.5811138224501488e-112,2.2823365121197359e-103,4.8411402870526169e-155,2.8856056395415541e-129,4.0420442041444709e-69,1.3621286459851676e-66,3.6556621659956206e-74,2.1279997345252788e-85,1.5635655399776796e-68,1.1784135580321624e-81,2.4080405986365706e-90,2.6257120278952065e-47,5.6586376460349636e-52,5.0720800059261091e-64,6.7644308308091854e-63,6.2176778282612945e-96,2.9519991858482808e-107,3.2140082976112058e-97,0.88168480800000004,0.0,0.0094599999999999997,0.10885,0.001,7.9414672781691005e-30,8.9012003294437457e-30,7.941467680774157e-30,1.739774719048316e-36,1.3372362372699252e-36,1.9500279684645754e-36,1.7835787140400506e-46,4.3185501936389721e-29,9.9886326478781375e-47
1.5e-14,0.002280942759401671,4.4258173712478691e-35,9.9653962257635343e-43,3.8382829537300836e-39,8.5104676301061248e-45,4.73330156181472e-48,0.0,0.0,2.2725928617955626e-27,3.0137036512981231e-40,2.8031985008081252e-49,3.046848753467678e-55,7.8094445683118011e-58,1.9941290791580555e-76,1.07935637668206e-63,4.3503648399458202e-49,2.1819871144726221e-27,3.8382734185777786e-39,1.8632083659377268e-104,4.7028152158158802e-109,4.6548575917739564e-68,5.8498541846698195e-66,8.1182967017314279e-45,8.3598895881678996e-54,9.719962377504974e-43,3.1181150242799647e-73,1.6258159325880458e-62,6.8559831051214898e-37,7.5109918644936813e-42,1.867504849289911e-29,1.1103851262917047e-53,9.9248258286278211e-74,3.8172691817243231e-69,3.5667160919162246e-54,5.9478109498593318e-90,8.4145838159035039e-69,9.1427131877662632e-34,4.2450106533343094e-46,5.8750634029962195e-50,7.1872070911185455e-56,2.227151846896201e-35,2.6020120211593708e-77,5.3021522002156662e-74,8.0426108523328514e-67,2.2807652800768163e-57,3.9023186612763031e-50,2.0401353555526726e-68,9.5789516619480051e-71,6.9739904044702411e-70,1.5290761834980613e-109,1.8107516390733016e-101,7.1445502725212371e-153,1.3315224613491663e-127,7.7750550248722814e-68,2.6202097500142727e-65,1.4344575976650105e-72,8.3486312846070491e-84,6.1332122706131467e-67,9.3445788944236163e-80,9.4426544398143881e-89,2.4419601831836145e-46,5.2607950431933419e-51,9.7549455663967612e-63,1.3007562673826616e-61,4.9310339821158338e-94,4.5370426056801409e-105,1.2948334365676195e-95,0.88168480800000004,0.0,0.0094599999999999997,0.10885,0.001,1.6661505732923808e-29,1.8675062822047641e-29,1.6661507514047912e-29,7.6967617394601378e-36,5.9159321585880564e-36,8.6269219198400289e-36,1.6587612865661048e-45,9.060487662172687e-29,9.2896137959349728e-46
3.1e-14,0.002280942759401671,9.0584391917781759e-35,4.1219189267059558e-42,1.5998623693217458e-38,1.8249067732314074e-44,3.9948974880561031e-47,0.0,0.0,4.6513816531650413e-27,1.2561639996568501e-39,1.1683312572037106e-48,2.5713434515149941e-54,6.5911474613331639e-57,1.6828888836428719e-75,4.4989355118809508e-63,1.8131623211100195e-48,4.4659343040178125e-27,1.59985839693168e-38,3.187634220411326e-103,1.6294900835568294e-107,3.9324482516477254e-67,4.9372189230712659e-65,1.6614432915293884e-44,7.055730848547664e-53,4.0514475329085478e-42,6.0170492014515387e-72,1.3721791446982768e-61,2.8576896568864132e-36,3.1307083785009354e-41,3.8222714102818891e-29,9.3716157044573193e-53,3.3859029880320456e-72,6.4902024471203542e-68,6.0602042655428389e-53,4.0677149092336727e-88,7.1063766912772647e-68,3.8108401535709234e-33,3.5827808970160884e-45,4.9568332642734396e-49,6.0685890894311611e-55,9.2831453859948728e-35,1.0845625970465091e-76,1.8107689926236984e-72,1.3679900591831834e-65,3.8778203292723567e-56,3.2935470746570832e-49,3.4686815009272781e-67,1.62791585278376e-69,1.1857328052192664e-68,2.0952403472815531e-107,1.2393170423085092e-99,1.0282036923747514e-150,5.0561599312358423e-126,1.3224871425295835e-66,4.4567848504988571e-64,4.8989030949011611e-71,2.8500306015807473e-82,2.0930500801930494e-65,6.3889392798548875e-78,3.2203617236959635e-87,2.0610083551894057e-45,4.4370481008313845e-50,1.6585628761870643e-61,2.210836259112155e-60,3.3721151325939592e-92,6.3401409961377967e-103,5.8007348943287059e-94,0.88168480800000004,0.0,0.0094599999999999997,0.10885,0.001,3.4101570171378984e-29,3.8222773829107722e-29,3.4101577595408065e-29,3.2081425897340323e-35,2.4658624452653708e-35,3.5958493414561235e-35,1.3999912179581671e-44,1.854436260234826e-28,7.8404157843153065e-45
6.300000000000001e-14,0.002280942759401671,1.8323653973671385e-34,1.6734009600056444e-41,6.5195210615821941e-38,4.0263274514163427e-44,3.2696031823300997e-46,0.0,0.0,9.4089592403417591e-27,5.1189364230247535e-39,4.7602782805199468e-48,2.104190849591917e-53,5.3944760842703803e-56,1.3771031853546809e-74,1.8333331160967349e-62,7.3875556160602553e-48,9.0338227575710527e-27,6.5195048903341611e-38,5.2654012186264011e-102,5.4123306604250015e-106,3.2246260283683483e-66,4.0407648032410114e-64,3.3602062731843763e-44,5.7747263871437182e-52,1.6509856039526421e-41,1.2212841867473713e-70,1.1230424726737079e-60,1.164521499096329e-35,1.2757778650395881e-40,7.7317896543579949e-29,7.6701282244338163e-52,1.1108546044565888e-70,1.064782835128093e-66,9.9292860011645369e-52,2.6723824233796731e-86,5.8235555360443069e-67,1.5529368764241103e-32,2.932308497190831e-44,4.0541071595522779e-48,4.9710720844463655e-54,3.7829238526926117e-34,4.4196417846997705e-76,5.9534147973827769e-71,2.246201784778555e-64,6.3620011038905735e-55,2.695582596470715e-48,5.6907196411489664e-66,2.6684102885144727e-68,1.9453139332052611e-67,2.7579445389552385e-105,8.15404636630825e-98,1.4213434462901752e-148,1.9128283287438468e-124,2.1715020565582333e-65,7.317908018236733e-63,1.6106548746791398e-69,9.3626000193481302e-81,6.8713441947231035e-64,4.1947684854290502e-76,1.0558595541064297e-85,1.6868193720146929e-44,3.6265048614469894e-49,2.72105924287463e-60,3.6246856359455213e-59,2.2149912456991505e-90,8.4185139798589476e-101,3.6554379376121731e-92,0.88168480800000004,0.0,0.0094599999999999997,0.10885,0.001,6.8981649164143718e-29,7.7318139930717001e-29,6.8981679417421041e-29,1.3073344330025021e-34,1.0048516870056085e-34,1.4653269078428376e-34,1.1458153357495376e-43,3.7512112495131949e-28,6.4169468614091158e-44
1.2700000000000001e-13,0.002280942759401671,3.6853968101506343e-34,6.7403452283182822e-41,2.6309174720395301e-37,9.4439651198222455e-44,2.643397831862463e-45,0.0,0.0,1.8924114432446104e-26,2.0657221901590853e-38,1.920394953686575e-47,1.7006853087765353e-52,4.3612845944018045e-55,1.1129543063447856e-73,7.3982671586958258e-62,2.9802619965116114e-47,1.8169575962590459e-26,2.6309109594822128e-37,8.5519848816573751e-101,1.7676649063107168e-104,2.6169483162157175e-65,3.2667403942464333e-63,6.7558762068791193e-44,4.6687314119398513e-51,6.6624630720777103e-41,2.7321220304435485e-69,9.0793672961243679e-60,4.6993501031278439e-35,5.148317854724521e-40,1.5550766631331763e-28,6.2010837568344244e-51,3.5878673090304635e-69,1.7232090334950437e-65,1.6027042238535849e-50,1.728874453008335e-84,4.72014719360485e-66,6.2667928254905945e-32,2.3707029653133852e-43,3.2731550738128852e-47,4.0258920675711955e-53,1.5265740961494781e-33,1.7835174442091666e-75,1.9310035960368324e-69,3.6412532396482431e-63,1.0296204939323602e-53,2.1793091774336457e-47,9.2096695623952301e-65,4.3108848618599696e-67,3.1482321284653242e-66,3.5793222053674046e-103,5.2906756832700574e-96,1.9703218555203261e-146,7.6867839909015592e-123,3.5201894742242575e-64,1.1862820638799538e-61,5.2242088322501542e-68,3.0318084815081871e-79,2.222173173716686e-62,2.710351991510689e-74,3.4058508951505535e-84,1.3637504342279826e-43,2.9239372063860244e-48,4.4037376226708021e-59,5.8582772771063895e-58,1.4324152890072202e-88,1.0939329430148911e-98,3.4277967007821381e-90,0.88168480800000004,0.0,0.0094599999999999997,0.10885,0.001,1.3874160761366146e-28,1.5550864848453178e-28,1.3874172969895497e-28,5.2756766340768855e-34,4.0550255866868592e-34,5.9132466314587136e-34,9.2636456740693763e-43,7.5447612330429405e-28,5.1879502933680426e-43
2.55e-13,0.002280942759401671,7.3914134619115455e-34,2.7052284760648661e-40,1.0568961991104059e-36,2.4338375153883581e-43,2.1254654396438019e-44,0.0,0.0,3.7954424887657357e-26,8.2984755502642374e-38,7.7099078112689842e-47,1.3666531567929814e-51,3.5067216338791314e-54,8.9424337224807501e-73,2.9720034593278206e-61,1.1964760487863658e-46,3.6440987564772936e-26,1.0568935935296049e-36,1.3774594737509849e-99,5.7446240140590281e-103,2.1201379341055447e-64,2.6264750643155201e-62,1.3539800063861157e-43,3.7539665710374554e-50,2.6764548278054145e-40,6.8136922032796524e-68,7.3001359774000257e-59,1.8878193307179846e-34,2.0681783018636644e-39,3.1188482544189103e-28,4.9860209399448234e-50,1.14865226334304e-67,2.7721403555252642e-64,2.5648172295277698e-49,1.1099423866477796e-82,3.8145093140335245e-65,2.5175056435607154e-31,1.9062008776712664e-42,2.6246310618085969e-46,3.2481699176381726e-52,6.132541755109313e-33,7.1647326418799187e-75,6.2344560685510076e-68,5.8772583889746371e-62,1.6564085515576083e-52,1.7522973739509046e-46,1.4815665855337179e-63,6.910690379789519e-66,5.0645895376188829e-65,4.6229469830762382e-101,3.4165119264571959e-94,2.8361728211680502e-144,3.4105831831805639e-121,5.6819308918972265e-63,1.9147393752141911e-60,1.6867014185751884e-66,9.7565782801347123e-78,7.1324329412678166e-61,1.7356776571060132e-72,1.0875996186672224e-82,1.0965390442018671e-42,2.338263512896777e-47,7.084541051769454e-58,9.3992839922093974e-57,9.188922844213246e-87,1.4049464122853474e-96,3.9653982204794358e-88,0.88168480800000004,0.0,0.0094599999999999997,0.10885,0.001,2.7826072637321617e-28,3.1188877099966427e-28,2.7826121681475176e-28,2.1193522764793411e-33,1.6289918471716983e-33,2.3754777991950798e-33,7.4485733519284342e-42,1.5131861219994373e-27,4.1714504328738059e-42
5.11e-13,0.002280942759401671,1.4803262074805004e-33,1.0838793950179724e-39,4.2365340400924125e-36,7.0363329613514939e-43,1.7045988766376571e-43,0.0,0.0,7.601504608208143e-26,3.32643674213179e-37,3.0867044390512998e-46,1.0947439281152803e-50,2.8122902249113463e-53,7.1614023885599103e-72,1.1912860457092596e-60,4.7899583857566539e-46,7.2983431541648274e-26,4.2365236811118049e-36,2.208863467407541e-98,1.8725711806180923e-101,1.7258896924065845e-63,2.1060841601199661e-61,2.7078048459097702e-43,3.010637982399459e-49,1.072848173934592e-39,1.8609896003339472e-66,5.8541897377901778e-58,7.5671758502570664e-34,8.2901305660052494e-39,6.2462962234530675e-28,3.9986391503085931e-49,3.6480270317678047e-66,4.4469570436559083e-63,4.071837917401141e-48,7.0863125685273428e-81,3.0899912171812988e-64,1.0091339694188953e-30,1.5287512440023751e-41,2.093465987529314e-45,2.6227792412773806e-51,2.4581812790012922e-32,2.8719269338851718e-74,2.0134763757474738e-66,9.4907700119516041e-61,2.6573040429615289e-51,1.4053058327657174e-45,2.3766686736703367e-62,1.1008803449784302e-64,8.1244220064302786e-64,5.9719013511470333e-99,2.2067200892092685e-92,4.4013479131144692e-142,1.6900619649148083e-119,9.1755882395444814e-62,3.0919462922537705e-59,5.447416294573274e-65,3.1305450259936665e-76,2.276653194073974e-59,1.1026155333730718e-70,3.4368626935078904e-81,8.7940232709159251e-42,1.8550913942831323e-46,1.1365420422205717e-56,1.4998455492103008e-55,5.8573305869886617e-85,1.7874313544486153e-94,4.8840130097386472e-86,0.88168480800000004,0.0,0.0094599999999999997,0.10885,0.001,5.5729577137093004e-28,6.2464543770088354e-28,5.5729773727883911e-28,8.4953496476703515e-33,6.5297668800546811e-33,9.5220198837659269e-33,5.9736605442837601e-41,3.0306061273464249e-27,3.345451694435422e-41
1e-12,0.002280942759401671,2.8960345485975283e-33,4.1928018180955911e-39,1.639206052217823e-35,2.2030220149628691e-42,1.3116689456375854e-42,0.0,0.0,1.4871678062040161e-25,1.2870850017485724e-36,1.1914258401237582e-45,8.4041618368247245e-50,2.1639323234950399e-52,5.4948713072672236e-71,4.6090979092366825e-60,1.8487060556841379e-45,1.4278376055690338e-25,1.63920210942585e-35,3.3863590501613284e-97,5.9074808842537948e-100,1.3671549968520328e-62,1.6201198077413721e-60,5.2825631968136461e-43,2.3166506418749449e-48,4.1510798137851554e-39,5.1577686619866667e-65,4.5040645270253027e-57,2.9278367495900227e-33,3.2075570741326608e-38,1.2219846784733803e-27,3.0767648213378898e-48,1.0956208106864993e-64,6.8234289917958445e-62,6.1215987287202554e-47,4.2957254162463934e-79,2.4248331858048526e-63,3.9045563174758939e-30,1.1763562875197802e-40,1.5936413733575558e-44,2.0454063969741431e-50,9.5110163615573519e-32,1.1111851218499009e-73,6.250239683644517e-65,1.475456185155771e-59,4.0778661328791061e-50,1.081341135640701e-44,3.646765884086389e-61,1.6660965015652988e-63,1.2466174064002464e-62,7.4058994058348449e-97,1.3688500170755678e-90,7.3103265792195036e-140,8.7957833994384859e-118,1.4265303170612994e-60,4.8067114861482367e-58,1.69102273255225e-63,9.5935991730228679e-75,6.9051481194064957e-58,6.6192790961633766e-69,1.0222939751058715e-79,6.7667545565216552e-41,1.3975565252910359e-45,1.7441234528047706e-55,2.2774177154563368e-54,3.5395595329978587e-83,2.1465966146317622e-92,5.7712173622610116e-84,0.88168480800000004,0.0,0.0094599999999999997,0.10885,0.001,1.0902841103920401e-27,1.2220458693070249e-27,1.0902917168277579e-27,3.2870294793322243e-32,2.5265117342315365e-32,3.6842698016763768e-32,4.5966471613948127e-40,5.9291154648315365e-27,2.5742804531107199e-40
1.023e-12,0.002280942759401671,2.9626220574844233e-33,4.339029253127872e-39,1.696379285160149e-35,2.273545410735952e-42,1.3653454452968858e-42,0.0,0.0,1.5213628960686658e-25,1.3319769251295828e-36,1.2329460325839392e-45,8.7479585891771115e-50,2.2524848304952237e-52,5.7196377992374859e-71,4.7698538864578086e-60,1.9131300536258453e-45,1.4606680261692561e-25,1.6963752056431043e-35,3.5352463143303941e-97,6.1765302638497369e-100,1.4233411290300728e-62,1.686415844571179e-60,5.4036663503326422e-43,2.4114532950520511e-48,4.2958637150460206e-39,5.3916099772114627e-65,4.6883770990593817e-57,3.0299548289049088e-33,3.3194313326259921e-38,1.2500811330560914e-27,3.2026722259290178e-48,1.1454372369206156e-64,7.1234512118590257e-62,6.3903748914003034e-47,4.4944408205059141e-79,2.5243509434203835e-63,4.0407418266892089e-30,1.2244954833311288e-40,1.6587513525311884e-44,2.1292754253493318e-50,9.8427448010231788e-32,1.1499414119411317e-73,6.534747898490334e-65,1.5403899584805847e-59,4.2571690403584682e-50,1.1255919387171324e-44,3.8071120546069313e-61,1.7392829938813551e-63,1.3014304601542887e-62,7.7514252729584391e-97,1.4321956301066924e-90,7.6520959070355202e-140,9.2015418363869137e-118,1.4893111186917998e-60,5.0182511338153647e-58,1.7679974096503069e-63,1.0030107409055058e-74,7.2192219525352879e-58,6.9254292055396537e-69,1.0687608115229027e-79,7.0436647840817607e-41,1.4545648890432703e-45,1.8208121904681701e-55,2.3774810338455228e-54,3.7032869015539801e-83,2.2467205674436383e-92,6.0403680296224905e-84,0.88168480800000004,0.0,0.0094599999999999997,0.10885,0.001,1.115353091572992e-27,1.2501444581146756e-27,1.1153609633096089e-27,3.4016764605898919e-32,2.6146330145243779e-32,3.8127719687640967e-32,4.7847524077347478e-40,6.0654461698666239e-27,2.679625875450894e-40
2.047e-12,0.002280942759401671,5.9269182966028935e-33,1.7362801924058564e-38,6.7889182085765979e-35,8.0107629643109106e-42,1.0929221153959803e-41,0.0,0.0,3.0437878119963171e-25,5.3307051406292174e-36,4.9102341293706188e-45,6.9695958993908813e-49,1.8028986952162188e-51,4.5522088991693684e-70,1.9086935947216343e-59,7.6178087540087673e-45,2.9222747750545657e-25,6.7889024297092319e-35,5.6764525097635592e-96,2.0886719097185862e-98,1.2048634896833051e-61,1.3491139948177456e-59,1.0748645507607588e-42,1.9303029044876768e-47,1.7192065129027373e-38,1.6041722868396497e-63,3.75180288065603e-56,1.2125339451794985e-32,1.328377229659928e-37,2.5008318406422257e-27,2.5634156283815585e-47,3.5258636923522249e-63,1.1401516713261187e-60,9.8295468623463155e-46,2.8198967102580179e-77,2.0996583692905149e-62,1.6171069865885665e-29,9.801756014791406e-40,1.2997469469662471e-43,1.7500315251402297e-49,3.9388909550361799e-31,4.6018606734653322e-73,2.1455562961978794e-63,2.529813043311845e-58,6.815493531251657e-49,9.0096350183309893e-44,6.09350027592307e-60,2.7094615486326259e-62,2.0830273765835287e-61,1.0176268494025923e-94,9.4019397105203537e-89,1.5325537223467556e-137,5.3376211782792684e-116,2.4461762818139532e-59,8.2412406157308426e-57,5.80510624611196e-62,3.210956917521931e-73,2.2644842756760376e-56,4.2649188612991038e-67,3.2312032591025785e-78,5.6380223085527899e-40,1.1171456856286769e-44,2.9150201902018482e-54,3.7274480188374351e-53,2.3089863525040465e-81,2.7677593290854899e-90,7.2995817968382339e-82,0.88168480800000004,0.0,0.0094599999999999997,0.10885,0.001,2.2314166551412694e-27,2.5010852496078374e-27,2.2314481571624413e-27,1.3613493657803782e-31,1.0463812852921185e-31,1.525869610330242e-31,3.8300399249197378e-39,1.2135126382207211e-26,2.1449586971862268e-39
4.095e-12,0.002280942759401671,1.185432916651317e-32,6.9462046485154203e-38,2.7161496047591581e-34,2.9872701547204242e-41,8.7456633697827165e-41,0.0,0.0,6.0886378255351437e-25,2.1328408903663504e-35,1.9455573710987531e-44,5.52516863409848e-48,1.4424489066113092e-50,3.6013601845594089e-69,7.6347775613740666e-59,3.0173568352149589e-44,5.8452456024921495e-25,2.7161437298099064e-34,9.3246067697487157e-95,7.3903321845554852e-97,1.0689059980374614e-60,1.0782691683229549e-58,2.1254842958879974e-42,1.5446457329185799e-46,6.878298703594291e-38,4.7593366206605068e-62,3.000442127360673e-55,4.8507321318317419e-32,5.3141618007511185e-37,5.0017241488266504e-27,2.0508897419799237e-46,1.0474401373170895e-61,1.8237207409097977e-59,1.4584727725774957e-44,1.7347109920778598e-75,1.8065639124142797e-61,6.4698160498795046e-29,7.8434565483109806e-39,9.9784288294911511e-43,1.4733651620514097e-48,1.5757499693679809e-30,1.8409705991140427e-72,7.2072900345651554e-62,4.2523973497523997e-57,1.0906902852748098e-47,7.2089142030899188e-43,9.746766629101016e-59,4.1138319863340212e-61,3.3319153191767881e-60,1.3663412215625347e-92,6.3129475310977358e-87,3.5717202783584947e-135,3.1984321722671106e-114,4.1126607684395424e-58,1.385169643391743e-55,1.9501904997078655e-60,1.0273044203754937e-71,6.9638097335663941e-55,2.5354894379747275e-65,9.3020323106777262e-77,4.5112118503815887e-39,8.2667681684768249e-44,4.6649361315476559e-53,5.7276045821038788e-52,1.4028715468551446e-79,3.2904996449812451e-88,8.3877520190828294e-80,0.88168480800000004,0.0,0.0094599999999999997,0.10885,0.001,4.4633394936336771e-27,5.0027378562158783e-27,4.4634655230797952e-27,5.4465393999604681e-31,4.1864536593582904e-31,6.104758461829565e-31,3.0647931670563787e-38,2.4274487316051579e-26,1.7164006987789387e-38
8.191e-12,0.002280942759401671,2.3704426354126102e-32,2.7784979469304337e-37,1.0864986364235601e-33,1.1513004038914745e-40,6.9969779462434845e-40,0.0,0.0,1.2178338578992921e-24,8.5324809574953706e-35,7.6349406002373218e-44,4.3394425470961552e-47,1.1536375018626601e-49,2.816899630276844e-68,3.0527135908277221e-58,1.1833068940897967e-43,1.1690216737191723e-24,1.0864966366764036e-33,1.6713799598604956e-93,2.8125405759708675e-95,1.0225170850156234e-59,8.6059034894905706e-58,4.1557041447523656e-42,1.2357949072686519e-45,2.7514161205337553e-37,1.3661167237313131e-60,2.3976552050514217e-54,1.9400072941960226e-31,2.1253515254948834e-36,1.0001073523497432e-26,1.6402104944665134e-45,2.9297609998497973e-60,2.9148509632551299e-58,2.0358656340323776e-43,1.0296131604282397e-73,1.6475642778394079e-60,2.5880196470579479e-28,6.2751682057637165e-38,7.3816306350941004e-42,1.2954953470005686e-47,6.3020711585464428e-30,7.3627986324948257e-72,2.5235434955868253e-60,7.4551007886798338e-56,1.7449222165859877e-46,5.7664144726144481e-42,1.5578107406487153e-57,5.9676919501408268e-60,5.3254601557399751e-59,1.9110377169758393e-90,4.4161384674966404e-85,9.6843149619542662e-133,1.9271250106804818e-112,7.2131383537067236e-57,2.428022716536374e-54,6.8294365008102517e-59,3.2844141481610739e-70,2.0659015351236321e-53,1.4198834883416477e-63,2.4765914554141407e-75,3.6085835739854567e-38,5.7434951838548162e-43,7.4631183616049546e-52,8.4853751298601198e-51,8.125772210298187e-78,3.6838477437147171e-86,8.8088122771568397e-78,0.88168480800000004,0.0,0.0094599999999999997,0.10885,0.001,8.9263681656084156e-27,1.0005127331563371e-26,8.9268722561209786e-27,2.1786729421322338e-30,1.6746660415309041e-30,2.4419675410874974e-30,2.4519272079582729e-37,4.8553211220092567e-26,1.3731843433183095e-37
1e-11,0.002280942759401671,2.8933856525836427e-32,4.6188380736515293e-37,1.8061575623788194e-33,1.8944129781337224e-40,1.7811488644934686e-39,0.0,0.0,1.4867857936534326e-24,1.4185535391266993e-34,1.2445024042439552e-43,1.0774884654710059e-46,2.9353011149895146e-49,6.955288117658593e-68,5.0724199239719117e-58,1.9274495057062226e-43,1.4270793545399201e-24,1.8061548567359501e-33,9.5422446821644309e-93,2.8299258895881696e-94,3.1920242147204378e-59,2.1834156941786986e-57,4.9937222542033864e-42,3.1458338875256871e-45,4.57385567418455e-37,9.1601509904876675e-60,6.0934200272706056e-54,3.2243743733929619e-31,3.5324237179289298e-36,1.2206889170394482e-26,4.1731762444324754e-45,1.8805318182071065e-59,1.2545555408626225e-57,7.309829889974646e-43,1.3497746378278319e-72,4.9082456535627864e-60,4.3022353359785719e-28,1.5974058209559994e-37,1.7073043940599444e-41,3.7099248925048524e-47,1.0474307533297714e-29,1.223728348759294e-71,2.2856431345139654e-59,3.6735581622981552e-55,7.52196383047477e-46,1.4675137192179004e-41,6.7047406790780976e-57,2.2393723584074803e-59,2.2921120034862711e-58,6.4622114481120318e-89,7.6420955670635133e-84,6.804160283628994e-131,2.6585405425940518e-111,3.5568800955839973e-56,1.1961040273653824e-53,6.1873892753571104e-58,2.5720529326131501e-69,1.4338905326431408e-52,1.7148899944692874e-62,1.5006074707802296e-74,9.1838240828567304e-38,1.2488597875605449e-42,3.2171810207104602e-51,3.2695583024755107e-50,1.0191385168715958e-76,8.6050180670234439e-85,1.8385799613409936e-76,0.88168480800000004,0.0,0.0094599999999999997,0.10885,0.001,1.0896745124920677e-26,1.221362602148695e-26,1.089758302751444e-26,3.6217137620521746e-30,2.7839503751892876e-30,4.0594012640064193e-30,6.2413931658127155e-37,5.9275920914369578e-26,3.4954897014717714e-37
1.6383e-11,0.002280942759401671,4.7385737557360462e-32,1.1112420731949345e-36,4.3454516057024337e-33,4.5164624869166229e-40,5.5970151878625049e-39,0.0,0.0,2.4357742988599985e-24,3.4132161400534113e-34,2.9417253236235483e-43,3.3482141135030414e-46,9.2218455276974812e-49,2.1557462642234436e-67,1.2198890639538167e-57,4.5531334691930337e-43,2.3376278214712814e-24,4.3454464093285885e-33,3.7314345026258383e-92,1.1822834846801593e-93,1.0847062362263735e-58,6.8509636093809086e-57,7.9506429798119369e-42,9.8853467736399172e-45,1.1004276719487485e-36,3.6661157471806494e-59,1.9133810773663652e-53,7.756223498055238e-31,8.4972340022332492e-36,1.9990040786836635e-26,1.3110666781763992e-44,7.4821725862622921e-59,4.6527195250972084e-57,2.5918848046790282e-42,5.7491165023682975e-72,1.6413458047837146e-59,1.0350791854707337e-27,5.0196288665188278e-37,5.1268893099825856e-41,1.2229164134602052e-46,2.519591327129513e-29,2.9436751055360346e-71,9.4600391070786766e-59,1.4005084373760172e-54,2.7906074732327772e-45,4.6109287064473384e-41,2.4865522214177448e-56,8.0352463174677623e-59,8.5006856357936391e-58,2.8589619020557247e-88,3.3048770426523581e-83,3.0470719303188029e-130,1.1359137772588784e-110,1.3562087082284742e-55,4.5597994981824462e-53,2.5609653745305823e-57,1.0488566099057874e-68,5.7643815884705294e-52,7.2648243250878497e-62,5.9215965033945763e-74,2.8855886088453926e-37,3.6288482055508304e-42,1.1935565766416604e-50,1.1812054543112027e-49,4.3284216086394561e-76,3.7667721387641189e-84,8.0151357411025377e-76,0.88168480800000004,0.0,0.0094599999999999997,0.10885,0.001,1.7849158685611748e-26,2.0006244671449469e-26,1.7851174433708165e-26,8.7134382250422096e-30,6.6980255005300599e-30,9.7664656384627365e-30,1.9612405442752946e-36,9.7110667171180079e-26,1.0983977872336083e-36
3.2767e-11,0.002280942759401671,9.4672947379624102e-32,4.4433724931192319e-36,1.7375760065156351e-32,1.7876278912884728e-39,4.4761925838471728e-38,0.0,0.0,4.8716563395992126e-24,1.3653314787979118e-33,1.0955901261690754e-42,2.4996950810266997e-45,7.3650496348999692e-48,1.5835152536518637e-66,4.869530825399846e-57,1.6911540865429015e-42,4.6732888305993619e-24,1.7375761688025748e-32,1.1208047699549154e-90,5.5396991908937785e-92,1.2912176835649599e-57,5.4268357026128333e-56,1.4608893332356333e-41,7.9057529708920728e-44,4.4001692461628619e-36,8.8900622138126183e-58,1.5229880848645567e-52,3.0991454224699473e-30,3.395227884648435e-35,3.9929125068327074e-26,1.0469745701142886e-43,1.702399604918527e-57,7.4083165224375794e-56,2.9371382225757514e-41,2.9254112807216981e-70,1.8296852042450898e-58,4.1388817254602822e-27,4.0144346931939932e-36,3.238209789195031e-40,1.2761436537823358e-45,1.0067495528152245e-28,1.1762009218597516e-70,3.9083650552296811e-57,2.9022349179178959e-53,4.4603727869398905e-44,3.6848016734891632e-40,3.9590887383829366e-55,9.7312052576592446e-58,1.3535352933380546e-56,4.7074951224448203e-86,2.7225380003702355e-81,1.0991598981280098e-127,6.3154149723981176e-109,2.8153281996792502e-54,9.44312886804376e-52,1.0587081183405289e-55,3.3421896735350872e-67,1.4654384609649807e-50,3.3139295156475442e-60,1.2540775725891795e-72,2.3061646717170908e-36,2.03447646225489e-41,1.9077234348084057e-49,1.4960031631084782e-48,2.0167721034535226e-74,3.4327301353182876e-82,5.9839110114309967e-74,0.88168480800000004,0.0,0.0094599999999999997,0.10885,0.001,3.5681681991585351e-26,3.9993843625461643e-26,3.5689739285153107e-26,3.4840311290897038e-29,2.6784366467263287e-29,3.9050800586962542e-29,1.5683311467986105e-35,1.9422561162616175e-25,8.7837827550706705e-36
6.5535e-11,0.002280942759401671,1.8894667447184369e-31,1.776005894196148e-35,6.94513138284549e-32,7.1029591191327505e-39,3.578480282908897e-37,0.0,0.0,9.7434250383485979e-24,5.4614181731875712e-33,3.8466381425489837e-42,1.7618850765995302e-44,5.8719033470187338e-47,1.0810401165423819e-65,1.9397364612581823e-56,5.9053842909716074e-42,9.3384139354160507e-24,6.9451499377202978e-32,4.0470041463778885e-89,2.8361163563445078e-90,1.7003723134447988e-56,4.257135400328774e-55,2.5013805614705872e-41,6.3202056354957871e-43,1.7587495670342471e-35,1.9085706236503112e-56,1.2061257779647404e-51,1.236930596690562e-29,1.3551011921319073e-34,7.9652495890324583e-26,8.3453920493462255e-43,3.4405506676972361e-56,1.17386604954383e-54,2.9573373637936302e-40,1.3205163187751453e-68,2.2884604131517799e-57,1.6543247327057688e-26,3.2093366963059031e-35,1.8151203741811493e-39,1.495646579824112e-44,4.0181322190517244e-28,4.6944518884326304e-70,1.8085014546060716e-55,6.7409131218821662e-52,7.1214859349109113e-43,2.9413858792005488e-39,6.2728417774801761e-54,1.0402767732577844e-56,2.1446541919015121e-55,8.6653604695775277e-84,2.5073823146564895e-79,4.3974853808548506e-125,3.1338421315048351e-107,6.5622408296441221e-53,2.1905530873079168e-50,4.9049479174274745e-54,1.0604687950276604e-65,3.305580833279245e-49,1.3432655455859138e-58,2.3772354695589322e-71,1.8411474853237698e-35,1.0117963212371159e-40,3.0458946498863839e-48,1.6784867529214765e-47,7.7896600276523466e-73,2.7794772502651054e-80,3.5558955927463964e-72,0.88168480800000004,0.0,0.0094599999999999997,0.10885,0.001,7.129457404954834e-26,7.9910584244862402e-26,7.1326756124314178e-26,1.3924700643851659e-28,1.0707038435918629e-28,1.5607519030802997e-28,1.2535363158571354e-34,3.8845563059381581e-25,7.0211911920125631e-35
9.999999999999999e-11,0.002280942759401671,2.8747415470674039e-31,4.5722697612323801e-35,1.7880269908570452e-31,1.8218848715489491e-38,1.67305910130108e-36,0.0,0.0,1.4867504140172393e-23,1.4077908326164259e-32,8.3060114922144057e-42,6.8015567891907194e-44,2.7319171540434667e-46,3.9538322536651126e-65,4.9662838990779173e-56,1.2641992807855263e-41,1.4232136938328816e-23,1.7880392904082261e-31,8.4704372392267784e-88,8.1160595317365686e-89,1.34103594183554e-55,1.9253818740265823e-54,3.2030885885483903e-41,2.9548841001845262e-42,4.5278735298556105e-35,2.0043393096167174e-55,5.5453398554385066e-51,3.1769464399360478e-29,3.4804495730513525e-34,1.2110996313207861e-25,3.8812381250424261e-42,3.4760076963884633e-55,1.024518269157352e-53,1.5625995548399638e-39,2.8212071001481182e-67,1.7621576858413684e-56,4.2590834131573852e-26,1.5004784585245739e-34,5.6089255179863426e-39,1.0967007887804013e-43,1.0320192750893602e-27,1.2057282966651991e-69,4.9665486926632401e-54,9.4579026020703924e-51,6.3044089385804798e-42,1.3715045119479736e-38,5.4740381823688037e-53,5.6804059582424826e-56,1.8716094468248088e-54,9.31511254004916e-82,1.3543399629217763e-77,9.7530801510057189e-123,6.8909614556514973e-106,9.270859316886596e-52,3.0660937512959446e-49,1.350221369635924e-52,1.8050577614756624e-64,3.6124985713329116e-48,2.6573545209064766e-57,2.2866011556711353e-70,8.58701651284694e-35,2.8858384298279881e-40,2.6964267894404127e-47,9.5147248635506572e-47,1.3001201537190047e-71,1.0855428578181419e-78,9.1128908551125712e-71,0.88168480800000004,0.0,0.0094599999999999997,0.10885,0.001,1.086424076268596e-25,1.2177193595614594e-25,1.0872516360193585e-25,3.5844790056606113e-28,2.7570622263211955e-28,4.0176693749804747e-28,5.8585032845961314e-34,5.9274477083680817e-25,3.2818185665642063e-34
1.31071e-10,0.002280942759401671,3.7629897230077708e-31,7.0931667469478253e-35,2.7738551908651704e-31,2.8240082014442067e-38,2.8587525076408346e-36,0.0,0.0,1.9486980762042903e-23,2.1845874829664586e-32,1.2326240401178698e-41,1.1344938184284898e-43,4.665438320553337e-46,6.5437212567853903e-65,7.6947868858905393e-56,1.8715202244329717e-41,1.8643942173306402e-23,2.773876905982962e-31,1.5741886793174394e-87,1.5177193684639195e-88,2.3967185454527676e-55,3.2773677961365032e-54,3.8356947138736319e-41,5.0489996651572366e-42,7.0243032599824823e-35,3.639235781526109e-55,9.4572423826744676e-51,4.9259158949042912e-29,5.3965006261065718e-34,1.5848483516656406e-25,6.6279081423547601e-42,6.2995359179141825e-55,1.8423185865358651e-53,2.7047085885085943e-39,5.2455433704117468e-67,3.1444738357637037e-56,6.6073340140659073e-26,2.5638655508131271e-34,9.0291291919503985e-39,1.9505660642779894e-43,1.6001647060624025e-27,1.8695046623444501e-69,9.2809673655236224e-54,1.7376713006478609e-50,1.1345961852617111e-41,2.3427749783768572e-38,9.8434997717369308e-53,9.8635904615548175e-56,3.365563373493501e-54,1.7634783150244e-81,2.5527043392152801e-77,1.8506064648008865e-122,1.2820800495307644e-105,1.703715356766844e-51,5.6327651991108846e-49,2.5232581260129418e-52,3.3367556321786912e-64,6.5712443395848491e-48,4.9319229799923653e-57,4.1337120270012184e-70,1.4668574515289202e-34,4.5753310268402327e-40,4.8527238301495702e-47,1.6579275983102647e-46,2.4019831460013591e-71,2.0391273858563728e-78,1.7007801882618171e-70,0.88168480800000004,0.0,0.0094599999999999997,0.10885,0.001,1.4231234922211969e-25,1.5951091924415672e-25,1.4244069874591332e-25,5.5606261060340161e-28,4.2773535743491408e-28,6.2326376839725057e-28,1.0009988231228639e-33,7.7691618753461803e-25,5.607477685351795e-34
2.62143e-10,0.002280942759401671,7.4628308831229333e-31,2.8285920982755714e-34,1.1061848246844362e-30,1.120107748163398e-37,2.2805450429221294e-35,0.0,0.0,3.8974164388651979e-23,8.7384042588524705e-32,3.5094130398164115e-41,6.4701094511741163e-43,3.6818071542717958e-45,3.3241676017027713e-64,3.0275511685833908e-55,5.2100893390684075e-41,3.7156633440898924e-23,1.1062048963879102e-30,7.0600711708247725e-86,8.0131130868046287e-87,3.4807433159993177e-54,2.4356611131517216e-53,5.0952115300284346e-41,4.0277252665858473e-41,2.8011671178571305e-34,6.2768329318737944e-54,7.2732792846473149e-50,1.9531113296756936e-28,2.1396854573941321e-33,3.1372962503137985e-25,5.2261630271275569e-41,1.0734976420360747e-53,2.8382309535377631e-52,2.3149490386977895e-38,1.8525778501795852e-65,4.5990098766435431e-55,2.6349630567064176e-25,2.0453206793364074e-33,4.0873483873375288e-38,2.7495452658370189e-42,6.3445716904535358e-27,7.4125316282476397e-69,5.1119275613053756e-52,4.8149096357077496e-49,1.8000152044877044e-40,1.8578566926786265e-37,1.5160174216888609e-51,8.4585013604422568e-55,5.1834969760357217e-53,3.8277654395726601e-79,2.7712745778631497e-75,7.6766019545384012e-120,3.9431464686175903e-104,4.7882974527169941e-50,1.5532254675137451e-47,1.3963865526308393e-50,1.032859154812465e-62,1.1658604354767792e-46,1.6844262577799449e-55,6.7279862275249291e-69,1.1638876618894654e-33,1.941523870787412e-39,7.6987537854970018e-46,1.4613502773576266e-45,5.872162278598632e-70,1.3925000889947111e-76,6.8395327196335929e-69,0.88168480800000004,0.0,0.0094599999999999997,0.10885,0.001,2.8352070958717437e-25,3.1778443578549992e-25,2.8403109002483442e-25,2.2168544213370916e-27,1.7065667238313664e-27,2.4847673015679768e-27,7.9787282205437841e-33,1.5538393676841353e-24,4.470826569478345e-33
5.24287e-10,0.002280942759401671,1.4678386301068216e-30,1.1245519721534715e-33,4.3980802565551753e-30,4.4140779979824434e-37,1.8141760316314421e-34,0.0,0.0,7.7948811626489929e-23,3.495383375228002e-31,8.8751472872315154e-41,3.2267257140374067e-42,2.8671639660717247e-44,1.3519325557864699e-63,1.1722581810499708e-54,1.2595120544859551e-40,7.3792692603529644e-23,4.3982508578280534e-30,4.3838419902626396e-84,3.9039896931131583e-85,5.0142016927211977e-53,1.7002270085632673e-52,5.8740736892127791e-41,3.2039476271446265e-40,1.1136742407436082e-33,9.9236310770435622e-53,5.3921702208999807e-49,7.677695277950295e-28,8.411030922052858e-33,6.148322929273221e-25,4.0632311929571837e-40,1.7338797900209184e-52,4.2216723453102579e-51,1.8959050265148268e-37,5.8786895089982455e-64,6.9543432924011369e-54,1.0476559930732917e-24,1.6270852614017066e-32,1.7389432809756271e-37,4.0481140348413726e-41,2.494028665497857e-26,2.9138717396772679e-68,2.8950337351741374e-50,1.3765450372735279e-47,2.8320541591318255e-39,1.4607089695488116e-36,2.2534993367506825e-50,6.6483572958009815e-54,7.7051733469988624e-52,8.4349156712654249e-77,3.0536209350952054e-73,2.9112030095913451e-117,8.5003378010246711e-103,1.407622629723917e-48,4.3996802330297889e-46,7.9796609952091717e-49,3.09854674017519e-61,1.8729210039678815e-45,5.4503885216768006e-54,1.029194258005796e-67,9.1610570755391138e-33,7.9029747001888216e-39,1.2112835279514123e-44,1.1664887815175647e-44,1.161124819769498e-68,9.018421318700109e-75,2.4274721351677999e-67,0.88168480800000004,0.0,0.0094599999999999997,0.10885,0.001,5.6266698780619818e-25,6.3066580383551756e-25,5.6468465390494679e-25,8.8087436363172067e-27,6.7914774355059859e-27,9.8733206792203868e-27,6.3365484327463562e-32,3.1076939157854095e-24,3.5526058779973827e-32
9.999999999999999e-10,0.002280942759401671,2.7136602970954391e-30,4.1365118173681944e-33,1.6179542172630521e-29,1.5980776212872493e-36,1.3190233873789077e-33,0.0,0.0,1.4867710258536376e-22,1.3010110826698307e-30,1.9523338456047458e-40,1.3186586598417226e-41,2.0011855949532667e-43,4.0182864300995877e-63,4.1023469786825575e-54,2.5480791304434774e-40,1.3889258561412451e-22,1.6180821764259798e-29,3.3603212122888307e-82,1.4824122043359289e-83,6.2827173615491816e-52,9.8866416921929469e-52,6.1343738731996224e-41,2.3293162477853045e-39,4.0966555360757948e-33,1.3061927194045325e-51,3.444335089294903e-48,2.7644469641920389e-27,3.0284319358481237e-32,1.1291743137037623e-24,2.8274676805164824e-39,2.4294639934113301e-51,5.3880032516807996e-50,1.3780850516130454e-36,1.5151209334112658e-62,9.7024037823838949e-53,3.8542403433686212e-24,1.1830400379259673e-31,6.6181419311903083e-37,5.5110103419290351e-40,8.9798629803251327e-26,1.0491747318925065e-67,1.4621835819155181e-48,3.5392728352707365e-46,4.0046612995734471e-38,1.0383931360260908e-35,2.8716423766382438e-49,4.3753357913334545e-53,9.8188149948712318e-51,1.6153834135286751e-74,2.924838880067544e-71,8.3983909680644111e-115,1.1601580716575332e-101,3.8177427060027257e-47,1.1123752845614561e-44,4.0967862578294496e-47,7.9911216607742255e-60,2.4878502892424085e-44,1.5248987161390034e-52,1.3306803340974766e-66,6.5267530120494019e-32,2.894833197702526e-38,1.712813382824946e-43,7.7477770581486216e-44,1.7401189542086705e-67,5.0500136309026377e-73,7.1346385248437347e-66,0.88168480800000004,0.0,0.0094599999999999997,0.10885,0.001,1.0576360596459189e-24,1.1854524066300095e-24,1.0649769541150079e-24,3.2368398972323313e-26,2.502919841753558e-26,3.6280385815292858e-26,4.5920839565436598e-31,5.927504609728225e-24,2.5773735793686588e-31
1.0485750000000002e-09,0.002280942759401671,2.8408710049675649e-30,4.4440626925414738e-33,1.7382545900872895e-29,1.716185044415961e-36,1.4351841838429125e-33,0.0,0.0,1.5589916028260416e-22,1.3981658558114463e-30,2.0610624037953434e-40,1.4203586853736618e-41,2.1762498486307194e-43,4.2905475191275531e-63,4.4015380105547239e-54,2.6796545671345853e-40,1.4553992824085464e-22,1.7383938731380574e-29,3.6989668907549668e-82,1.6297947854976557e-83,6.8730449563697145e-52,1.0722555558867422e-51,6.160953095203564e-41,2.5344469907696603e-39,4.4012474148362281e-33,1.4294349001929526e-51,3.7409763627401931e-48,2.9683274687672457e-27,3.2517798338033017e-32,1.1816937185954002e-24,3.07469047464088e-39,2.6598316571075702e-51,5.8950641992122986e-50,1.4994420940226671e-36,1.6638270354338231e-62,1.0622104402687444e-52,4.1408203502542783e-24,1.2872259718504038e-31,7.1163563470969151e-37,6.0324037312939733e-40,9.6421307801177325e-26,1.1265523327278766e-67,1.6085308645306369e-48,3.8866116938991973e-46,4.3846587340534773e-38,1.1295080577601707e-35,3.1418549952064503e-49,4.7542145280921106e-53,1.0742735633665686e-50,1.7794687407815025e-74,3.2203757946148855e-71,9.2529770828265103e-115,1.2699419944091026e-101,4.1931987583288123e-47,1.2214672891406433e-44,4.5069606111593859e-47,8.7754549539188517e-60,2.7227600226807985e-44,1.6750405640852402e-52,1.4560468599660618e-66,7.0996555663539314e-32,3.1097271000601111e-38,1.875340159124308e-43,8.4197916510593808e-44,1.905946069273124e-67,5.5564612452531781e-73,7.8383687580887987e-66,0.88168480800000004,0.0,0.0094599999999999997,0.10885,0.001,1.1081772949382371e-24,1.2421016031639336e-24,1.11606174364715e-24,3.477407268304071e-26,2.6891450020292062e-26,3.8976808214900878e-26,4.9962787003851029e-31,6.2154351570503985e-24,2.8042732826886461e-31
2.0971510000000003e-09,0.002280942759401671,5.3325571623174463e-30,1.7357588819614342e-32,6.7906608404485869e-29,6.5014280339702081e-36,1.1231106674864629e-32,0.0,0.0,3.118036065796222e-22,5.5927470398038541e-30,4.6023127996731983e-40,5.5946674421599321e-41,1.574745128013466e-42,1.0611010037415909e-62,1.5614952320580128e-53,5.0951293725339148e-40,2.8318358254778022e-22,6.7917676850139885e-29,3.3165429560363457e-80,5.4227354525467816e-82,8.5287436940260312e-51,5.8529337175650286e-51,6.2232675116767243e-41,1.9830665162646495e-38,1.7191314310217356e-32,1.8229945178080378e-50,2.3231155658913966e-47,1.1124127153700852e-26,1.2185901369791074e-31,2.1897160905161171e-24,2.2127279694632651e-38,3.8087649823751607e-50,7.4162944212286107e-49,1.1404018429250944e-35,4.0710596054572677e-61,1.6041711937665891e-51,1.6177821036477739e-23,1.007400753275789e-30,2.8296273914242173e-36,8.8261149217093626e-39,3.6133404672659012e-25,4.2218763011912015e-67,8.3048050406841947e-47,1.0302099003810117e-44,6.586039886704815e-37,8.4649682016218254e-35,3.9364337086506231e-48,2.998048769432844e-52,1.3459666952296542e-49,3.3380519754316157e-72,3.0187103291479433e-69,2.2442446425920376e-112,1.3677699871055165e-100,1.2277596987491608e-45,3.1471094782062101e-43,2.3920277005386115e-45,2.2513460355431006e-58,3.514810359565331e-43,4.8085770024500752e-51,1.8377884566657432e-65,5.3444745141059513e-31,1.1757252730870655e-37,2.816881729040283e-42,5.3839102971673113e-43,2.6284755653996081e-66,3.2075194105014783e-71,2.3085289273263176e-64,0.88168480800000004,0.0,0.0094599999999999997,0.10885,0.001,2.1503578085032466e-24,2.4102310044618788e-24,2.1804767242827567e-24,1.3554089321677118e-25,1.0543101595199835e-25,1.5192313987036664e-25,3.8844359688669905e-30,1.2431041556452166e-23,2.1850285934955013e-30
4.194303e-09,0.002280942759401671,9.4707982572231943e-30,6.6295991263891856e-32,2.5945139810395255e-28,2.3498060289041925e-35,8.6085847468896604e-32,0.0,0.0,6.2362450016387434e-22,2.2371536887396462e-29,1.0218405391322011e-39,1.9697975266805584e-40,1.0477599728023964e-41,2.0756853434800693e-62,5.0221083528896849e-53,8.6071948777388601e-40,5.3690142640542597e-22,2.5953687981670987e-28,2.5810151295496805e-78,1.3570744949077096e-80,9.0697586357444458e-50,2.677493983636392e-50,6.2370237293471102e-41,1.519584072819738e-37,6.5663184871502726e-32,1.9725984952357162e-49,1.2237631931812109e-46,3.945843797703324e-26,4.322133273512398e-31,3.8033276781873778e-24,1.459138033969404e-37,4.895786842183537e-49,8.0280195173921379e-48,8.1975809336282354e-35,8.2154787988656998e-60,2.3326194349267605e-50,6.1820750137236219e-23,7.7228344799365159e-30,1.0908899010697334e-35,1.2234861745247488e-37,1.2815868682434917e-24,1.4975435094864036e-66,3.7312877069629025e-45,2.4043478141392383e-43,9.373446639417048e-36,5.9999981912469785e-34,4.2098686984230833e-47,1.5915181122832697e-51,1.4394698778016095e-48,5.0718275561319078e-70,2.2904267338634112e-67,3.7914120722662273e-110,1.1028780802625475e-99,3.410377076244078e-44,7.043145916858575e-42,1.1193819621912053e-43,4.9574721333297676e-57,3.9251741530084133e-42,1.2412101692656889e-49,1.9727298723708354e-64,3.8220013180475687e-30,4.1886121491713095e-37,4.0090693306984177e-41,2.9668834701028498e-42,3.0381365420903617e-65,1.6752131565388101e-69,6.0370111112116821e-63,0.88168480800000004,0.0,0.0094599999999999997,0.10885,0.001,4.0561003788389108e-24,4.5462864889488548e-24,4.1662551483261173e-24,5.1566903313035793e-25,4.0556315378738574e-25,5.7800329199246933e-25,2.9396892071237853e-29,2.4862715492119445e-23,1.660841490665349e-29
8.388607e-09,0.002280942759401671,1.5346537524439286e-29,2.4307729606577352e-31,9.5171674346856385e-28,7.8579235501895331e-35,6.3524850868099523e-31,0.0,0.0,1.2472983054795366e-21,8.9489349415103596e-29,1.5394546272955481e-38,-3.3296793994646606e-39,-1.460816102479627e-39,-1.260877221393352e-62,1.3861919753993345e-52,-6.2093729378447347e-40,9.7059768368368379e-22,9.5234985350366968e-28,2.5932777580246795e-65,1.4400064571570319e-39,-4.5986798918105831e-41,-1.6602705446551729e-39,6.2998457977049343e-41,1.1207091412381677e-36,2.4071878252077045e-31,1.7466724900558694e-48,5.2246868508009786e-46,1.2822459970324387e-25,1.4043298347993811e-30,5.9565429840634637e-24,8.3840344937553167e-37,5.3312937524090067e-48,7.294763349086702e-47,5.4158754383059689e-34,1.3047897674030044e-58,3.1363926884440485e-49,2.2684418432659846e-22,5.7005868722767596e-29,4.0206470511644611e-35,1.535593064629259e-36,4.1640534988375462e-24,4.8664605331234731e-66,1.3599653138641886e-43,4.5832556021889117e-42,1.2221119820130962e-34,3.8843289110775572e-33,3.6795437525578064e-46,6.8207012134798486e-51,1.2581488824347713e-47,5.5979179740913897e-68,1.2606380419022946e-65,-1.4832746525113817e-68,-1.6280724417711846e-93,8.5935309022158818e-43,1.2753045228743196e-40,4.2881682063459677e-42,8.8894442415661587e-56,3.7287324424836938e-41,2.7226276978329253e-48,1.7274096679049763e-63,2.5185437556192207e-29,1.3639437338786218e-36,5.2270331643253854e-40,1.3848644655060681e-41,2.936900613233458e-64,7.5381448763493809e-68,1.3329604229258429e-61,0.88168480800000004,0.0,0.0094599999999999997,0.10885,0.001,7.2659032975538752e-24,8.1440080203340871e-24,7.6376658136701882e-24,1.877458695688549e-24,1.5059780813267449e-24,2.104460285707381e-24,2.1169363077570564e-28,4.9727670357728345e-23,1.2063585196288335e-28
9.999999999999999e-09,0.002280942759401671,1.6588531160218019e-29,3.5615722370254762e-31,1.3946763736128546e-27,1.0865549295007625e-34,1.3574251164684797e-30,0.0,0.0,1.4869173724633976e-21,1.410631446881449e-28,1.0343147392059305e-38,-6.4671228568077205e-39,-3.9292036764801079e-39,-3.2354769483815731e-62,1.717003193473119e-52,-1.365889805095031e-39,1.0949369859457437e-21,1.3960306681926223e-27,5.2014502647829928e-65,1.1007370384147502e-39,-1.2952106578791982e-40,-1.9835878550198152e-39,6.2696482297732435e-41,2.3931056453878627e-36,3.52563291061344e-31,3.8254812885090663e-48,7.6352007697816147e-46,1.7468359751552647e-25,1.9129746383798221e-30,6.3706668006890398e-24,1.4430427276309689e-36,1.3228561794982835e-47,1.7055028500380271e-46,1.0516667946153001e-33,4.0827979737356114e-58,9.5770574653249388e-49,3.3252353484022158e-22,1.2185845633162927e-28,5.8995844431163619e-35,4.4259920011160923e-36,5.6722337052861183e-24,6.6296318385146496e-66,8.4074837687002547e-43,1.6526150188643669e-41,3.6897456948717977e-34,7.3854699593049025e-33,7.9382045698154416e-46,9.9757939068591817e-51,2.7143450691613889e-47,8.652758333437161e-67,1.0216501928822947e-64,2.1207754824328918e-69,3.0518228216269229e-92,4.2830802055740891e-42,4.4236431504073785e-40,2.7655049752781838e-41,3.1346624787069622e-55,8.7811393369931132e-41,1.1419214311208192e-47,3.7288475484424045e-63,4.8868232561500741e-29,1.8587714071830173e-36,1.5781224042697615e-39,2.1674699436856269e-41,6.9561167079245795e-64,6.0198790502348766e-67,5.6055641192059514e-61,0.88168480800000004,0.0,0.0094599999999999997,0.10885,0.001,8.1628157015071538e-24,9.1493230739626733e-24,8.6730012452510147e-24,2.7367203318718056e-24,2.2270761762691224e-24,3.0676805643642903e-24,4.3987365906624664e-28,5.9281399039368098e-23,2.5325334120274647e-28
1.6777215e-08,0.002280942759401671,2.1812122114320586e-29,8.3175006901021674e-31,3.2576810222667469e-27,2.3515055847516765e-34,4.3947637042285518e-30,0.0,0.0,2.4947099687133685e-21,3.5797279921152029e-28,-1.0902083452677407e-38,-1.9662618220606166e-38,-1.431077619934057e-38,-1.1540270930197622e-61,3.108332775578743e-52,-4.4990195468412013e-39,1.6178846370649739e-21,3.2620684830039057e-27,1.6170931847109626e-64,-3.2616614022725467e-40,-4.808504351249513e-40,-3.3433994748809629e-39,6.1426429552373806e-41,7.7445653289479143e-36,8.229601966882169e-31,1.2568558967888959e-47,1.7773367616369857e-45,3.7008137872617424e-25,4.0522387362736475e-30,8.1123934569995168e-24,3.9860414785141653e-36,4.6442981515778466e-47,5.8104862642221588e-46,3.1969639068696379e-33,1.5766576472264814e-57,3.6665278610538367e-48,7.7699094874309023e-22,3.9461620663313376e-28,1.3802040688611611e-34,1.658246471034509e-35,1.2015355164698175e-23,1.4045197760959813e-65,3.8048017012230458e-42,6.6755712024111536e-41,1.4068147619971206e-33,2.2110608785874283e-32,2.5849328653531041e-45,2.3245518628240511e-50,8.8388315473988184e-47,4.2690249002980366e-66,4.7883176087390739e-64,7.3424091093445135e-68,1.6571950500857359e-91,1.8682630633107124e-41,1.766496154486267e-39,1.2593174582861723e-40,1.2579729005041288e-54,3.0030609696844924e-40,4.7995417164867176e-47,1.2146517741589876e-62,1.4847360105441484e-28,3.9399232614691243e-36,6.0170160033959517e-39,5.4589609615817501e-41,2.3860181455122897e-63,2.8167953259705064e-66,2.3575329322036695e-60,0.88168480800000004,0.0,0.0094599999999999997,0.10885,0.001,1.1935060087425571e-23,1.3377488556360491e-23,1.3027426774554583e-23,6.3506126906357528e-24,5.2598787424431798e-24,7.1188033635931539e-24,1.3995558163246438e-27,9.9462579748940034e-23,8.1101748523138475e-28
3.3554431e-08,0.002280942759401671,2.6717970342974016e-29,2.5677944515760101e-30,1.0054217001144507e-26,6.1871155896639489e-34,2.7600830433781783e-29,0.0,0.0,4.9896185114590663e-21,1.4319493398999505e-27,4.0555658909798774e-38,-4.6967288690300995e-38,1.8061275802491916e-39,-5.4012015693664789e-61,2.3480315009816245e-39,-2.0430591446801921e-38,2.388443793762066e-21,1.0081791015529901e-26,3.1907650493872991e-64,1.5512352361920816e-39,-6.256008925787418e-40,-3.0932200690533398e-40,6.1319916658737369e-41,4.8529962570269246e-35,2.5336267181043966e-30,7.6074383655778052e-47,4.9257609676498796e-45,9.3987708043677665e-25,1.0287889618031922e-29,9.5520758629851332e-24,1.5164864302958539e-35,3.166392918069179e-46,4.7458468347224019e-45,1.6688104624219005e-32,1.4311547609269722e-56,3.4469873331640776e-47,2.4012849086788097e-21,2.4813807477975609e-27,4.2701799510217244e-34,1.4770733006290328e-34,3.0503968193966532e-23,3.5670299426600134e-65,7.989988899442995e-41,7.1893787046837969e-40,1.3928723423984424e-32,1.0776360562925528e-31,1.48731322656891e-44,6.4478970848354592e-50,5.0858436773926509e-46,2.2116091845311544e-64,1.2324711170578915e-62,-3.6129735057990099e-67,5.1722174456640777e-85,3.3620200357751763e-40,1.8295277729028971e-38,2.7455720581627303e-39,1.4048181362567007e-53,2.0526356130271561e-39,6.6530592838609627e-46,6.992163859466222e-62,7.7446884993172087e-28,1.0007677525280048e-35,5.9573834847652111e-38,1.8184820664094916e-40,1.637915212106414e-62,8.9726439139854563e-65,3.2733349851462157e-59,0.88168480800000004,0.0,0.0094599999999999997,0.10885,0.001,1.7271985271510183e-23,1.9359596179874326e-23,1.9865959668182816e-23,1.9293862123490288e-23,1.6708682721258596e-23,2.162957026489866e-23,8.1053959391357491e-27,1.9894555293127279e-22,4.8476426982464528e-27
6.7108863e-08,0.002280942759401671,2.9014802626486633e-29,6.9850592475189446e-30,2.7298050377154265e-26,1.4517572268203199e-33,1.5361370216686972e-28,0.0,0.0,9.9795023401933949e-21,5.7279697175152394e-27,-1.7753385985720301e-37,-1.1434714899790873e-37,-1.2014482105540631e-38,-1.0295819504611238e-60,4.1070067833648209e-38,-3.8298998271968899e-38,3.0415127591967387e-21,2.7451536208313418e-26,-2.9063778908760162e-63,-2.3259938077793381e-39,-2.0716683364708947e-39,-2.2042526598394611e-39,6.0913095289064011e-41,2.6890123364055026e-34,6.8448336389385873e-30,4.157560159355859e-46,1.1746023528224488e-44,2.1489180399863021e-24,2.3512944877092955e-29,1.0129394149400605e-23,4.6156131551866365e-35,1.7463570613105252e-45,4.6949012756554245e-44,7.8387761630512837e-32,9.9323213386501268e-56,2.4566031573425159e-46,6.5378931541414495e-21,1.3844499341229201e-26,1.1632462581022168e-33,1.0657853756184216e-33,6.9712933723314131e-23,8.1556314154950119e-65,1.2751744116970674e-39,5.7812851227777072e-39,1.1756810434273276e-31,4.4596050308579446e-31,7.3476380254004723e-44,1.5381729996341102e-49,2.51268772393001e-45,7.966237487666819e-63,2.2005280323008452e-61,3.8556444561111073e-67,1.5263972464874872e-84,4.9183356685042072e-39,1.4346427288240181e-37,4.4860939953636033e-38,1.2653578536208796e-52,1.1960798089973507e-38,7.4743318506366439e-45,3.4552483252957464e-61,3.6357327252600412e-27,2.2876786772978138e-35,5.0284454448338771e-37,5.1411037736565618e-40,9.5644783207227896e-62,2.7848198747396601e-63,3.6803759799253601e-58,0.88168480800000004,0.0,0.0094599999999999997,0.10885,0.001,2.1542803002842628e-23,2.4147221966478823e-23,2.621993423169903e-23,5.15654520163117e-23,4.6929377125546199e-23,5.7815582508743031e-23,3.9271690855870474e-26,3.979408199731776e-22,2.4844890849440293e-26
9.999999999999998e-08,0.002280942759401671,2.9314421838355347e-29,1.1811739025585958e-29,4.5997821378096013e-26,2.2856558358362525e-33,4.4977881898630664e-28,0.0,0.0,1.4870758647610365e-20,1.4150286885683623e-26,-3.8396282525466906e-37,-1.3929425932746849e-37,-1.1216397525770984e-38,1.4657571323923693e-61,-2.7001556602089534e-38,5.6343915386559018e-39,3.2137385354916198e-21,4.6447158027704905e-26,-3.7918258503905905e-63,-1.2345152465998836e-39,-1.9700733280897287e-39,-1.0417679909553412e-39,6.3299473848089339e-41,7.8182013612045953e-34,1.145581871962425e-29,1.3066678085617343e-45,1.8549298593566018e-44,3.3497275579206441e-24,3.6642019735444028e-29,1.0192754849356984e-23,8.0574642882295564e-35,4.9712448526902596e-45,2.8364477616826853e-43,2.078807250316935e-31,3.2236810455861104e-55,7.8690205790343247e-46,1.1060636383655738e-20,4.0704406343552167e-26,1.9682954770269185e-33,3.6349129991140685e-33,1.0863089742503066e-22,1.2712962068771257e-64,8.5312476951836451e-39,2.0704344486496097e-38,4.7430999154130121e-31,9.9491866066893233e-31,1.9879871025928543e-43,2.4293661655662497e-49,6.7991340806444672e-45,1.0966804016431817e-61,1.5569711098997819e-60,-1.6693766945752852e-66,2.4122492089521695e-83,3.1500797773343665e-38,5.0758246903730787e-37,3.0336669120417516e-37,5.2566421841670552e-52,3.5806323540964923e-38,3.9293846770484881e-44,9.3503993158200513e-61,9.6350920430293702e-27,3.5650624757702062e-35,2.0286469544463509e-36,8.8077965573169871e-40,2.865762691917347e-61,5.1576056630923408e-62,1.9355283799496511e-57,0.88168480800000004,0.0,0.0094599999999999997,0.10885,0.001,2.2590469257595399e-23,2.5322339482006924e-23,2.8104760807148975e-23,8.6311731745382558e-23,8.089619930384907e-23,9.6783367537016121e-23,9.5831296694410764e-26,5.9303527725060624e-22,6.5134644769443418e-26
1.34217727e-07,0.002280942759401671,2.9626125516938396e-29,1.6833092071615286e-29,6.5451805564557622e-26,3.1531878688269926e-33,7.5788908936858669e-28,0.0,0.0,1.9959292771992328e-20,2.2912299265121867e-26,-5.9871763846963787e-37,-1.6524755521674579e-37,-1.038612400030826e-38,1.3701710497414928e-60,-9.7818696836208106e-38,5.1339735769368965e-38,3.3929106509347951e-21,6.6208925509661573e-26,-4.7129863609371492e-63,-9.9014353675706994e-41,-1.8643807136523056e-39,1.6760288125142572e-40,6.5782101616517711e-41,1.3154264683733451e-33,1.6252777508004694e-29,2.2335125236338281e-45,2.5626968450091927e-44,4.5989690257263626e-24,5.0300626285458426e-29,1.0258671060573284e-23,1.1638134741947937e-34,8.3262012365654907e-45,5.2988713058972372e-43,3.4259649572951393e-31,5.544090095255623e-55,1.3499735678530411e-45,1.5765794284357634e-20,6.8647647255256641e-26,2.8058145446933453e-33,6.3076606043103534e-33,1.491185296203314e-22,1.7454102399144708e-64,1.6079978367107137e-38,3.6229291870118327e-38,8.4544026002747188e-31,1.5660178102849162e-30,3.2917563444784751e-43,3.3565036025034916e-49,1.1258464605892046e-44,2.1547175620482873e-61,2.9478110081655682e-60,-3.8071992616688742e-66,4.76299495728265e-83,5.9155403671924883e-38,8.8638655330356597e-37,5.7229869024759129e-37,9.4089059870877928e-52,6.0613604604358297e-38,7.2396730225070078e-44,1.54833179564113e-60,1.5876422019257842e-26,4.8939666754137569e-35,3.6159891712889861e-36,1.2622377143696919e-39,4.8520854703370129e-61,1.0233517813272686e-61,3.5662403754645877e-57,0.88168480800000004,0.0,0.0094599999999999997,0.10885,0.001,2.3680390773298641e-23,2.6544852718300913e-23,3.006560762132543e-23,1.2245942448203019e-22,1.1623299682333628e-22,1.3732283048997325e-22,1.5467210696529863e-25,7.9599843046517065e-22,1.0704939525471393e-25
2.68435455e-07,0.002280942759401671,2.9719369177561125e-29,3.7150057101389147e-29,1.4286219810754342e-25,6.5666578096875548e-33,3.3958028743107595e-27,0.0,0.0,3.9918849537463638e-20,9.1650072029831387e-26,-9.5818045325120433e-37,-3.2524795305074706e-37,7.9264603975698841e-39,8.7002662271926048e-61,-7.9969539939466882e-38,3.2177794462625356e-38,3.5028090354394557e-21,1.4625331711985506e-25,2.0092260552760506e-63,1.2673135658663955e-40,-6.3050112134138893e-40,5.4186003032938578e-40,6.2302669739483528e-41,5.8041498116651907e-33,3.4855445948976137e-29,1.2669576522344548e-44,5.3463487817839949e-44,9.5097216954532226e-24,1.0396327684362206e-28,1.0275385015709159e-23,2.5668395126043894e-34,3.6510849938765329e-44,5.7033954428151894e-42,1.436659078131452e-30,2.6649920757673527e-54,6.2559440368716451e-45,3.4814347612209767e-20,3.10682423479404e-25,6.1965712804731703e-33,3.1867516841444371e-32,3.081352892738865e-22,3.609170501328386e-64,1.6955461160289178e-37,1.8837073877736568e-37,5.1838095909832793e-30,4.6670033925669517e-30,1.3959244879578713e-42,7.0029660905591448e-49,4.775677648875151e-44,4.7307341531133271e-60,3.2071758795620626e-59,1.2862145326170738e-66,-2.1795708223177008e-82,6.0718756353926564e-37,4.574655791812902e-36,6.0484365522586736e-36,5.8671298560109871e-51,2.7726687122077122e-37,6.4168288524786154e-43,6.568121062413441e-60,6.6464143705779765e-26,1.0113301482747752e-34,2.2171402908870192e-35,2.8104023555534709e-39,2.2207247826977891e-60,4.8323582793389302e-60,3.1615227767626051e-56,0.88168480800000004,0.0,0.0094599999999999997,0.10885,0.001,2.429544522576678e-23,2.7237938581964523e-23,3.1438715982220687e-23,2.6779891696233239e-22,2.6115841714232778e-22,3.0032502464304929e-22,4.9393875968191494e-25,1.5923195247013155e-21,3.8582755596577182e-25
