Time (s),Volume (m^3),N2,Ar,He,Ne,C7H10(1),C7H16(2),O2(3),C7H10(22),C7H9(6),C7H11(35),S(81),C7H9O2(80),C7H10(19),C7H10(166),C7H10(20),C7H10(159)
0.0,0.4632034008695547,154.0,0.0,0.0,0.0,1.0,1.0,19.0,0.0,0.0,0.0,0.0,0.0,0.0,0.0,0.0,0.0
1.194455394095761e-22,0.4632034008695547,154.0,0.0,0.0,0.0,0.99999999999999978,1.0,19.0,1.7035797842718602e-17,9.8061322282160036e-17,9.8061322282160036e-17,5.2103325576591009e-29,5.2103246930135133e-29,1.4310012513353108e-16,1.3211122267280375e-26,2.9985534670853705e-19,2.0850529039893623e-26
3.3444751034681307e-22,0.4632034008695547,154.0,0.0,0.0,0.0,0.999999999999999,1.0,19.0,4.7700233959612038e-17,2.7457170238987899e-16,2.7457170238987899e-16,3.1470408648141973e-28,3.1470315279194179e-28,4.0068035026148305e-16,7.9795178475694477e-26,8.3959497062987888e-19,1.2593719537147724e-25
7.64451452221287e-22,0.4632034008695547,154.0,0.0,0.0,0.0,0.99999999999999767,1.0,19.0,1.0902910619339877e-16,6.2759246260464068e-16,6.2759246260464068e-16,1.5151647077494174e-27,1.5151555407571524e-27,9.15840800067771e-16,3.8417943525232813e-25,1.9190742178564641e-18,6.0633338403790272e-25
1.624459335970235e-21,0.4632034008695547,154.0,0.0,0.0,0.0,0.99999999999999512,1.0,19.0,2.3168685066097171e-16,1.3336339830314592e-15,1.3336339830314592e-15,6.6171223480426205e-27,6.6170412675037352e-27,1.9461616978818834e-15,1.6778125250493601e-24,4.0780327098452404e-18,2.6480171834970509e-24
3.344475103468131e-21,0.4632034008695547,154.0,0.0,0.0,0.0,0.99999999999999001,1.0,19.0,4.7700233959611508e-16,2.7457170238742782e-15,2.7457170238742779e-15,2.7625183219048628e-26,2.7624501696163916e-26,4.0068034863162528e-15,7.0045370000548264e-24,8.3959496839652133e-18,1.1054950455826643e-23
6.784506638463922e-21,0.4632034008695547,154.0,0.0,0.0,0.0,0.99999999999997979,1.0,19.0,9.6763331746639325e-16,5.5698831055166486e-15,5.5698831055166415e-15,1.1285788731786532e-25,1.1285229991103513e-25,8.1280870344095759e-15,2.8615819055202119e-23,1.7031783592774856e-17,4.5163079573379888e-23
1.3664569708455506e-20,0.46320340086955464,154.0,0.0,0.0,0.0,0.99999999999995925,1.0,19.0,1.9488952732069119e-15,1.1218215268628317e-14,1.1218215268628271e-14,4.5618962490372698e-25,4.561443787325487e-25,1.637065401549455e-14,1.1566971497396813e-22,3.4303451252672906e-17,1.8255638713405361e-22
2.742469584843867e-20,0.4632034008695547,154.0,0.0,0.0,0.0,0.99999999999991818,1.0,19.0,3.9114191846878045e-15,2.2514879594159503e-14,2.2514879594159137e-14,1.8343184173164394e-24,1.8339542705356622e-24,3.2855787517257824e-14,4.6510282914879364e-22,6.884678594158408e-17,7.3405119182959791e-22
5.494494812840501e-20,0.4632034008695548,154.0,0.0,0.0,0.0,0.99999999999983602,1.0,19.0,7.8364670076490019e-15,4.5108208242454207e-14,4.5108208242451285e-14,7.3564372686104339e-24,7.3535157618173505e-24,6.5826052679157818e-14,1.8652703076748855e-21,1.3793345279586682e-16,2.943873497692904e-21
1.0998545268833768e-19,0.4632034008695547,154.0,0.0,0.0,0.0,0.99999999999967171,1.0,19.0,1.5686562653569059e-14,9.0294865527980705e-14,9.0294865527957304e-14,2.9464120017109622e-23,2.9440721088303528e-23,1.3176657563645227e-13,7.4708099520509953e-21,2.761067764102746e-16,1.1790848400711867e-20
2.20066461808203e-19,0.46320340086955464,154.0,0.0,0.0,0.0,0.99999999999934308,1.0,19.0,3.1386753945399803e-14,1.8066818005484338e-13,1.8066818005465615e-13,1.1793326553804803e-22,1.1774607062297411e-22,2.6364759208502575e-13,2.9902705483044777e-20,5.5245338326246554e-16,4.7194115415147944e-20
4.402284800479337e-19,0.4632034008695547,154.0,0.0,0.0,0.0,0.99999999999868583,1.0,19.0,6.2787136529023831e-14,3.6141480893229704e-13,3.6141480893080121e-13,4.7188667539804714e-22,4.703907638799385e-22,5.2740950711816371e-13,1.1964974145757452e-19,1.1051464354603953e-15,1.8883788662345681e-19
8.80552516527395e-19,0.46320340086955464,154.0,0.0,0.0,0.0,0.99999999999737144,1.0,19.0,1.2558790169612208e-13,7.2290806598601465e-13,7.2290806597408041e-13,1.8878539601694324e-21,1.8759197175928497e-21,1.0549328657288251e-12,4.7867663260555325e-19,2.2105318938308254e-15,7.5547412452480111e-19
1.7612005894863177e-18,0.4632034008695547,154.0,0.0,0.0,0.0,0.99999999999474265,1.0,19.0,2.5118943202971914e-13,1.4458945773195187e-12,1.4458945772245959e-12,7.5520303081489294e-21,7.4571076979209649e-21,2.1099776971310603e-12,1.9148604080894867e-18,4.4213002264729858e-15,3.0221393564058529e-18
3.5224967354041635e-18,0.4632034008695547,154.0,0.0,0.0,0.0,0.99999999998948497,1.0,19.0,5.0239249269451589e-13,2.8918675891320565e-12,2.8918675883814556e-12,3.0209349463704326e-20,2.9458748153242536e-20,4.2200598166861466e-12,7.6597376629843595e-18,8.8428265553866696e-15,1.2089024637655007e-17
7.045089027239854e-18,0.46320340086955464,154.0,0.0,0.0,0.0,0.9999999999789696,1.0,19.0,1.0047986140145198e-12,5.7838135711870474e-12,5.783813565318495e-12,1.208398483799973e-19,1.1497129540734987e-19,8.4401938830145077e-12,3.0639448838470286e-17,1.7685837867924814e-14,4.8356884816417268e-17
1.4090273610911236e-17,0.4632034008695547,154.0,0.0,0.0,0.0,0.99999999995793898,1.0,19.0,2.0096108566161682e-12,1.1567705382590534e-11,1.1567705337685893e-11,4.8336424676769385e-19,4.3845960632568597e-19,1.6880341326269784e-11,1.2255804066152966e-16,3.5371695113390654e-14,1.9342792642435519e-16
2.1135458194582617e-17,0.4632034008695548,154.0,0.0,0.0,0.0,0.99999999993690836,1.0,19.0,3.0144230991794572e-12,1.735159705375169e-11,1.7351596928546657e-11,1.0271520038448922e-18,9.0194697291080884e-19,2.5320368081849368e-11,2.6043514477537653e-16,5.3057386980792474e-14,4.1103325208289547e-16
2.8180642778254e-17,0.4632034008695547,154.0,0.0,0.0,0.0,0.99999999991587774,1.0,19.0,4.0192353417043873e-12,2.3135488596115699e-11,2.3135488337900828e-11,1.7522030777459942e-18,1.4939882034966896e-18,3.3760274151479012e-11,4.4427010400810819e-16,7.0742913471676706e-14,7.0117182460705821e-16
4.227101194559676e-17,0.4632034008695547,154.0,0.0,0.0,0.0,0.99999999987381638,1.0,19.0,6.0288598266642205e-12,3.4703271410464328e-11,3.4703270730624422e-11,3.6277190025110501e-18,2.9478791029203132e-18,5.0639803053555927e-11,9.197982561541175e-16,1.061135783296805e-13,1.4516768419059388e-15
5.636138111293953e-17,0.4632034008695547,154.0,0.0,0.0,0.0,0.99999999983175503,1.0,19.0,8.0384843114829951e-12,4.6271053833286646e-11,4.6271052455883895e-11,6.1698044442777162e-18,4.7924016814266399e-18,6.7518888164686937e-11,1.5643243737079018e-15,1.4148363505209249e-13,2.4689038616377873e-15
7.045175028028229e-17,0.4632034008695547,154.0,0.0,0.0,0.0,0.99999999978969367,1.0,19.0,1.0048108796150633e-11,5.7838835894184184e-11,5.7838833466003477e-11,9.4260712315671356e-18,6.9978905241481351e-18,8.4397497797053296e-11,2.3899153474817403e-15,1.7685304021099238e-13,3.771897523027634e-15
9.863248861496781e-17,0.4632034008695547,154.0,0.0,0.0,0.0,0.99999999970557107,1.0,19.0,1.406735776502301e-11,8.0974399206876494e-11,8.0974393295904027e-11,1.8126007667846356e-17,1.2215035202941001e-17,1.1815326083684585e-10,4.5956355394567043e-15,2.4758985498086929e-13,7.2530879917505739e-15
1.5499396528433885e-16,0.4632034008695547,154.0,0.0,0.0,0.0,0.99999999953732599,1.0,19.0,2.2105855700927486e-11,1.2724552365138533e-10,1.2724550424794694e-10,4.4221967479661826e-17,2.4818529102822864e-17,1.8565899808826848e-10,1.1211492643258779e-14,3.890555515484951e-13,1.7694602185773262e-14
2.113554419537099e-16,0.4632034008695547,154.0,0.0,0.0,0.0,0.99999999936908102,1.0,19.0,3.0144353634376151e-11,1.7351664616092507e-10,1.7351660357967786e-10,8.1922664210050956e-17,3.9341417025434387e-17,2.5315701087153781e-10,2.0768868525881092e-14,5.3051066226846456e-13,3.2778585163635755e-14
3.24078395292452e-16,0.4632034008695547,154.0,0.0,0.0,0.0,0.99999999903259185,1.0,19.0,4.6221349493908277e-11,2.6605888908579691e-10,2.6605876739281998e-10,1.9212766645705607e-16,7.043468948724327e-17,3.8812987455744942e-10,4.8703788287429602e-14,8.1338913980505554e-13,7.6867031548855986e-14
5.495243019699363e-16,0.4632034008695547,154.0,0.0,0.0,0.0,0.99999999835961495,1.0,19.0,7.8375341183512226e-11,4.5114337220830937e-10,4.5114295562087048e-10,5.5174906417103776e-16,1.3516162529562374e-16,6.5798298522074762e-10,1.3984256564797923e-13,1.3790191476201432e-12,2.2070732655713698e-13
7.749702086474205e-16,0.46320340086955464,154.0,0.0,0.0,0.0,0.99999999768664072,1.0,19.0,1.1052933283383633e-10,6.3622785419784382e-10,6.3622695798788397e-10,1.0969823822922557e-15,2.0077242237575716e-16,9.2771264715876944e-10,2.779912776624995e-13,1.9444799292138198e-12,4.3874131898079173e-13
1.225862022002389e-15,0.46320340086955464,154.0,0.0,0.0,0.0,0.99999999634069914,1.0,19.0,1.748373160166463e-10,1.0063968180958293e-09,1.0063944051500092e-09,2.7442735798061257e-15,3.3132775984913855e-16,1.4668019179525981e-09,6.9520689385512479e-13,3.0748940778365521e-12,1.0972142441714178e-12
1.6316646540218605e-15,0.4632034008695547,154.0,0.0,0.0,0.0,0.99999999512936,1.0,18.999999999999996,2.3271450074683995e-10,1.3395488849169923e-09,1.3395444719694603e-09,4.8616101548357462e-15,4.4866262309323395e-16,1.9515606291079076e-09,1.2312608810251729e-12,4.0916885634201171e-12,1.9432445060710783e-12
2.037467286041332e-15,0.4632034008695547,154.0,0.0,0.0,0.0,0.99999999391802863,1.0,18.999999999999989,2.9059168534976917e-10,1.6727009509914629e-09,1.6726939366255414e-09,7.5803029821811799e-15,5.6593706059363925e-16,2.4359202543463751e-09,1.9192889186466093e-12,5.1079355539220684e-12,3.0291286798077842e-12
2.4432699180608036e-15,0.46320340086955464,154.0,0.0,0.0,0.0,0.99999999270670503,1.0,18.999999999999986,3.4846886982543441e-10,2.0058530162638724e-09,2.0058427991259789e-09,1.0900344339948513e-14,6.8320644694302896e-16,2.9198811066004335e-09,2.7591718401785046e-12,6.1236353301568964e-12,4.354678690167356e-12
2.849072550080275e-15,0.4632034008695547,154.0,0.0,0.0,0.0,0.99999999149538943,1.0,18.999999999999982,4.063460541738361e-10,2.3390050807259302e-09,2.3389910594787664e-09,1.4821726240604537e-14,8.0047907685408336e-16,3.4034435117385857e-09,3.7507855529469734e-12,7.1387881846064813e-12,5.9196986872406166e-12
3.6606778141192184e-15,0.46320340086955464,154.0,0.0,0.0,0.0,0.99999998907278143,1.0,18.999999999999972,5.2210042248885059e-10,3.0053092072292446e-09,3.005285773769927e-09,2.4468483151434741e-14,1.0350238339065322e-15,4.3693741485327233e-09,6.1887606220138872e-12,9.1674541767381977e-12,9.7674467438046403e-12
4.472283078158162e-15,0.4632034008695545,154.0,0.0,0.0,0.0,0.9999999866502044,1.0,18.999999999999957,6.3785479029481602e-10,3.6716133305023514e-09,3.671578079562598e-09,3.6520510181927034e-14,1.2695704292641945e-15,5.3337147645650649e-09,9.2322240926535646e-12,1.1193935865071266e-11,1.4570810324452952e-11
5.283888342197105e-15,0.4632034008695545,154.0,0.0,0.0,0.0,0.99999998422765835,1.0,18.999999999999947,7.5360915759173616e-10,4.3379174505519171e-09,4.3378679769238461e-09,5.0977740307790968e-14,1.5041122374646071e-15,6.2964681003155017e-09,1.2880132373746265e-11,1.3218235711940611e-11,2.0328142376062937e-11
6.095493606236048e-15,0.46320340086955447,154.0,0.0,0.0,0.0,0.99999998180514349,1.0,18.999999999999929,8.6936352437961503e-10,5.0042215673690864e-09,5.004155465919514e-09,6.7840107731350526e-14,1.7386581572836536e-15,7.2576368426029221e-09,1.7131462308599726e-11,1.5240356133081495e-11,2.7037828096253652e-11
6.907098870274991e-15,0.46320340086955447,154.0,0.0,0.0,0.0,0.99999997938265939,1.0,18.999999999999908,9.8511789065845574e-10,5.6705256809621513e-09,5.6704405466135708e-09,8.7107548519950902e-14,1.9731999398020316e-15,8.2172235974048087e-09,2.1985221525415125e-11,1.7260299473146385e-11,3.469830126906261e-11
8.530309398352878e-15,0.4632034008695543,154.0,0.0,0.0,0.0,0.999999974537784,1.0,18.999999999999865,1.2166266216890383e-09,7.0031338984560347e-09,7.0030034833525842e-09,1.3285739463337976e-13,2.442291182441879e-15,1.0131661537911976e-08,3.3496069951324848e-11,2.1293664267632924e-11,5.2865363469456876e-11
9.975506843328914e-15,0.46320340086955425,154.0,0.0,0.0,0.0,0.99999997022433684,1.0,18.999999999999815,1.4227464182320039e-09,8.1895985868804244e-09,8.1894197618655638e-09,1.8168495040751264e-13,2.8599355478477462e-15,1.1830848683976183e-08,4.5762668325760173e-11,2.4877395682297441e-11,7.2225192347206447e-11
1.142070428830495e-14,0.4632034008695541,154.0,0.0,0.0,0.0,0.99999996591098694,1.0,18.999999999999758,1.6288662131609818e-09,9.3760632650728704e-09,9.375828405175812e-09,2.3813747351982415e-13,3.2775764632022926e-15,1.3525058883110455e-08,5.992451464198783e-11,2.8454259375213962e-11,9.4576207113616888e-11
1.2865901733280987e-14,0.4632034008695539,154.0,0.0,0.0,0.0,0.99999996159773408,1.0,18.999999999999694,1.8349860064759913e-09,1.0562527933023575e-08,1.0562229413645134e-08,3.0221460239049584e-13,3.6952239530708219e-15,1.5214306726510728e-08,7.5976052485387762e-11,3.2024268519545213e-11,1.1990963832836104e-10
1.4311099178257023e-14,0.46320340086955375,154.0,0.0,0.0,0.0,0.99999995728457824,1.0,18.999999999999623,2.0411057981770533e-09,1.1748992590739674e-08,1.1748622787635751e-08,3.739159750364602e-13,4.1128711161369575e-15,1.6898606779622212e-08,9.3911735247373767e-11,3.5587436278526042e-11,1.4821673202753592e-10
1.7201494068209096e-14,0.46320340086955325,154.0,0.0,0.0,0.0,0.99999994865855579,1.0,18.999999999999456,2.4533453767374141e-09,1.4121921875472984e-08,1.4121386633626851e-08,5.4019000657963041e-13,4.9481604467864018e-15,2.0252421449955969e-08,1.3541347354154714e-10,4.2693300065429542e-11,2.137170874355134e-10
2.009188895816117e-14,0.46320340086955275,154.0,0.0,0.0,0.0,0.99999994003291737,1.0,18.999999999999257,2.8655849488422216e-09,1.6494851119270486e-08,1.6494119946041911e-08,7.36956677175575e-13,5.7834485976916557e-15,2.3586618379812262e-08,1.8438575187953438e-10,4.9771955370848466e-11,2.9100786539021409e-10
2.298228384811324e-14,0.4632034008695521,154.0,0.0,0.0,0.0,0.99999993140766075,1.0,18.999999999999027,3.2778245144916343e-09,1.8867780322131047e-08,1.8866822727771753e-08,9.6421309781402413e-13,6.618738527224446e-15,2.6901312310156606e-08,2.4078487621590134e-10,5.6823506367012992e-11,3.8002010553675357e-10
2.5872678738065314e-14,0.4632034008695514,154.0,0.0,0.0,0.0,0.99999992278278405,1.0,18.999999999998771,3.6900640736858106e-09,2.1240709484058363e-08,2.1239494981706654e-08,1.221956380034643e-12,7.4540283344304823e-15,3.0196617299807129e-08,3.0456741227102148e-10,6.3848056817306112e-11,4.8068525749698662e-10
2.8763073628017383e-14,0.46320340086955064,154.0,0.0,0.0,0.0,0.99999991415828471,1.0,18.999999999998479,4.1023036264249052e-09,2.3613638605054285e-08,2.3612136710736952e-08,1.5101836353059517e-12,8.289317970851946e-15,3.3472646754753073e-08,3.7569017436641825e-10,7.0845710100573141e-11,5.9293516324882875e-10
3.454386340792153e-14,0.463203400869549,154.0,0.0,0.0,0.0,0.99999989691041047,1.0,18.999999999997812,4.9267827125384685e-09,2.8359496724258554e-08,2.8357328605644286e-08,2.1780785115192908e-12,9.9598972609071132e-15,3.9967329409155188e-08,5.3978488123046373e-10,8.4760736733320091e-11,8.5191857254358248e-10
4.0324653187825674e-14,0.46320340086954687,154.0,0.0,0.0,0.0,0.99999987966402037,1.0,18.999999999997026,5.7512617728335577e-09,3.3105354679757815e-08,3.3102398435612801e-08,2.9678746216133943e-12,1.1630476609899136e-14,4.6386254408858632e-08,7.3272850466738424e-10,9.8569405482270907e-11,1.1564329499258154e-09
5.188623274763396e-14,0.46320340086954165,154.0,0.0,0.0,0.0,0.99999984517562657,1.0,18.999999999995072,7.4002198159731701e-09,4.2597070099697647e-08,4.2592171993183777e-08,4.9130781488925211e-12,1.497163503876253e-14,5.9000356060181644e-08,1.2038203064172622e-09,1.2587091491605114e-10,1.8999362829485828e-09
6.136311060064062e-14,0.4632034008695365,154.0,0.0,0.0,0.0,0.99999981691021933,1.0,18.999999999993115,8.751849408484396e-09,5.0377306488692529e-08,5.0370453211570588e-08,6.8709874612758791e-12,1.7710339337796913e-14,6.9121479300579598e-08,1.6731716343596119e-09,1.4793925946875806e-10,2.6406927057389244e-09
7.083998845364729e-14,0.4632034008695305,154.0,0.0,0.0,0.0,0.99999978864859573,1.0,18.999999999990827,1.0103478931622099e-08,5.8157542437893644e-08,5.8148406662679862e-08,9.1562242573771331e-12,2.0449043587795961e-14,7.9049783323980113e-08,2.2159495351785971e-09,1.6973175594864064e-10,3.4973350405813393e-09
7.936917852135329e-14,0.4632034008695242,154.0,0.0,0.0,0.0,0.99999976321631112,1.0,18.999999999988486,1.1319945443135855e-08,6.5159754416199383e-08,6.5148284611743162e-08,1.1492718333395467e-11,2.2913877177856251e-14,8.7823433805864619e-08,2.7660727470238639e-09,1.8911200325487348e-10,4.3655701572518092e-09
8.789836858905929e-14,0.4632034008695174,154.0,0.0,0.0,0.0,0.99999973778698403,1.0,18.999999999985885,1.2536411898464794e-08,7.2161966038361266e-08,7.2147897225864395e-08,1.4094191207503791e-11,2.5378710659013533e-14,9.6446506220475064e-08,3.3735368755709711e-09,2.0827409068070948e-10,5.3243039075457991e-09
9.642755865676529e-14,0.46320340086950984,154.0,0.0,0.0,0.0,0.99999971236056517,1.0,18.999999999983014,1.3752878297612479e-08,7.9164177304420306e-08,7.9147244579166651e-08,1.6960568797708963e-11,2.784354410604122e-14,1.0492158511367661e-07,4.037357710307725e-09,2.2722047410433895e-10,6.3719829560939854e-09
1.0495674872447128e-13,0.4632034008695014,154.0,0.0,0.0,0.0,0.99999968693700569,1.0,18.999999999979877,1.4969344640582424e-08,8.616638821441703e-08,8.6146326745751657e-08,2.009177704268421e-11,3.0308377347707188e-14,1.1325121038779992e-07,4.7565680412466743e-09,2.4595358164325238e-10,7.5070807986937957e-09
1.1348593879217728e-13,0.4632034008694925,154.0,0.0,0.0,0.0,0.99999966151625741,1.0,18.999999999976481,1.6185810927378075e-08,9.3168598768391195e-08,9.3145143799699787e-08,2.3487741901730652e-11,3.277321036971075e-14,1.2143787844173005e-07,5.5302172247724599e-09,2.6447581412016192e-10,8.7280970771057466e-09
1.220151288598833e-13,0.46320340086948275,154.0,0.0,0.0,0.0,0.9999996360982738,1.0,18.999999999972815,1.7402277158002831e-08,1.0017080896638157e-07,1.0014369581507011e-07,2.7148389354845641e-11,3.523804342266101e-14,1.294840426709606e-07,6.3573709932182012e-09,2.8278954526728491e-10,1.0033557278516353e-08
1.3054431892758929e-13,0.4632034008694723,154.0,0.0,0.0,0.0,0.9999996106830088,1.0,18.999999999968889,1.8618743332460015e-08,1.0717301880842667e-07,1.0714198286590035e-07,3.1073645402704402e-11,3.7702876427474024e-14,1.3739211449062105e-07,7.2371110652906061e-09,3.0089712214834667e-10,1.1422012120689561e-08
1.3907350899529528e-13,0.46320340086946127,154.0,0.0,0.0,0.0,0.99999958527041666,1.0,18.999999999964697,1.9835209450752926e-08,1.1417522829456454e-07,1.1414000502620688e-07,3.5263436066682392e-11,4.016770905613024e-14,1.4516446377388718e-07,8.168534979120599e-09,3.1880086534093841e-10,1.2892037288478014e-08
1.4760269906300128e-13,0.46320340086944944,154.0,0.0,0.0,0.0,0.99999955986045286,1.0,18.999999999960242,2.1051675512884774e-08,1.211774374248321e-07,1.2113776236998478e-07,3.9717687388846234e-11,4.2632541532876312e-14,1.528034198807059e-07,9.1507557005188178e-09,3.36503069367008e-10,1.4442232815550262e-08
1.5613188913070728e-13,0.4632034008694369,154.0,0.0,0.0,0.0,0.99999953445307355,1.0,18.999999999955524,2.226814151885874e-08,1.2817964619926528e-07,1.2813525497120774e-07,4.4436325431943869e-11,4.5097374440612835e-14,1.603112720901563e-07,1.0182901458329871e-08,3.5400600287529063e-10,1.6071222824537728e-08
1.6466107919841328e-13,0.46320340086942385,154.0,0.0,0.0,0.0,0.99999950904823531,1.0,18.999999999950536,2.3484607468677933e-08,1.3518185461790077e-07,1.3513248290382828e-07,4.9419276279381413e-11,4.7562206970952363e-14,1.6769027067731461e-07,1.1264115334355894e-08,3.7131190909778305e-10,1.7777654879829462e-08
1.7319026926611927e-13,0.46320340086940986,154.0,0.0,0.0,0.0,0.99999948364589608,1.0,18.999999999945288,2.4701073362345432e-08,1.4218406268077487e-07,1.4212944624177776e-07,5.4666466035228038e-11,5.0027038148033547e-14,1.7494262697358218e-07,1.2393555240383014e-08,3.8842300587765991e-10,1.9560199951314024e-08
1.8171945933382527e-13,0.4632034008693953,154.0,0.0,0.0,0.0,0.99999945824601377,1.0,18.999999999939771,2.5917539199864246e-08,1.491862703879198e-07,1.4912614505896599e-07,6.0177820824199506e-11,5.2491870384508106e-14,1.820705147285665e-07,1.3570393399569171e-08,4.053414862512236e-10,2.1417551595877103e-08
1.9024864940153127e-13,0.46320340086938006,154.0,0.0,0.0,0.0,0.99999943284854764,1.0,18.999999999933994,2.7134004981237338e-08,1.5618847773936855e-07,1.5612257942928176e-07,6.5953266791676819e-11,5.4956704896035706e-14,1.8907606980525059e-07,1.4793816462525315e-08,4.2206951831990834e-10,2.3348426140607296e-08
1.9877783946923727e-13,0.4632034008693641,154.0,0.0,0.0,0.0,0.99999940745345728,1.0,18.999999999927955,2.8350470706467625e-08,1.6319068473516098e-07,1.6311874942659264e-07,7.1992730103674101e-11,5.7421535353836003e-14,1.9596139212581709e-07,1.6063024766333955e-08,4.3860924608767121e-10,2.5351561513338236e-08
2.0730702953694326e-13,0.4632034008693473,154.0,0.0,0.0,0.0,0.99999938206070316,1.0,18.999999999921645,2.9566936375557983e-08,1.701928913753262e-07,1.7011465512474493e-07,7.8296136946855342e-11,5.988636562946212e-14,2.0272854520402888e-07,1.7377232512621542e-08,4.5496278926419903e-10,2.7425717523692274e-08
2.1583621960464926e-13,0.46320340086932993,154.0,0.0,0.0,0.0,0.99999935667024598,1.0,18.999999999915076,3.0783401988511217e-08,1.7719509765988862e-07,1.7711029659756387e-07,8.4863413528520568e-11,6.2351203794233299e-14,2.0937955696280469e-07,1.8735667456220597e-08,4.7113224362255969e-10,2.9569675371709892e-08
2.2436540967235526e-13,0.46320340086931183,154.0,0.0,0.0,0.0,0.99999933128204777,1.0,18.999999999908244,3.1999867545330111e-08,1.84197303588895e-07,1.8410567391885332e-07,9.1694486076602534e-11,6.4816034978541907e-14,2.1591642032187024e-07,2.0137570681388749e-08,4.8711968125761655e-10,3.1782237294666172e-08
2.328945997400613e-13,0.46320340086929307,154.0,0.0,0.0,0.0,0.99999930589607056,1.0,18.999999999901149,3.3216333046017369e-08,1.9119950916238748e-07,1.9110078716239621e-07,9.8789280839644027e-11,6.7280848373688324e-14,2.2234109444681874e-07,2.1582196126159106e-08,5.029271511344639e-10,3.4062225816374345e-08
2.414237898077673e-13,0.46320340086927364,154.0,0.0,0.0,0.0,0.9999992805122776,1.0,18.999999999893785,3.4432798490575705e-08,1.9820171438035447e-07,1.9809563640195414e-07,1.0614772408681106e-10,6.9745686505857964e-14,2.2865550472575314e-07,2.3068810591234842e-08,5.1855667908470161e-10,3.6408483761223642e-08
2.4995297987547327e-13,0.4632034008692534,154.0,0.0,0.0,0.0,0.99999925513063215,1.0,18.99999999988616,3.5649263879007731e-08,2.0520391924281932e-07,2.0509022171126773e-07,1.137697421078672e-10,7.2210556294288691e-14,2.3486154395352811e-07,2.4596693289022948e-08,5.3401026833445226e-10,3.8819873542439637e-08
2.5848216994317927e-13,0.46320340086923245,154.0,0.0,0.0,0.0,0.99999922975109878,1.0,18.999999999878273,3.6865729211316043e-08,2.1220612374991677e-07,2.1208454316405643e-07,1.2165526121320117e-10,7.4675352830579335e-14,2.4096107177834512e-07,2.6165136054374046e-08,5.492898992682192e-10,4.1295277494685227e-08
2.6701136001088527e-13,0.4632034008692109,154.0,0.0,0.0,0.0,0.99999920437364198,1.0,18.999999999870123,3.8082194487503207e-08,2.1920832790164461e-07,2.190786008340185e-07,1.2980420773377914e-10,7.7140107704522586e-14,2.4695591659492131e-07,2.7773442623652315e-08,5.6439753027353156e-10,4.3833596736249109e-08
2.7554055007859127e-13,0.46320340086918876,154.0,0.0,0.0,0.0,0.99999917899822721,1.0,18.999999999861711,3.9298659707571693e-08,2.2621053169779639e-07,2.2607239479483138e-07,1.3821650802119287e-10,7.9605056168395166e-14,2.5284787439877947e-07,2.9420929071028894e-08,5.7933509723812363e-10,4.6433751857628192e-08
2.8406974014629726e-13,0.4632034008691657,154.0,0.0,0.0,0.0,0.9999991536248205,1.0,18.999999999853028,4.0515124871524007e-08,2.3321273513871629e-07,2.3306592512015109e-07,1.4689208844760388e-10,8.2069882404775442e-14,2.5863871093072867e-07,3.110692299185071e-08,5.9410451451114815e-10,4.9094681632674999e-08
2.9259893021400326e-13,0.4632034008691421,154.0,0.0,0.0,0.0,0.99999912825338866,1.0,18.999999999844086,4.1731589979362546e-08,2.4021493822466863e-07,2.4005919188361288e-07,1.558308754057471e-10,8.4534350063389095e-14,2.643301619041462e-07,3.2830763416090045e-08,6.0870767501687567e-10,5.1815342881999117e-08
3.0112812028170926e-13,0.46320340086911765,154.0,0.0,0.0,0.0,0.99999910288389826,1.0,18.999999999834881,4.2948055031089699e-08,2.4721714095475311e-07,2.4705219515883096e-07,1.650327953089238e-10,8.6999386810542607e-14,2.6992393356050949e-07,3.4591800596794916e-08,6.2314645051180877e-10,5.4594710139088005e-08
3.0965731034941525e-13,0.4632034008690927,154.0,0.0,0.0,0.0,0.99999907751631734,1.0,18.999999999825413,4.4164520026707807e-08,2.5421934332891587e-07,2.5404493501939824e-07,1.7449777459102705e-10,8.9465073336286462e-14,2.7542170218922186e-07,3.6389396192942164e-08,6.3742269138451841e-10,5.7431775938895582e-08
3.1818650041712125e-13,0.46320340086906675,154.0,0.0,0.0,0.0,0.99999905215061402,1.0,18.999999999815682,4.5380984966219174e-08,2.6122154534950379e-07,2.6103741153888685e-07,1.8422573970650698e-10,9.1929089502479897e-14,2.8082511554150506e-07,3.8222922731018728e-08,6.5153822729762449e-10,6.0325549968080254e-08
3.2671569048482725e-13,0.4632034008690404,154.0,0.0,0.0,0.0,0.99999902678675712,1.0,18.999999999805688,4.6597449849626084e-08,2.6822374701568826e-07,2.6802962479084783e-07,1.9421661713039492e-10,9.4392289977436918e-14,2.8613579239909998e-07,4.0091763769262961e-08,6.6549486700812787e-10,6.3275059324219574e-08
3.3524488055253325e-13,0.46320340086901324,154.0,0.0,0.0,0.0,0.99999900142471565,1.0,18.999999999795431,4.7813914676930738e-08,2.7522594832234768e-07,2.7502157484881137e-07,2.044703333582429e-10,9.6859821870738209e-14,2.9135532475491119e-07,4.1995313067262248e-08,6.7929439935892179e-10,6.6279347205223426e-08
3.4377407062023924e-13,0.4632034008689855,154.0,0.0,0.0,0.0,0.99999897606445953,1.0,18.999999999784912,4.9030379448135355e-08,2.8222814927391522e-07,2.8201326178628644e-07,2.1498681490618405e-10,9.9327277279178905e-14,2.9648527627550466e-07,4.3932975171442925e-08,6.9293859260158416e-10,6.9337473833386376e-08
3.5230326068794524e-13,0.46320340086895684,154.0,0.0,0.0,0.0,0.99999895070595912,1.0,18.999999999774129,5.0246844163242065e-08,2.8923034988063776e-07,2.8900468567676123e-07,2.2576598831084103e-10,1.017844342581898e-13,3.0152718533456672e-07,4.5904164259911151e-08,7.0642919578335694e-10,7.2448514632251954e-08
3.6083245075565124e-13,0.46320340086892764,154.0,0.0,0.0,0.0,0.99999892534918511,1.0,18.999999999763084,5.1463308822253e-08,2.962325501220415e-07,2.9599584659370294e-07,2.3680778012940121e-10,1.0425179085682125e-13,3.0648256305062436e-07,4.7908304889700663e-08,7.1976793787568202e-10,7.5611561405960126e-08
3.6936164082335724e-13,0.4632034008688976,154.0,0.0,0.0,0.0,0.99999889999410918,1.0,18.999999999751775,5.2679773425170242e-08,3.032347499903908e-07,3.029867446105578e-07,2.4811211693959672e-10,1.0673710661582065e-13,3.1135289417698892e-07,4.9944831657876776e-08,7.3295652819164418e-10,7.8825721804383132e-08
3.7789083089106323e-13,0.46320340086886697,154.0,0.0,0.0,0.0,0.99999887464070236,1.0,18.999999999740204,5.3896237971995845e-08,3.1023694954078988e-07,3.0997737980075133e-07,2.5967892533969981e-10,1.0918530109842065e-13,3.16139637516939e-07,5.2013189043432522e-08,7.4599665659049244e-10,8.209011907359697e-08
3.8642002095876923e-13,0.46320340086883577,154.0,0.0,0.0,0.0,0.99999884928893745,1.0,18.999999999728377,5.5112702462731806e-08,3.1723914876411073e-07,3.1696775223768762e-07,2.7150813194846743e-10,1.1160552542482714e-13,3.2084422783190943e-07,5.4112830680638627e-08,7.5888999436200493e-10,8.5403890909042482e-08
3.9494921102647523e-13,0.46320340086880374,154.0,0.0,0.0,0.0,0.99999882393878703,1.0,18.999999999716284,5.632916689738013e-08,3.2424134753043571e-07,3.2395786199475054e-07,2.8359966340518098e-10,1.1412772003957683e-13,3.2546807493313889e-07,5.6243219704949639e-08,7.7163819383129115e-10,8.8766190001453366e-08
4.034784010941812e-13,0.463203400868771,154.0,0.0,0.0,0.0,0.99999879859022422,1.0,18.999999999703928,5.7545631275942737e-08,3.3124354592074566e-07,3.3094770914530256e-07,2.9595344636959384e-10,1.1667092651943269e-13,3.3001256545034912e-07,5.8403828079480287e-08,7.8424288919014967e-10,9.2176182973863971e-08
4.120075911618872e-13,0.46320340086873757,154.0,0.0,0.0,0.0,0.99999877324322273,1.0,18.999999999691308,5.8762095598421578e-08,3.3824574420784745e-07,3.3793729376268545e-07,3.0856940752201174e-10,1.1896236001420922e-13,3.344790607516448e-07,6.0594137387120143e-08,7.9670569556048351e-10,9.563305163176845e-08
4.205367812295932e-13,0.46320340086870354,154.0,0.0,0.0,0.0,0.99999874789775645,1.0,18.999999999678426,5.9978559864818534e-08,3.4524794192762791e-07,3.4492661592022015e-07,3.2144747356322081e-10,1.2146615545480121e-13,3.3886889926674967e-07,6.2813637945831363e-08,8.0902821008234442e-10,9.9135991566834702e-08
4.290659712972992e-13,0.4632034008686688,154.0,0.0,0.0,0.0,0.99999872255379996,1.0,18.999999999665285,6.1195024075135416e-08,3.5225013920189377e-07,3.5191567569120676e-07,3.3458757121446989e-10,1.2406052736632839e-13,3.4318339720822692e-07,6.50618285340034e-08,8.2121201226645788e-10,1.0268421172344412e-07
4.3674224235823464e-13,0.4632034008686368,154.0,0.0,0.0,0.0,0.99999869974550926,1.0,18.999999999653234,6.2289841816473682e-08,3.5855211665875922e-07,3.5820560520516162e-07,3.4663763557880859e-10,1.2618198119904825e-13,3.470030985026278e-07,6.7109322828427629e-08,8.3206012617661878e-10,1.0591568177231899e-07
4.4441851341917006e-13,0.46320340086860434,154.0,0.0,0.0,0.0,0.99999867693840316,1.0,18.99999999964097,6.3384659512389912e-08,3.6485409375463209e-07,3.6449532229877508e-07,3.5889983281676132e-10,1.2837695976259053e-13,3.5076374877352668e-07,6.9179304015407825e-08,8.4279827420115104e-10,1.0918264190331448e-07
4.520947844801055e-13,0.4632034008685713,154.0,0.0,0.0,0.0,0.99999865413246425,1.0,18.999999999628493,6.4479477162885363e-08,3.7115607047723846e-07,3.7078482702543966e-07,3.7137410955068856e-10,1.3065775177861117e-13,3.5446626073889305e-07,7.1271424526486305e-08,8.534275709594242e-10,1.1248454356470125e-07
4.597710555410409e-13,0.4632034008685378,154.0,0.0,0.0,0.0,0.99999863132767441,1.0,18.999999999615802,6.5574294767961346e-08,3.7745804701500704e-07,3.7707411943853398e-07,3.8406041241637188e-10,1.3283594333428992e-13,3.5811153327183285e-07,7.3385342065412306e-08,8.6394911989908191e-10,1.1582084652563777e-07
4.674473266019763e-13,0.4632034008685036,154.0,0.0,0.0,0.0,0.99999860852401723,1.0,18.999999999602906,6.6669112327619078e-08,3.8376002332342986e-07,3.8336319959142341e-07,3.9695868806302166e-10,1.3495605644650246e-13,3.6170045119908875e-07,7.552071968487404e-08,8.743640132059361e-10,1.191910189972736e-07
4.751235976629117e-13,0.46320340086846895,154.0,0.0,0.0,0.0,0.99999858572147526,1.0,18.999999999589793,6.7763929841859764e-08,3.9006199913880327e-07,3.8965206753745938e-07,4.1006888315326547e-10,1.372818093055523e-13,3.6523388584418946e-07,7.7677225579664281e-08,8.8467333208100119e-10,1.2259453730631139e-07
4.827998687238471e-13,0.4632034008684337,154.0,0.0,0.0,0.0,0.99999856292003197,1.0,18.999999999576467,6.8858747310684687e-08,3.963639747403916e-07,3.959407233299798e-07,4.2339094436315442e-10,1.3953395134230617e-13,3.6871269489177238e-07,7.9854533138347224e-08,8.9487814668043264e-10,1.260308859765508e-07
4.904761397847825e-13,0.4632034008683979,154.0,0.0,0.0,0.0,0.99999854011967093,1.0,18.999999999562935,6.9953564734094999e-08,4.0266595021415928e-07,4.0222916702230901e-07,4.3692481838215719e-10,1.4162653179339894e-13,3.7213772272352627e-07,8.2052320815329307e-08,9.0497951629233262e-10,1.2949955752698324e-07
4.98152410845718e-13,0.46320340086836154,154.0,0.0,0.0,0.0,0.99999851732037615,1.0,18.999999999549186,7.1048382112091852e-08,4.0896792519732139e-07,4.0851739866775752e-07,4.5067045191315036e-10,1.4392234924286519e-13,3.7550980083732962e-07,8.4270271971249022e-08,9.1497848955474085e-10,1.3300005221988646e-07
5.058286819066534e-13,0.46320340086832457,154.0,0.0,0.0,0.0,0.99999849452213141,1.0,18.999999999535223,7.2143199444676449e-08,4.1526989991183334e-07,4.1480541831962253e-07,4.646277916724192e-10,1.461994615766281e-13,3.7882974788843591e-07,8.650807485729319e-08,9.2487610448123806e-10,1.3653187803607164e-07
5.127373258614952e-13,0.4632034008682908,154.0,0.0,0.0,0.0,0.99999847400459618,1.0,18.999999999522483,7.3128535005176046e-08,4.2094167700558624e-07,4.2046445479582621e-07,4.7737036225275022e-10,1.4815249262694425e-13,3.8177379453310751e-07,8.8538816931153805e-08,9.3369814594415377e-10,1.397369088943095e-07
5.196459698163371e-13,0.4632034008682566,154.0,0.0,0.0,0.0,0.99999845348788763,1.0,18.999999999509569,7.411387052889345e-08,4.2661345382500481e-07,4.2612331963922122e-07,4.9028433290409045e-10,1.5014712043763023e-13,3.846768468414597e-07,9.0585169820296939e-08,9.4243966131203857e-10,1.4296657762479526e-07
5.265546137711789e-13,0.46320340086822187,154.0,0.0,0.0,0.0,0.99999843297199453,1.0,18.999999999496477,7.5099206015829467e-08,4.3228523040792262e-07,4.3178201288863292e-07,5.0336966481045906e-10,1.5214552058555599e-13,3.875394756259747e-07,9.2646916155917876e-08,9.5110138560480657e-10,1.4622054116408023e-07
5.334632577260208e-13,0.46320340086818695,154.0,0.0,0.0,0.0,0.99999841245690624,1.0,18.999999999483219,7.6084541465984891e-08,4.3795700676064742e-07,4.3744053458287747e-07,5.1662631916466282e-10,1.5414139452070358e-13,3.903622437612779e-07,9.4723841591995245e-08,9.5968404713861268e-10,1.4949846121943935e-07
5.403719016808626e-13,0.4632034008681512,154.0,0.0,0.0,0.0,0.99999839194261153,1.0,18.999999999469789,7.7069876879360543e-08,4.4362878288002492e-07,4.4309888476076261e-07,5.3005425716829648e-10,1.5613790590874961e-13,3.931457062873278e-07,9.681573476599573e-08,9.6818836758323852e-10,1.52800004206853e-07
5.541891895905463e-13,0.4632034008680789,154.0,0.0,0.0,0.0,0.99999835091636102,1.0,18.999999999442416,7.9040547595775537e-08,4.5497233442077696e-07,4.5441507072263951e-07,5.5742382897415131e-10,1.6013083665956223e-13,3.9859689635443209e-07,1.0104359346900146e-07,9.8496483913081012e-10,1.5947264767066931e-07
5.6800647750023e-13,0.46320340086800466,154.0,0.0,0.0,0.0,0.99999830989315952,1.0,18.999999999414356,8.1011218165080508e-08,4.6631588503055604e-07,4.6573057108454557e-07,5.8547807001644436e-10,1.6412400588562303e-13,4.0389733351035193e-07,1.0532885948959908e-07,1.0014364429474065e-09,1.662358946193472e-07
5.818237654099137e-13,0.4632034008679285,154.0,0.0,0.0,0.0,0.99999826887292564,1.0,18.999999999385611,8.2981888587281452e-08,4.7765943470983671e-07,4.7704538615662004e-07,6.1421667022406661e-10,1.6811700706825188e-13,4.0905118669478856e-07,1.0966994527063493e-07,1.0176087190991919e-09,1.7308723948253658e-07
5.956410533195974e-13,0.4632034008678506,154.0,0.0,0.0,0.0,0.99999822785558012,1.0,18.999999999356188,8.49525588623841e-08,4.890029834585034e-07,4.8835951624885982e-07,6.4363931966631103e-10,1.7211002263515621e-13,4.1406250955451831e-07,1.1406530715919009e-07,1.0334871069755236e-09,1.8002424598197457e-07
6.094583412292811e-13,0.46320340086777095,154.0,0.0,0.0,0.0,0.99999818684104624,1.0,18.999999999326075,8.6923228990394078e-08,5.0034653127663092e-07,4.9967296167112021e-07,6.7374570855280791e-10,1.7610304208495383e-13,4.1893524371562226e-07,1.1851344416049601e-07,1.0490769471651893e-09,1.8704454516484652e-07
6.232756291389648e-13,0.4632034008676894,154.0,0.0,0.0,0.0,0.99999814582924884,1.0,18.999999999295287,8.889389897131689e-08,5.116900781642882e-07,5.1098572273311426e-07,7.0453552723346153e-10,1.8009605944926206e-13,4.2367322185506623e-07,1.2301289676825839e-07,1.0643834832376416e-09,1.9414583355773827e-07
6.509102049583322e-13,0.463203400867521,154.0,0.0,0.0,0.0,0.99999806381357403,1.0,18.999999999231648,9.28352384919221e-08,5.3437716914843236e-07,5.33609193014446e-07,7.6816421607785927e-10,1.8808209159645604e-13,4.3275971304811918e-07,1.3216011174022508e-07,1.094167142231998e-09,2.0858248124964264e-07
6.785447807776996e-13,0.4632034008673453,154.0,0.0,0.0,0.0,0.99999798180799504,1.0,18.999999999165283,9.6776577424240615e-08,5.57064256411399e-07,5.5622992956772363e-07,8.3452291180182133e-10,1.9606812665742425e-13,4.4135057682589126e-07,1.4149606342620692e-07,1.1228781576803474e-09,2.2331700399084988e-07
7.06179356597067e-13,0.4632034008671625,154.0,0.0,0.0,0.0,0.99999789981198262,1.0,18.999999999096186,1.0071791576831125e-07,5.7975133995364012e-07,5.7884793486555046e-07,9.0360914224799054e-10,2.0405415837979295e-13,4.4947284766667599e-07,1.5101045693530049e-07,1.150555160295936e-09,2.3833315381614784e-07
7.338139324164345e-13,0.46320340086697237,154.0,0.0,0.0,0.0,0.99999781782503427,1.0,18.999999999024368,1.0465925352417071e-07,6.0243841977557711e-07,6.0146321137826823e-07,9.7542043749731007e-10,2.1204018865675908e-13,4.5715208548681941e-07,1.6069355889860482e-07,1.1772353895415241e-09,2.5361556898535028e-07
7.614485082358019e-13,0.46320340086677514,154.0,0.0,0.0,0.0,0.99999773584667428,1.0,18.999999998949828,1.0860059069185384e-07,6.251254958776102e-07,6.240757615739609e-07,1.049954329866999e-09,2.2002621771852033e-13,4.6441245573218335e-07,1.7053616696991337e-07,1.2029547435701292e-09,2.6914972584760602e-07
7.890830840551693e-13,0.4632034008665704,154.0,0.0,0.0,0.0,0.9999976538764529,1.0,18.999999998872564,1.1254192727139366e-07,6.4781256826011897e-07,6.4668558791845573e-07,1.1272083539085214e-09,2.2801224543799764e-13,4.7127680551441875e-07,1.8052958083256645e-07,1.2277478275793131e-09,2.8492189308281184e-07
8.167176598745367e-13,0.4632034008663588,154.0,0.0,0.0,0.0,0.99999757191394423,1.0,18.999999998792585,1.1648326326282141e-07,6.7049963692346309e-07,6.6929269287532909e-07,1.2071800464055596e-09,2.3599827185473237e-13,4.7776673575887951e-07,1.9066557472509399e-07,1.2516480004969899e-09,3.0091908834006499e-07
8.443522356939041e-13,0.46320340086614,154.0,0.0,0.0,0.0,0.99999748995874405,1.0,18.999999998709892,1.2042459866616671e-07,6.9318670186798349e-07,6.9189707890590818e-07,1.2898669463719884e-09,2.4398429696310422e-13,4.8390266926438173e-07,2.009363715236528e-07,1.2746874199030366e-09,3.1712903733313561e-07
8.719868115132715e-13,0.463203400865914,154.0,0.0,0.0,0.0,0.99999740801047099,1.0,18.999999998624482,1.2436593348145767e-07,7.1587376309400288e-07,7.1449874846927373e-07,1.3752665950498558e-09,2.5197032076163375e-13,4.8970391489120779e-07,2.1133461829885074e-07,1.2968970852556479e-09,3.3354013526289644e-07
8.996213873326389e-13,0.4632034008656807,154.0,0.0,0.0,0.0,0.99999732606876257,1.0,18.999999998536364,1.2830726770872091e-07,7.38560820601828e-07,7.3709770402226345e-07,1.4633765359073643e-09,2.5995634325144238e-13,4.9518872825225151e-07,2.2185336320419602e-07,1.3183068795671342e-09,3.5014141034139755e-07
9.272559631520063e-13,0.4632034008654403,154.0,0.0,0.0,0.0,0.99999724413327662,1.0,18.999999998445539,1.3224860134798169e-07,7.6124787439174864e-07,7.596939480194758e-07,1.5541943146368529e-09,2.6794236443239899e-13,5.0037436917332316e-07,2.3248603359486967e-07,1.3389456096190177e-09,3.6692248925770515e-07
9.548905389713737e-13,0.4632034008651927,154.0,0.0,0.0,0.0,0.99999716220368795,1.0,18.99999999835201,1.3618993439926386e-07,7.8393492446403988e-07,7.8228748291327105e-07,1.6477174791527815e-09,2.7592838430460755e-13,5.0527715604873954e-07,2.432264153287921e-07,1.3588410447417869e-09,3.8387356450970167e-07
9.82525114790741e-13,0.463203400864938,154.0,0.0,0.0,0.0,0.99999708027969003,1.0,18.999999998255774,1.401312668625901e-07,8.066219708189626e-07,8.0487831115377556e-07,1.743943579589716e-09,2.839144028681722e-13,5.0991251720322985e-07,2.5406863320770186e-07,1.3780199541827998e-09,4.0098536353511699e-07
1e-12,0.46320340086467615,154.0,0.0,0.0,0.0,0.99999702847732463,1.0,18.999999998193523,1.4262359113175308e-07,8.2096825499442906e-07,8.1916235732649484e-07,1.8061866323414036e-09,2.88964407613164e-13,5.1271233189714546e-07,2.6097480374243639e-07,1.3897897652048789e-09,4.1188507103762899e-07
1.0101596906101085e-12,0.46320340086467615,154.0,0.0,0.0,0.0,0.99999699836099099,1.0,18.999999998156838,1.4407259873798195e-07,8.2930901345676381e-07,8.2746643518888329e-07,1.8428701683003171e-09,2.9190042012317039e-13,5.1429503942510847e-07,2.6500713249543406e-07,1.3965081431153971e-09,4.1824911954265442e-07
1.0377942664294759e-12,0.46320340086440703,154.0,0.0,0.0,0.0,0.99999691644731581,1.0,18.999999998055205,1.4801393002545975e-07,8.5199605237767783e-07,8.5005185746426022e-07,1.9444947998533322e-09,2.9988643606968275e-13,5.184385138555806e-07,2.7603666144299785e-07,1.4143304873534643e-09,4.3565654393210389e-07
1.0654288422488433e-12,0.4632034008641309,154.0,0.0,0.0,0.0,0.99999683453840316,1.0,18.99999999795088,1.5195526072504289e-07,8.7468308758192701e-07,8.7263458042334568e-07,2.0488150310315843e-09,3.0787245070778482e-13,5.2235597939031178e-07,2.8715225476099981e-07,1.4315109668233379e-09,4.5319980020960743e-07
1.0930634180682107e-12,0.4632034008638477,154.0,0.0,0.0,0.0,0.99999675263400567,1.0,18.999999997843855,1.5589659083674963e-07,8.9737011906972161e-07,8.9521460650735544e-07,2.1558284208299698e-09,3.1585846403754706e-13,5.2605976371830795e-07,2.9834921799179335e-07,1.4480726978322501e-09,4.7087147932292231e-07
1.120697993887578e-12,0.4632034008635573,154.0,0.0,0.0,0.0,0.9999966707338892,1.0,18.999999997734143,1.5983792036059734e-07,9.2005714684126144e-07,9.177919381552837e-07,2.2655325304534505e-09,3.2384447605903733e-13,5.2956152211646052e-07,3.0962311273628329e-07,1.4640379641716495e-09,4.8866457634554943e-07
1.1483325697069455e-12,0.4632034008632598,154.0,0.0,0.0,0.0,0.99999658883783182,1.0,18.999999997621746,1.6377924929660249e-07,9.4274417089673591e-07,9.4036657780390724e-07,2.3779249233150549e-09,3.3183048677231915e-13,5.328722741232232e-07,3.2096974268837114e-07,1.479428247098086e-09,5.0657246843552329e-07
1.1759671455263129e-12,0.46320340086295514,154.0,0.0,0.0,0.0,0.99999650694562336,1.0,18.999999997506656,1.6772057764478075e-07,9.6543119123632438e-07,9.6293852788778627e-07,2.4930031650338734e-09,3.3981649617745274e-13,5.3600243821290436e-07,3.3238514043077716e-07,1.4942642542349309e-09,5.2458889399584877e-07
1.2036017213456803e-12,0.4632034008626435,154.0,0.0,0.0,0.0,0.99999642505706487,1.0,18.999999997388887,1.7166190540514686e-07,9.881182078601971e-07,9.85507790839268e-07,2.6107648234330652e-09,3.4780250427449491e-13,5.3896186458151511e-07,3.4386555494999371e-07,1.5085659474346179e-09,5.4270793296991158e-07
1.2312362971650477e-12,0.46320340086232464,154.0,0.0,0.0,0.0,0.99999634317196773,1.0,18.999999997268439,1.7560323257771494e-07,1.0108052207685153e-06,1.0080743690884887e-06,2.7312074685378584e-09,3.5578851106349968e-13,5.4175986614499726e-07,3.5540743983197445e-07,1.5223525696377289e-09,5.6092398821126408e-07
1.258870872984415e-12,0.4632034008619988,154.0,0.0,0.0,0.0,0.99999626129015295,1.0,18.999999997145306,1.7954455916249824e-07,1.0334922299614324e-06,1.0306382650633758e-06,2.8543286725735513e-09,3.6377451654451773e-13,5.444052478454723e-07,3.6700744210213951e-07,1.5356426707641873e-09,5.7923176787030405e-07
1.2865054488037825e-12,0.4632034008616656,154.0,0.0,0.0,0.0,0.99999617941145169,1.0,18.999999997019501,1.8348588515950945e-07,1.0561792354390944e-06,1.0531994811896516e-06,2.9801260099635328e-09,3.7176052071759794e-13,5.4690633435813327e-07,3.7866239167442602e-07,1.5484541326716054e-09,5.9762626874218382e-07
1.3141400246231499e-12,0.4632034008613256,154.0,0.0,0.0,0.0,0.99999609753570318,1.0,18.999999996891024,1.874272105687606e-07,1.0788662372016379e-06,1.0757580198908343e-06,3.1085970573272731e-09,3.7974652358278514e-13,5.4927099628711019e-07,3.9036929137574529e-07,1.5608041932149064e-09,6.1610276052285901e-07
1.3417746004425173e-12,0.4632034008609785,154.0,0.0,0.0,0.0,0.99999601566275587,1.0,18.999999996759868,1.9136853539026297e-07,1.1015532352491935e-06,1.0983138835882402e-06,3.2397393934783501e-09,3.8773252514012224e-13,5.515066749330106e-07,4.0212530751435571e-07,1.5727094694397127e-09,6.3465677092357299e-07
1.3694091762618847e-12,0.46320340086062434,154.0,0.0,0.0,0.0,0.99999593379246565,1.0,18.999999996626048,1.9530985962402742e-07,1.1242402295818861e-06,1.1208670747009889e-06,3.3735505994224538e-09,3.957185253896505e-13,5.5362040570960671e-07,4.1392776096264874e-07,1.5841859799404789e-09,6.5328407159721697e-07
1.397043752081252e-12,0.463203400860263,154.0,0.0,0.0,0.0,0.99999585192469598,1.0,18.999999996489564,1.9925118327006419e-07,1.1469272201998323e-06,1.1434175956460012e-06,3.5100282583554014e-09,4.0370452433140812e-13,5.5561884028302173e-07,4.2577411872641365e-07,1.5952491664132976e-09,6.7198066483247927e-07
1.4246783279006195e-12,0.46320340085989464,154.0,0.0,0.0,0.0,0.99999577005931783,1.0,18.999999996350414,2.0319250632838291e-07,1.1696142071031442e-06,1.1659654488380048e-06,3.6491699556611589e-09,4.1169052196543131e-13,5.575082675031853e-07,4.3766198597401432e-07,1.6059139144324311e-09,6.9074277097385087e-07
1.4523129037199869e-12,0.46320340085951933,154.0,0.0,0.0,0.0,0.99999568819620865,1.0,18.999999996208604,2.0713382879899294e-07,1.1923011902919279e-06,1.1885106366895365e-06,3.790973278909852e-09,4.1967651829175461e-13,5.5929463319363914e-07,4.4958909850031367e-07,1.6161945734786207e-09,7.0956681652777655e-07
1.4799474795393543e-12,0.46320340085913697,154.0,0.0,0.0,0.0,0.99999560633525231,1.0,18.999999996064137,2.1107515068190296e-07,1.2149881697662832e-06,1.2110531616109411e-06,3.9354358178557897e-09,4.2766251331041032e-13,5.6098355886200137e-07,4.6155331560161628e-07,1.6261049762461324e-09,7.2844942291749434e-07
1.5075820553587217e-12,0.4632034008587475,154.0,0.0,0.0,0.0,0.99999552447633888,1.0,18.999999995917005,2.1501647197712129e-07,1.2376751455263056e-06,1.2335930260103777e-06,4.0825551644354892e-09,4.3564850702142893e-13,5.6258035938987712e-07,4.7355261333924517e-07,1.635658457254484e-09,7.4738739585124085e-07
1.535216631178089e-12,0.46320340085835104,154.0,0.0,0.0,0.0,0.99999544261936413,1.0,18.999999995767222,2.1895779268465573e-07,1.2603621175720862e-06,1.2561302322938204e-06,4.2323289127656915e-09,4.4363449942483959e-13,5.6409005975782467e-07,4.8558507817057437e-07,1.6448678707898578e-09,7.663777152703954e-07
1.5628512069974565e-12,0.4632034008579475,154.0,0.0,0.0,0.0,0.99999536076422924,1.0,18.99999999561479,2.2289911280451393e-07,1.2830490859037102e-06,1.2786647828650596e-06,4.3847546591413975e-09,4.516204905206696e-13,5.655174108580327e-07,4.9764890092746724e-07,1.6537456082003529e-09,7.8541752584591949e-07
1.5904857828168239e-12,0.46320340085753714,154.0,0.0,0.0,0.0,0.9999952789108405,1.0,18.99999999545971,2.2684043233670289e-07,1.3057360505212589e-06,1.301196680125706e-06,4.5398300020338841e-09,4.5960648030894441e-13,5.6686690444450186e-07,5.0974237112315778e-07,1.6623036145683763e-09,8.0450412799316193e-07
1.6457549344555587e-12,0.4632034008566952,154.0,0.0,0.0,0.0,0.99999511520895157,1.0,18.999999995141604,2.3472306963809971e-07,1.3511099686144379e-06,1.3462525243107701e-06,4.8579198821239053e-09,4.7557845596292521e-13,5.6934907244438686e-07,5.3401187404821774e-07,1.6785060775275329e-09,8.4280763807748908e-07
1.69549717093042e-12,0.46320340085591344,154.0,0.0,0.0,0.0,0.99999496788238085,1.0,18.999999994846267,2.4181744119959226e-07,1.3919464821968985e-06,1.3867937338034838e-06,5.1532383466445954e-09,4.8995322957989942e-13,5.7135698939555908e-07,5.5594049787989909e-07,1.6921060655165911e-09,8.7741664065847237e-07
1.7452394074052813e-12,0.4632034008551092,154.0,0.0,0.0,0.0,0.99999482056022015,1.0,18.999999994542385,2.4891181085713167e-07,1.4327829837468468e-06,1.4273263838202813e-06,5.4571042545650376e-09,5.0432799896073307e-13,5.7317207439851788e-07,5.7794254948644709e-07,1.7048371365637176e-09,9.1214153213187118e-07
1.7949816438801426e-12,0.46320340085428224,154.0,0.0,0.0,0.0,0.99999467324207736,1.0,18.99999999422997,2.5600617861074806e-07,1.4736194732646281e-06,1.4678504882887914e-06,5.7695036786012432e-09,5.1870276410553372e-13,5.7481284686927455e-07,6.0001097656357504e-07,1.7167548065472433e-09,9.4697118216169792e-07
1.844723880355004e-12,0.4632034008534327,154.0,0.0,0.0,0.0,0.99999452592759619,1.0,18.999999993909036,2.631005444604689e-07,1.5144559507505558e-06,1.508366061113923e-06,6.0904227141581931e-09,5.3307752501439253e-13,5.7629604675447908e-07,6.221394044395643e-07,1.7279110437233512e-09,9.8189552988909624e-07
1.8944661168298655e-12,0.4632034008525607,154.0,0.0,0.0,0.0,0.99999437861645246,1.0,18.999999993579596,2.7019490840631914e-07,1.5552924162049176e-06,1.5488731161779068e-06,6.4198474792928758e-09,5.474522816873916e-13,5.776368059227365e-07,6.4432207080842659e-07,1.7383544957642954e-09,1.0169054809246126e-06
1.944208353304727e-12,0.4632034008516662,154.0,0.0,0.0,0.0,0.99999423130835219,1.0,18.999999993241666,2.7728927044832174e-07,1.5961288696279738e-06,1.5893716673403311e-06,6.7577641146773829e-09,5.618270341246111e-13,5.7884880292030973e-07,6.6655376679800509e-07,1.7481307021077675e-09,1.0519928143386243e-06
1.993950589779588e-12,0.46320340085074946,154.0,0.0,0.0,0.0,0.99999408400302781,1.0,18.999999992895258,2.8438363058649747e-07,1.6369653110199631e-06,1.6298617284381834e-06,7.1041587835620423e-09,5.7620178232611495e-13,5.7994440292086624e-07,6.8882978367627737e-07,1.757282292819801e-09,1.0871500985502813e-06
2.0436928262544495e-12,0.4632034008498101,154.0,0.0,0.0,0.0,0.99999393670023606,1.0,18.999999992540388,2.9147798882086537e-07,1.6778017403811026e-06,1.6703433132858908e-06,7.4590176717386562e-09,5.905765262919607e-13,5.8093478375946836e-07,7.1114586485685767e-07,1.7658491744137728e-09,1.1223706155799388e-06
2.0934350627293108e-12,0.46320340084884826,154.0,0.0,0.0,0.0,0.99999378939975625,1.0,18.999999992177063,2.9857234515144297e-07,1.7186381577115915e-06,1.7108164356753546e-06,7.8223269875037499e-09,6.0495126602220753e-13,5.8183004981651968e-07,7.3349816253130877e-07,1.7738687037716559e-09,1.1576482926038815e-06
2.143177299204172e-12,0.4632034008478644,154.0,0.0,0.0,0.0,0.99999364210138664,1.0,18.999999991805296,3.0566669957824599e-07,1.7594745630116105e-06,1.7512811093759908e-06,8.1940729616219287e-09,6.1932600151689916e-13,5.8263933504023545e-07,7.5588319843757041e-07,1.7813758509938828e-09,1.1929776400368885e-06
2.1929195356790334e-12,0.4632034008468582,154.0,0.0,0.0,0.0,0.99999349480494482,1.0,18.999999991425117,3.1276105210128916e-07,1.8003109562813258e-06,1.79173734813477e-06,8.5742418472892544e-09,6.3370073277607294e-13,5.8337089619898486e-07,7.7829782834890969e-07,1.7884033519287866e-09,1.228353695486734e-06
2.2426617721538947e-12,0.46320340084582956,154.0,0.0,0.0,0.0,0.99999334751026436,1.0,18.999999991036525,3.198554027205856e-07,1.8411473375208885e-06,1.8321851656762517e-06,8.9628199200967064e-09,6.4807545979977462e-13,5.8403219718045396e-07,8.0073920997229625e-07,1.794981850959139e-09,1.2637719730896326e-06
2.292404008628756e-12,0.46320340084477873,154.0,0.0,0.0,0.0,0.99999320021719351,1.0,18.999999990639537,3.2694975143614764e-07,1.8819837067304369e-06,1.8726245757026261e-06,9.3597934779936931e-09,6.6245018258803257e-13,5.8462998514417582e-07,8.2320477394906332e-07,1.8011400346344245e-09,1.2992284177418804e-06
2.3421462451036174e-12,0.4632034008437058,154.0,0.0,0.0,0.0,0.99999305292559504,1.0,18.999999990234169,3.340440982479864e-07,1.9228200639100976e-06,1.9130555918937476e-06,9.7651488412516324e-09,6.7682490114086719e-13,5.8517035932212247e-07,8.4569219765523152e-07,1.8069047567389287e-09,1.3347193637500785e-06
2.3918884815784787e-12,0.46320340084261075,154.0,0.0,0.0,0.0,0.99999290563534327,1.0,18.999999989820434,3.411384431561121e-07,1.963656409059987e-06,1.9534782279071756e-06,1.0178872352427561e-08,6.9119961545831473e-13,5.8565883321829513e-07,8.6819938151553303e-07,1.8123011553720498e-09,1.3702414974486207e-06
2.44163071805334e-12,0.4632034008414935,154.0,0.0,0.0,0.0,0.99999275834632395,1.0,18.99999998939834,3.4823278616053396e-07,2.0044927421802111e-06,1.9938924973782085e-06,1.0600950376327868e-08,7.0557432554039407e-13,5.8610039085760521e-07,8.9072442758350161e-07,1.8173527625624093e-09,1.4057918233936057e-06
2.4913729545282013e-12,0.4632034008403541,154.0,0.0,0.0,0.0,0.99999261105843351,1.0,18.999999988967907,3.5532712726126085e-07,2.0453290632708661e-06,2.0342984139199254e-06,1.1031369299972002e-08,7.1994903138710996e-13,5.8649953764409776e-07,9.1326562017435646e-07,1.8220816068863961e-09,1.4413676337965888e-06
2.5411151910030627e-12,0.46320340083919287,154.0,0.0,0.0,0.0,0.9999924637715768,1.0,18.999999988529147,3.6242146645830037e-07,2.0861653723320426e-06,2.0746959911232189e-06,1.1470115532556308e-08,7.3432373299849288e-13,5.8686034632988872e-07,9.3582140835975749e-07,1.8265083095275891e-09,1.4769664808968357e-06
2.590857427477924e-12,0.4632034008380094,154.0,0.0,0.0,0.0,0.99999231648566778,1.0,18.999999988082074,3.6951580375166017e-07,2.1270016693638207e-06,2.115085242556833e-06,1.1917175505417897e-08,7.4869843037455588e-13,5.8718649856090808e-07,9.5839039014693743e-07,1.8306521741934459e-09,1.5125861519919558e-06
2.6405996639527853e-12,0.46320340083680406,154.0,0.0,0.0,0.0,0.9999921692006275,1.0,18.999999987626701,3.7661013914134657e-07,2.167837954366277e-06,2.1554661817674012e-06,1.2372535671998565e-08,7.6307312351528975e-13,5.8748132243042953e-07,9.8097129817809257e-07,1.8345312712853274e-09,1.5482246468678908e-06
2.6903419004276466e-12,0.4632034008355768,154.0,0.0,0.0,0.0,0.99999202191638492,1.0,18.999999987163037,3.837044726273658e-07,2.2086742273394784e-06,2.1958388222794821e-06,1.283618250780878e-08,7.7744781242071934e-13,5.8774782642935757e-07,1.0035629868019123e-06,1.8381625166926619e-09,1.58388015739449e-06
2.740084136902508e-12,0.46320340083432776,154.0,0.0,0.0,0.0,0.99999187463287464,1.0,18.999999986691105,3.9079880420972365e-07,2.2495104882834902e-06,2.2362031775955957e-06,1.3308102510391746e-08,7.9182249709085807e-13,5.8798873013938172e-07,1.0261644203854401e-06,1.8415617455549971e-09,1.619551049078644e-06
2.7898263733773693e-12,0.46320340083305667,154.0,0.0,0.0,0.0,0.99999172735003683,1.0,18.999999986210906,3.9789313388842518e-07,2.2903467371983687e-06,2.2765592611962595e-06,1.3788282199287493e-08,8.0619717752568202e-13,5.8820649197894486e-07,1.0487746627482454e-06,1.8447437813117714e-09,1.6552358443887096e-06
2.8395686098522306e-12,0.4632034008317638,154.0,0.0,0.0,0.0,0.99999158006781719,1.0,18.999999985722464,4.0498746166347527e-07,2.3311829740841693e-06,2.3169070865400261e-06,1.4276708115997033e-08,8.205718537252132e-13,5.8840333428328622e-07,1.0713928676117923e-06,1.8477225003396851e-09,1.6909332076811763e-06
2.889310846327092e-12,0.4632034008304492,154.0,0.0,0.0,0.0,0.99999143278616653,1.0,18.999999985225791,4.1208178753487822e-07,2.37201919894094e-06,2.3572466670635199e-06,1.4773366823946608e-08,8.3494652568946797e-13,5.8858126597499821e-07,1.0940182699663555e-06,1.8505108924597348e-09,1.7266419315754605e-06
2.9390530828019532e-12,0.46320340082911277,154.0,0.0,0.0,0.0,0.99999128550503957,1.0,18.999999984720901,4.191761115026383e-07,2.4128554117687264e-06,2.3975780161814679e-06,1.5278244908451956e-08,8.4932119341840785e-13,5.8874210305764083e-07,1.1166501782669307e-06,1.8531211175784994e-09,1.7623609246370541e-06
2.9887953192768146e-12,0.46320340082775463,154.0,0.0,0.0,0.0,0.99999113822439478,1.0,18.999999984207797,4.2627043356675927e-07,2.4536916125675705e-06,2.4379011472867452e-06,1.5791328976682637e-08,8.6369585691205001e-13,5.8888748714195692e-07,1.1392879673783399e-06,1.8555645587110011e-09,1.7980892002431052e-06
3.038537555751676e-12,0.4632034008263749,154.0,0.0,0.0,0.0,0.99999099094419497,1.0,18.999999983686511,4.3336475372724454e-07,2.4945278013375112e-06,2.4782160737504009e-06,1.6312605657626456e-08,8.7807051617042101e-13,5.8901890219329594e-07,1.161931072197712e-06,1.8578518716161641e-09,1.833825866517064e-06
3.0882797922265372e-12,0.4632034008249735,154.0,0.0,0.0,0.0,0.99999084366440538,1.0,18.999999983157043,4.4045907198409752e-07,2.5353639780785838e-06,2.5185228089217013e-06,1.6842061602053902e-08,8.9244517119346622e-13,5.8913768967062693e-07,1.1845789818894595e-06,1.8599930312610292e-09,1.8695701172300008e-06
3.1380220287013985e-12,0.4632034008235504,154.0,0.0,0.0,0.0,0.99999069638499483,1.0,18.999999982619403,4.4755338833732115e-07,2.5762001427908216e-06,2.5588213661281609e-06,1.7379683482482675e-08,9.0681982198119655e-13,5.8924506221149756e-07,1.2072312346739596e-06,1.8619973753162415e-09,1.9053212235758206e-06
3.18776426517626e-12,0.4632034008221058,154.0,0.0,0.0,0.0,0.99999054910593466,1.0,18.999999982073614,4.5464770278691826e-07,2.6170362954742556e-06,2.5991117586755811e-06,1.7925457993142233e-08,9.2119446853365349e-13,5.8934211600274344e-07,1.2298874131167178e-06,1.863873644872575e-09,1.9410785267363564e-06
3.237506501651121e-12,0.4632034008206396,154.0,0.0,0.0,0.0,0.99999040182719845,1.0,18.999999981519686,4.6174201533289147e-07,2.657872436128912e-06,2.6393939998480841e-06,1.8479371849938448e-08,9.3556911085076697e-13,5.8942984196330798e-07,1.252547139869882e-06,1.8656300225561324e-09,1.9768414311603932e-06
3.2872487381259825e-12,0.46320340081915196,154.0,0.0,0.0,0.0,0.99999025454876256,1.0,18.999999980957632,4.6883632597524331e-07,2.6987085647548201e-06,2.6796681029081502e-06,1.9041411790418261e-08,9.4994374893253638e-13,5.8950913585325401e-07,1.2752100738226681e-06,1.8672741682084418e-09,2.0126093984880625e-06
3.386733211075705e-12,0.4632034008161121,154.0,0.0,0.0,0.0,0.99998995999270546,1.0,18.9999999798092,4.8302494154909157e-07,2.7803807859204819e-06,2.7601919476328831e-06,2.0189816980610654e-08,9.7869301239014014e-13,5.8964558644411305e-07,1.3205443603523518e-06,1.8702539818176382e-09,2.0841586232531106e-06
3.4762692367304555e-12,0.46320340081330313,154.0,0.0,0.0,0.0,0.99998969489307987,1.0,18.999999978747947,4.9579468905519096e-07,2.853885743831481e-06,2.8326357081479196e-06,2.1251040250895734e-08,1.0045673350170828e-12,5.89746896637176e-07,1.3613533908437849e-06,1.8726192549741347e-09,2.148565827857888e-06
3.565805262385206e-12,0.46320340081042494,154.0,0.0,0.0,0.0,0.99998942979413796,1.0,18.999999977660579,5.0856443039358818e-07,2.927390662769664e-06,2.9050533064512637e-06,2.2338386760043244e-08,1.0304416439213939e-12,5.8983134672646262e-07,1.4021688295057716e-06,1.8747194403002206e-09,2.2129831498333623e-06
3.655341288039956e-12,0.4632034008074779,154.0,0.0,0.0,0.0,0.99998916469579913,1.0,18.999999976547162,5.2133416556429297e-07,3.0008955427351277e-06,2.9774448191117657e-06,2.3451779939300732e-08,1.0563159391031959e-12,5.8990174010922026e-07,1.4429896087878999e-06,1.876584244849183e-09,2.2774089043125303e-06
3.744877313694707e-12,0.46320340080446215,154.0,0.0,0.0,0.0,0.99998889959799453,1.0,18.999999975407771,5.341038945673137e-07,3.0744003837279625e-06,3.049810322473884e-06,2.4591143444297836e-08,1.0821902205622566e-12,5.8996041309855497e-07,1.48381483900819e-06,1.8782400442583672e-09,2.3418416871501691e-06
3.834413339349458e-12,0.46320340080137773,154.0,0.0,0.0,0.0,0.99998863450066533,1.0,18.999999974242481,5.468736174026582e-07,3.1479051857482448e-06,3.1221498926583439e-06,2.575640115438868e-08,1.1080644882984405e-12,5.9000931311037885e-07,1.5246437785790355e-06,1.8797102573608362e-09,2.4062803279317757e-06
3.923949365004209e-12,0.46320340079822503,154.0,0.0,0.0,0.0,0.99998836940376123,1.0,18.999999973051381,5.5964333407033346e-07,3.2214099487960486e-06,3.1944636055627933e-06,2.694747717199627e-08,1.1339387423119653e-12,5.9005006379763503e-07,1.5654758092037031e-06,1.8810156784120659e-09,2.4707238508273083e-06
4.013485390658959e-12,0.46320340079500427,154.0,0.0,0.0,0.0,0.99998810430723917,1.0,18.999999971834541,5.7241304457034646e-07,3.294914672871435e-06,3.266751536862458e-06,2.8164295821958752e-08,1.1598129826025839e-12,5.9008401929276214e-07,1.606310415220478e-06,1.8821747722084927e-09,2.5351714419909768e-06
4.10302141631371e-12,0.4632034007917155,154.0,0.0,0.0,0.0,0.99998783921106182,1.0,18.999999970592029,5.8518274890270251e-07,3.3684193579744623e-06,3.3390137620107919e-06,2.9406781650877633e-08,1.1856872091700628e-12,5.9011230885843628e-07,1.6471471665993943e-06,1.8832039348631394e-09,2.5996224227257449e-06
4.192557441968461e-12,0.463203400788359,154.0,0.0,0.0,0.0,0.99998757411519801,1.0,18.999999969323923,5.9795244706740764e-07,3.4419240041051823e-06,3.4112503562401357e-06,3.0674859426467933e-08,1.2115614220147116e-12,5.9013587405046578e-07,1.687985704790383e-06,1.8841177252221964e-09,2.6640762271480977e-06
4.282093467623212e-12,0.4632034007849349,154.0,0.0,0.0,0.0,0.99998730901962041,1.0,18.999999968030309,6.1072213906446671e-07,3.5154286112636457e-06,3.4834613945623559e-06,3.1968454136910215e-08,1.2374356211362857e-12,5.9015549984115943e-07,1.7288257308713066e-06,1.8849290705624628e-09,2.7285323834826111e-06
4.3716294932779625e-12,0.4632034007814434,154.0,0.0,0.0,0.0,0.9999870439243056,1.0,18.999999966711243,6.234918248938847e-07,3.5889331794498963e-06,3.5556469517694973e-06,3.3287490990204481e-08,1.2633098065344169e-12,5.9017184072952481e-07,1.7696669956050399e-06,1.8856494495735804e-09,2.7929904983694955e-06
4.461165518932713e-12,0.46320340077788497,154.0,0.0,0.0,0.0,0.99998677882923348,1.0,18.999999965366815,6.3626150455566617e-07,3.6624377086639759e-06,3.6278071024344262e-06,3.4631895413526043e-08,1.2891839782095325e-12,5.9018544250608324e-07,1.8105092911512985e-06,1.886289054842172e-09,2.8574502437837356e-06
4.550701544587464e-12,0.4632034007742594,154.0,0.0,0.0,0.0,0.99998651373438663,1.0,18.999999963997094,6.4903117804981535e-07,3.7359421989059217e-06,3.6999419209114726e-06,3.6001593052583236e-08,1.3150581361614277e-12,5.9019676032166212e-07,1.8513524441859354e-06,1.8868569369872215e-09,2.9219113461755935e-06
4.640237570242215e-12,0.46320340077056726,154.0,0.0,0.0,0.0,0.99998624863975027,1.0,18.99999996260215,6.6180084537633669e-07,3.8094466501757711e-06,3.7720514813370741e-06,3.7396509770976965e-08,1.3409322803895445e-12,5.9020617370506549e-07,1.8921963101821208e-06,1.8873611325396172e-09,2.9863735774448461e-06
4.729773595896966e-12,0.46320340076680844,154.0,0.0,0.0,0.0,0.99998598354531121,1.0,18.999999961182063,6.7457050653523379e-07,3.8829510624735597e-06,3.8441358576304078e-06,3.8816571649562219e-08,1.3668064108944415e-12,5.9021399910068156e-07,1.933040768635949e-06,1.8878087775107495e-09,3.0508367474055734e-06
4.8193096215517164e-12,0.4632034007629832,154.0,0.0,0.0,0.0,0.99998571845105855,1.0,18.999999959736904,6.8734016152651045e-07,3.9564554357993174e-06,3.9161951234940329e-06,4.0261704985811419e-08,1.3926805276760125e-12,5.9022050035664292e-07,1.9738857190724809e-06,1.8882062082981354e-09,3.1153006974826783e-06
4.908845647206467e-12,0.463203400759092,154.0,0.0,0.0,0.0,0.99998545335698286,1.0,18.999999958266748,7.0010981035017071e-07,4.0299597701530783e-06,3.9882293524145277e-06,4.1731836293179603e-08,1.4185546307334379e-12,5.9022589748252958e-07,2.0147310777107588e-06,1.8885590513141952e-09,3.1797652954484299e-06
4.998381672861218e-12,0.4632034007551347,154.0,0.0,0.0,0.0,0.99998518826307548,1.0,18.999999956771671,7.1287945300621753e-07,4.1034640655348693e-06,4.060238617663117e-06,4.3226892300471491e-08,1.4444287200674095e-12,5.9023037394103978e-07,2.0555767746870997e-06,1.88887230255672e-09,3.2442304310401017e-06
5.087917698515969e-12,0.4632034007511116,154.0,0.0,0.0,0.0,0.99998492316932908,1.0,18.999999955251734,7.2564908949465482e-07,4.1769683219447193e-06,4.1322229922963027e-06,4.4746799951210438e-08,1.4703027956780079e-12,5.902340827153108e-07,2.0964227517446157e-06,1.8891503982392708e-09,3.3086960123134569e-06
5.1774537241707196e-12,0.463203400747023,154.0,0.0,0.0,0.0,0.99998465807573766,1.0,18.999999953707025,7.3841871981548587e-07,4.2504725393826588e-06,4.204182549156505e-06,4.629148640300922e-08,1.4961768575640669e-12,5.9023715136630243e-07,2.1372689603073378e-06,1.8893972775009819e-09,3.3731619626032175e-06
5.35652577548022e-12,0.4632034007386495,154.0,0.0,0.0,0.0,0.99998412788899893,1.0,18.99999995054355,7.6395796195434184e-07,4.3974808573428994e-06,4.3480274998609112e-06,4.9454905406926468e-08,1.5479249401650612e-12,5.9024177435726812e-07,2.2189619173187979e-06,1.889810970455435e-09,3.5020947261869796e-06
5.5176906216587716e-12,0.4632034007308913,154.0,0.0,0.0,0.0,0.99998365072141637,1.0,18.999999947612412,7.869432587861309e-07,4.5297882102234325e-06,4.4774038051051412e-06,5.2385999616456973e-08,1.5944981675696699e-12,5.9024464002094365e-07,2.2924860298627773e-06,1.8901077115736831e-09,3.6181349380302493e-06
5.6748360610569425e-12,0.46320340072312466,154.0,0.0,0.0,0.0,0.99998318545468179,1.0,18.999999944678144,8.0935528941748173e-07,4.6587957326572268e-06,4.6034771526197742e-06,5.532021994728086e-08,1.6399098287205248e-12,5.9024659334862596e-07,2.3641767532995549e-06,1.8903417685954359e-09,3.7312815953957516e-06
5.831981500455113e-12,0.4632034007151598,154.0,0.0,0.0,0.0,0.99998272018834777,1.0,18.999999941669003,8.3176730105016552e-07,4.7878031350422138e-06,4.7294755058781976e-06,5.8329314485462607e-08,1.6853214475949439e-12,5.9024794568672004e-07,2.4358676678386037e-06,1.8905316065692502e-09,3.8444285655885602e-06
5.989126939853284e-12,0.46320340070699784,154.0,0.0,0.0,0.0,0.99998225492240267,1.0,18.999999938585372,8.5417929368419824e-07,4.9168104173785162e-06,4.8553992496374646e-06,6.1412898474072968e-08,1.7307330241924126e-12,5.9024886049231511e-07,2.5075587112345182e-06,1.8906855455082778e-09,3.9575757503695337e-06
6.146272379251455e-12,0.4632034006986396,154.0,0.0,0.0,0.0,0.99998178965683771,1.0,18.999999935427631,8.7659126731959578e-07,5.0458175796662562e-06,4.981248766677905e-06,6.4570589132906849e-08,1.7761445585125279e-12,5.9024945652663143e-07,2.5792498382623447e-06,1.8908103380409359e-09,4.0707230783621446e-06
6.303417818649626e-12,0.4632034006900863,154.0,0.0,0.0,0.0,0.99998132439164611,1.0,18.999999932196172,8.9900322195637413e-07,5.1748246219055505e-06,5.1070244378132728e-06,6.7802005648326025e-08,1.8215560505548919e-12,5.9024982084386278e-07,2.6509410157713553e-06,1.8909114710935015e-09,4.1838704972460799e-06
6.460563258047797e-12,0.463203400681339,154.0,0.0,0.0,0.0,0.99998085912682166,1.0,18.999999928891359,9.2141515759454821e-07,5.303831544096516e-06,5.2327266419008596e-06,7.11067691631562e-08,1.8669675003191066e-12,5.9025001704333795e-07,2.722632219542573e-06,1.8909934013577005e-09,4.2970179687976074e-06
6.617708697445968e-12,0.4632034006723984,154.0,0.0,0.0,0.0,0.99998039386236037,1.0,18.999999925513585,9.4382707423413423e-07,5.4328383462392697e-06,5.3583557558515399e-06,7.4484502766636658e-08,1.9123789078047788e-12,5.9025009109775776e-07,2.7943234320693487e-06,1.8910597446801403e-09,4.4101654653867588e-06
6.7748541368441386e-12,0.46320340066326565,154.0,0.0,0.0,0.0,0.99997992859825846,1.0,18.999999922063211,9.66238971875147e-07,5.5618450283339259e-06,5.4839121546397775e-06,7.7934831484420378e-08,1.9577902730115164e-12,5.9025007616541552e-07,2.8660146407248323e-06,1.8911134340510975e-09,4.5233129670851392e-06
6.9319995762423095e-12,0.4632034006539418,154.0,0.0,0.0,0.0,0.99997946333451337,1.0,18.999999918540613,9.886508505176021e-07,5.6908515903805964e-06,5.6093962113135648e-06,8.1457382268625272e-08,2.0032015959389288e-12,5.9024999640207115e-07,2.9377058363103959e-06,1.8911568504662422e-09,4.636460459374958e-06
7.08914501564048e-12,0.4632034006444278,154.0,0.0,0.0,0.0,0.99997899807112278,1.0,18.999999914946162,1.0110627101615148e-06,5.819858032379393e-06,5.7348082970043314e-06,8.5051783987936342e-08,2.0486128765866299e-12,5.9024986953879695e-07,3.0093970120739664e-06,1.891191927932398e-09,4.7496079315997157e-06
7.246290455038651e-12,0.46320340063472437,154.0,0.0,0.0,0.0,0.99997853280808469,1.0,18.999999911280234,1.0334745508068996e-06,5.9488643543304275e-06,5.8601487809367824e-06,8.8717667417759426e-08,2.094024114954238e-12,5.9024970850967654e-07,3.0810881630901971e-06,1.8912202368197522e-09,4.8627553759859513e-06
7.403435894436822e-12,0.463203400624833,154.0,0.0,0.0,0.0,0.99997806754539775,1.0,18.999999907543195,1.0558863724537725e-06,6.0778705562338109e-06,5.985418030438696e-06,9.2454665230425273e-08,2.1394353110413701e-12,5.9024952264531898e-07,3.1527792858059631e-06,1.8912430514124625e-09,4.9759027869259237e-06
7.717726773233164e-12,0.4632034006044892,154.0,0.0,0.0,0.0,0.99997713702107305,1.0,18.999999899857226,1.1007099587520422e-06,6.3358825998980657e-06,6.2357442860357001e-06,1.0014054411994033e-07,2.230257576372699e-12,5.9024910111620583e-07,3.2961614369282797e-06,1.8912761145092741e-09,5.2021974936191057e-06
8.032017652029506e-12,0.4632034005834039,154.0,0.0,0.0,0.0,0.99997620649814212,1.0,18.999999891891161,1.1455334690564444e-06,6.5938941633730331e-06,6.4857899648480903e-06,1.0810651960461399e-07,2.3210796725776236e-12,5.902486397617484e-07,3.4395434521851685e-06,1.8912972693764935e-09,5.4284920307582604e-06
8.346308530825847e-12,0.46320340056158504,154.0,0.0,0.0,0.0,0.99997527597660019,1.0,18.999999883647874,1.1903569033670989e-06,6.8519052466595864e-06,6.7355579381964659e-06,1.1634972036471945e-07,2.4119015996531956e-12,5.9024815794551595e-07,3.5829253242030833e-06,1.8913106009135481e-09,5.6547863867060045e-06
8.660599409622189e-12,0.4632034005390398,154.0,0.0,0.0,0.0,0.99997434545644426,1.0,18.999999875130197,1.235180261684127e-06,7.1099158497585897e-06,6.9850510479739357e-06,1.2486730450800872e-07,2.502723357596508e-12,5.9024766606106259e-07,3.726307049024316e-06,1.8913188044628037e-09,5.8810805552160148e-06
8.974890288418531e-12,0.46320340051577574,154.0,0.0,0.0,0.0,0.99997341493767278,1.0,18.999999866340954,1.2800035440076482e-06,7.3679259726709034e-06,7.2342721069476179e-06,1.3365645926823084e-07,2.5935449464047002e-12,5.9024716886790721e-07,3.8696886248366295e-06,1.8913236324604031e-09,6.1073745334280693e-06
9.289181167214873e-12,0.46320340049180025,154.0,0.0,0.0,0.0,0.9999724844202843,1.0,18.999999857282919,1.3248267503377832e-06,7.6259356153973883e-06,7.4832238990571021e-06,1.4271440070665072e-07,2.6843663660749532e-12,5.902466684044708e-07,4.0130700508639975e-06,1.8913262229434639e-09,6.333668320117361e-06
9.603472046011214e-12,0.46320340046712055,154.0,0.0,0.0,0.0,0.99997155390427872,1.0,18.999999847958858,1.3696498806746521e-06,7.8839447779388955e-06,7.7319091797099635e-06,1.5203837341654836e-07,2.7751876166044915e-12,5.9024616597064242e-07,4.1564513266116312e-06,1.8913273301415681e-09,6.5599619145029339e-06
9.917762924807556e-12,0.463203400441744,154.0,0.0,0.0,0.0,0.9999706233896547,1.0,18.999999838371487,1.4144729350183744e-06,8.1419534602962797e-06,7.9803306760742183e-06,1.616256502307584e-07,2.8660086979905803e-12,5.9024566261158491e-07,4.2998324516817438e-06,1.8913274614516844e-09,6.7862553159569324e-06
1e-11,0.46320340041567765,154.0,0.0,0.0,0.0,0.99997037991224369,1.0,18.99999983581974,1.4262012834903407e-06,8.2094637061609737e-06,8.0452892222158824e-06,1.6417737371792393e-07,2.8897728344260782e-12,5.9024553083508795e-07,4.3373494059815641e-06,1.8913273793602306e-09,6.8454670166508387e-06
1.0232053803603898e-11,0.46320340041567765,154.0,0.0,0.0,0.0,0.99996969287641213,1.0,18.999999828523514,1.4592959133690705e-06,8.3999616624703863e-06,8.2284910873677398e-06,1.7147353193225495e-07,2.956829610230526e-12,5.9024515889227011e-07,4.4432134258594072e-06,1.8913269530420214e-09,7.012548524140098e-06
1.054634468240024e-11,0.4632034003889285,154.0,0.0,0.0,0.0,0.99996876236455101,1.0,18.999999818417606,1.5041188157268605e-06,8.6579693844620589e-06,8.4763930851446936e-06,1.815793469677186e-07,3.0476503533216779e-12,5.9024465492767807e-07,4.5865942491010536e-06,1.8913260218719668e-09,7.238841538983621e-06
1.0860635561196581e-11,0.4632034003615037,154.0,0.0,0.0,0.0,0.99996783185407112,1.0,18.999999808056408,1.5489416420918643e-06,8.9159766262721445e-06,8.7240393135790457e-06,1.9194045116402243e-07,3.1384709272614247e-12,5.902441507235395e-07,4.7299749214047136e-06,1.8913248086938406e-09,7.4651343604843521e-06
1.1489217318789266e-11,0.4632034003046546,154.0,0.0,0.0,0.0,0.99996597083725414,1.0,18.999999786578591,1.6385870668439933e-06,9.4319896693508887e-06,9.2185749038882134e-06,2.1341808557424347e-07,3.3201115676764548e-12,5.9024314169691582e-07,5.0167358131607626e-06,1.8913218599559837e-09,7.9177194233983387e-06
1.2117799076381952e-11,0.4632034002451848,154.0,0.0,0.0,0.0,0.99996410982596107,1.0,18.999999764110679,1.7282321876264186e-06,9.9480007917132935e-06,9.7121184746710318e-06,2.3588581879379595e-07,3.5017515314555144e-12,5.9024213270638368e-07,5.303496100788846e-06,1.8913185646724635e-09,8.3703037123471226e-06
1.2746380833974637e-11,0.4632034001831478,154.0,0.0,0.0,0.0,0.99996224882019158,1.0,18.999999740672862,1.8178770044400995e-06,1.0464009993365991e-05,1.0204690221890281e-05,2.5932345486653064e-07,3.6833908185791177e-12,5.9024112421943159e-07,5.5902557841126818e-06,1.8913151548293482e-09,8.8228872270520919e-06
1.3374962591567322e-11,0.46320340011859595,154.0,0.0,0.0,0.0,0.99996038781994556,1.0,18.999999716284929,1.9075215172859964e-06,1.0980017274315563e-05,1.0696309929665612e-05,2.8371120967938356e-07,3.8650294290283738e-12,5.9024011578841458e-07,5.8770148633044618e-06,1.8913117117565471e-09,9.2754699677846409e-06
1.4003544349160007e-11,0.46320340005158045,154.0,0.0,0.0,0.0,0.99995852682522302,1.0,18.999999690966249,1.9971657261650699e-06,1.1496022634568553e-05,1.1186996978665459e-05,3.0902970257045592e-07,4.0466673627849757e-12,5.9023910700787747e-07,6.1637733385203194e-06,1.8913082379716619e-09,9.7280519347908107e-06
1.463212610675269e-11,0.4632033999821519,154.0,0.0,0.0,0.0,0.99995666583602372,1.0,18.999999664735824,2.0868096310782789e-06,1.2012026074131447e-05,1.1676770354333088e-05,3.3525994810298044e-07,4.2283046198311833e-12,5.9023809806959107e-07,6.4505312096889609e-06,1.8913047330848779e-09,1.0180633127957702e-05
1.588928962193806e-11,0.4632033998362505,154.0,0.0,0.0,0.0,0.99995294387419553,1.0,18.999999609613727,2.2660965290109481e-06,1.3044027191212758e-05,1.2653650099108591e-05,3.9038168368127193e-07,4.5915771037242131e-12,5.9023607981954047e-07,7.0240451398535292e-06,1.8912976254452328e-09,1.1085793192723102e-05
1.6936136829573136e-11,0.4632033997078167,154.0,0.0,0.0,0.0,0.99994984459227554,1.0,18.999999561090988,2.4153888206299277e-06,1.3903374527327112e-05,1.3464475303598253e-05,4.3890411780296494e-07,4.8940741011101635e-12,5.9023439998153133e-07,7.501611606502805e-06,1.8912917519255914e-09,1.1839522762964791e-05
1.7982984037208212e-11,0.46320339957330287,154.0,0.0,0.0,0.0,0.99994674532567485,1.0,18.99999951027111,2.5646802691831201e-06,1.4762716536307514e-05,1.4272998032080826e-05,4.8972370079591159e-07,5.1965692213657859e-12,5.902327206115764e-07,7.979176397447277e-06,1.8912859522450215e-09,1.2593250186375909e-05
1.9029831244843287e-11,0.4632033994329137,154.0,0.0,0.0,0.0,0.99994364607439334,1.0,18.999999457231581,2.7139708746749605e-06,1.5622053218182848e-05,1.5079295794502039e-05,5.4276292274327531e-07,5.4990624644234615e-12,5.9023104071563169e-07,8.456739513073494e-06,1.8912801417453891e-09,1.3346975463564765e-05
2.0076678452478363e-11,0.46320339928684773,154.0,0.0,0.0,0.0,0.99994054683843137,1.0,18.999999402047312,2.8632606371098835e-06,1.648138457298173e-05,1.5883443486010299e-05,5.9794688852525918e-07,5.8015538302191436e-12,5.9022936041483149e-07,8.9343009533433191e-06,1.891274274504087e-09,1.4100698594469439e-05
2.1123525660113438e-11,0.4632033991352965,154.0,0.0,0.0,0.0,0.99993744761778858,1.0,18.999999344790666,3.0125495564923241e-06,1.7340710600732462e-05,1.6685513475519781e-05,6.552032292560109e-07,6.104043318692225e-12,5.9022768038148121e-07,9.4118607180087427e-06,1.8912683891711819e-09,1.4854419578696753e-05
2.2170372867748514e-11,0.463203398978445,154.0,0.0,0.0,0.0,0.99993434841246498,1.0,18.99999928553158,3.1618376328267174e-06,1.8200031301463122e-05,1.7485575690737492e-05,7.1446201725656635e-07,6.4065309297854041e-12,5.9022600059221035e-07,9.8894188070866666e-06,1.8912625270992933e-09,1.5608138416271636e-05
2.321722007538359e-11,0.46320339881647216,154.0,0.0,0.0,0.0,0.99993124922246002,1.0,18.999999224337611,3.3111248661174976e-06,1.9059346675201487e-05,1.8283697700732347e-05,7.7565568348580633e-07,6.7090166634444748e-12,5.9022432064183202e-07,1.0366975220739391e-05,1.891256680171889e-09,1.6361855107448478e-05
2.4264067283018665e-11,0.4632033986495507,154.0,0.0,0.0,0.0,0.99992815004777424,1.0,18.999999161274051,3.4604112563691006e-06,1.9918656721975081e-05,1.9079944795357355e-05,8.3871893811824876e-07,7.0115005196182172e-12,5.902226405460266e-07,1.0844529958968943e-05,1.8912508230714415e-09,1.7115569652228754e-05
2.531091449065374e-11,0.4632033984778476,154.0,0.0,0.0,0.0,0.99992505088840755,1.0,18.999999096403993,3.6096968035859603e-06,2.0777961441811196e-05,1.9874380062216046e-05,9.0358869357765294e-07,7.313982498258352e-12,5.9022096056449154e-07,1.1322083021684433e-05,1.8912449538620427e-09,1.7869282050467252e-05
2.6357761698288816e-11,0.46320339830152435,154.0,0.0,0.0,0.0,0.99992195174435927,1.0,18.999999029788398,3.7589815077725125e-06,2.1637260834736866e-05,2.0667064460860773e-05,9.7020399033869895e-07,7.6164625993192856e-12,5.9021928069195374e-07,1.1799634408895866e-05,1.8912390871565919e-09,1.8622992302178031e-05
2.740460890592389e-11,0.4632033981207367,154.0,0.0,0.0,0.0,0.99991885261562974,1.0,18.999998961486163,3.9082653689331907e-06,2.24965549007789e-05,2.1458056894633854e-05,1.0385059250858778e-06,7.9189408227579611e-12,5.9021760076281074e-07,1.227718412067431e-05,1.8912332284150252e-09,1.9376700407471488e-05
2.8451456113558967e-11,0.4632033979356355,154.0,0.0,0.0,0.0,0.99991575350221884,1.0,18.999998891554199,4.0575483870724315e-06,2.3355843639963877e-05,2.2247414279991055e-05,1.1084375813899917e-06,8.221417168533963e-12,5.9021592077708647e-07,1.275473215702776e-05,1.8912273705919891e-09,2.0130406366358507e-05
2.949830332119404e-11,0.46320339774636615,154.0,0.0,0.0,0.0,0.99991265440412647,1.0,18.999998820047523,4.2068305621946691e-06,2.4215127052318154e-05,2.3035191613556452e-05,1.1799439626533412e-06,8.5238916366092764e-12,5.9021424084001122e-07,1.3232278517924137e-05,1.8912215083847937e-09,2.0884110178786717e-05
3.054515052882912e-11,0.46320339755306933,154.0,0.0,0.0,0.0,0.99990955532135273,1.0,18.999998747019252,4.3561118943043362e-06,2.5074405137867872e-05,2.382144203685543e-05,1.2529719273766669e-06,8.8263642269479093e-12,5.9021256095356768e-07,1.37098232033707e-05,1.8912156443927592e-09,2.1637811844765811e-05
3.15919977364642e-11,0.46320339735588095,154.0,0.0,0.0,0.0,0.99990645625389729,1.0,18.999998672520746,4.5053923834058703e-06,2.5933677896638974e-05,2.4606216898903441e-05,1.3274701265704786e-06,9.1288349395162576e-12,5.902108810509132e-07,1.4187366213400892e-05,1.8912097825039253e-09,2.2391511364346832e-05
3.263884494409928e-11,0.4632033971549325,154.0,0.0,0.0,0.0,0.99990335720176016,1.0,18.999998596601628,4.6546720295037057e-06,2.6792945328657192e-05,2.5389565816654848e-05,1.4033889433061283e-06,9.4313037742830159e-12,5.9020920112953432e-07,1.4664907548023676e-05,1.8912039223201237e-09,2.3145208737542184e-05
3.473253935936943e-11,0.46320339674225813,154.0,0.0,0.0,0.0,0.99989715914344057,1.0,18.999998440691691,4.9532287927060144e-06,2.8511464212536956e-05,2.6952175971711488e-05,1.5592982770612854e-06,1.0036235810294714e-11,5.9020584125078188e-07,1.5619985191071353e-05,1.8911922057396659e-09,2.4652597044807254e-05
3.661686433311257e-11,0.4632033963592203,154.0,0.0,0.0,0.0,0.99989158094334085,1.0,18.99999829597856,5.2219269965599295e-06,3.0058112990788146e-05,2.8354112699253453e-05,1.7040108722029173e-06,1.0580668220345142e-11,5.9020281753378527e-07,1.6479549339910596e-05,1.8911816527886684e-09,2.6009239180672983e-05
3.8501189306855706e-11,0.46320339596584836,154.0,0.0,0.0,0.0,0.99988600279287154,1.0,18.999998147361076,5.4906224691508257e-06,3.1604744510751665e-05,2.9752127829805737e-05,1.8526278060404735e-06,1.1125094545912876e-11,5.9019979386867005e-07,1.7339108060511424e-05,1.8911710951480407e-09,2.7365874362350704e-05
4.038551428059884e-11,0.46320339556276124,154.0,0.0,0.0,0.0,0.99988042469203187,1.0,18.999997995073258,5.7593152105045673e-06,3.3151358772571068e-05,3.1146455364795583e-05,2.0049150772902791e-06,1.1669514786876779e-11,5.9019677015001834e-07,1.8198661352960637e-05,1.8911605460524357e-09,2.872250258996723e-05
4.226983925434198e-11,0.4632033951505415,154.0,0.0,0.0,0.0,0.99987484664082149,1.0,18.999997839335073,6.0280052206470142e-06,3.4697955776388247e-05,3.253731526677062e-05,2.1606527235465595e-06,1.221392894313487e-11,5.9019374642868131e-07,1.9058209217285538e-05,1.8911500007668221e-09,3.0079123863555464e-05
4.415416422808511e-11,0.46320339472973626,154.0,0.0,0.0,0.0,0.99986926863924031,1.0,18.999997680353278,6.2966924996040296e-06,3.6244535522343478e-05,3.3924914312576661e-05,2.3196339681038418e-06,1.2758337014585258e-11,5.9019072277223569e-07,1.9917751653507054e-05,1.8911394484289495e-09,3.1435738183138232e-05
4.603848920182825e-11,0.46320339430086027,154.0,0.0,0.0,0.0,0.99986369068728753,1.0,18.99999751832231,6.5653770474014743e-06,3.7791098010575592e-05,3.5309446917065852e-05,2.481664396248729e-06,1.3302739001178921e-11,5.9018769915801033e-07,2.077728866168048e-05,1.8911288944626527e-09,3.279234554879263e-05
4.792281417557138e-11,0.46320339386439735,154.0,0.0,0.0,0.0,0.99985811278496284,1.0,18.999997353424952,6.8340588640652099e-06,3.9337643241221938e-05,3.6691095877083465e-05,2.6465612112733708e-06,1.3847134902766179e-11,5.9018467555184946e-07,2.1636820241865481e-05,1.8911183470094967e-09,3.4148945960602641e-05
4.980713914931452e-11,0.46320339342080247,154.0,0.0,0.0,0.0,0.99985253493226611,1.0,18.999997185833042,7.1027379496210997e-06,4.0884171214418548e-05,3.8070033026632766e-05,2.8141525793105004e-06,1.439152471953196e-11,5.9018165196526881e-07,2.2496346394104345e-05,1.8911078000240836e-09,3.5505539418624771e-05
5.169146412305765e-11,0.46320339297050234,154.0,0.0,0.0,0.0,0.99984695712919658,1.0,18.999997015708072,7.3714143040950029e-06,4.2430681930300191e-05,3.9446419867985386e-05,2.9842769982232539e-06,1.4935908450740618e-11,5.9017862841652417e-07,2.3355867118436779e-05,1.8910972475762849e-09,3.686212592291153e-05
5.357578909680079e-11,0.4632033925138997,154.0,0.0,0.0,0.0,0.9998413793757539,1.0,18.999996843201892,7.6400879275127809e-06,4.3977175389000384e-05,4.0820408228781676e-05,3.1567826405047962e-06,1.5480286098334793e-11,5.9017560489984757e-07,2.4215382414911625e-05,1.8910866958302811e-09,3.8218705473529826e-05
5.5460114070543923e-11,0.4632033920513723,154.0,0.0,0.0,0.0,0.99983580167193797,1.0,18.999996668457264,7.9087588199002895e-06,4.5523651590651556e-05,4.2192140893147686e-05,3.3315267221615325e-06,1.6024657656604852e-11,5.9017258140547185e-07,2.5074892283579276e-05,1.8910761488221577e-09,3.9575278070548981e-05
5.734443904428706e-11,0.46320339158327556,154.0,0.0,0.0,0.0,0.99983022401774801,1.0,18.999996491608449,8.1774269812833971e-06,4.7070110535385026e-05,4.3561752120855951e-05,3.5083749835521966e-06,1.6569023141836103e-11,5.9016955793622465e-07,2.5934396724485317e-05,1.8910656006160068e-09,4.0931843714030747e-05
5.92287640180302e-11,0.463203391109943,154.0,0.0,0.0,0.0,0.99982464641318369,1.0,18.999996312781644,8.4460924116879585e-06,4.8616552223331126e-05,4.4929368080551901e-05,3.6872012561617193e-06,1.7113382507215452e-11,5.9016653449730842e-07,2.6793895737674411e-05,1.8910550487571507e-09,4.2288402404035453e-05
6.111308899177333e-11,0.4632033906316885,154.0,0.0,0.0,0.0,0.9998190688582449,1.0,18.999996132095362,8.7147551111398387e-06,5.0162976654619061e-05,4.6295107323374027e-05,3.867886988980907e-06,1.7657735887052367e-11,5.9016351108734092e-07,2.7653389323193761e-05,1.8910444987205711e-09,4.3644954140627372e-05
6.299741396551646e-11,0.46320339014880735,154.0,0.0,0.0,0.0,0.99981349135293085,1.0,18.999995949661102,8.9834150796648925e-06,5.1709383829377633e-05,4.7659081331967324e-05,4.0503206994931957e-06,1.8202082895844034e-11,5.9016048770355446e-07,2.8512877481091071e-05,1.891033951686217e-09,4.500149892387163e-05
6.48817389392596e-11,0.4632033896615777,154.0,0.0,0.0,0.0,0.99980791389724155,1.0,18.999995765583773,9.2520723172889782e-06,5.3255773747733302e-05,4.9021395005343867e-05,4.2343974888140586e-06,1.8746424640011389e-11,5.9015746434662171e-07,2.9372360211412746e-05,1.8910234027845515e-09,4.635803675383126e-05
6.676606391300273e-11,0.4632033891702601,154.0,0.0,0.0,0.0,0.99980233649117634,1.0,18.999995579961979,9.520726824037959e-06,5.4802146409815981e-05,5.0382146966694856e-05,4.4200187338790628e-06,1.929075794405901e-11,5.9015444101801384e-07,3.0231837514204885e-05,1.8910128518222927e-09,4.7714567630568828e-05
6.865038888674587e-11,0.4632033886750989,154.0,0.0,0.0,0.0,0.99979675913473487,1.0,18.999995392888341,9.7893785999376932e-06,5.6348501815742521e-05,5.1741429816767361e-05,4.6070918340670758e-06,1.9835091921939877e-11,5.9015141771740634e-07,3.1091309389514263e-05,1.8910023029875999e-09,4.9071091554147982e-05
7.0534713860489e-11,0.4632033881763248,154.0,0.0,0.0,0.0,0.99979118182791671,1.0,18.999995204449824,1.0058027645014041e-05,5.7894839965664282e-05,5.3099330541914729e-05,4.795529803149973e-06,2.0379400415955288e-11,5.9014839444401708e-07,3.1950775837387841e-05,1.8909917557456673e-09,5.0427608524632651e-05
7.241903883423214e-11,0.4632033876741556,154.0,0.0,0.0,0.0,0.99978560457072185,1.0,18.999995014728331,1.0326673959292855e-05,5.9441160859630753e-05,5.4455931030451661e-05,4.9852507529375905e-06,2.0923758500789788e-11,5.9014537119800085e-07,3.2810236857872209e-05,1.8909812066115314e-09,5.1784118542086179e-05
7.430336380797528e-11,0.4632033871687953,154.0,0.0,0.0,0.0,0.9997800273631493,1.0,18.999994823800982,1.0595317542799995e-05,6.0987464497981295e-05,5.5811308409971218e-05,5.1761775559607756e-06,2.1467950706373469e-11,5.9014234797977249e-07,3.3669692451013893e-05,1.8909706566238691e-09,5.3140621606571767e-05
7.618768878171841e-11,0.46320338666043365,154.0,0.0,0.0,0.0,0.99977445020519917,1.0,18.999994631740172,1.0863958395561325e-05,6.2533750880523347e-05,5.716553506876066e-05,5.3682378240555244e-06,2.2012292842390036e-11,5.9013932478925948e-07,3.4529142616859533e-05,1.8909601082654632e-09,5.4497117718152883e-05
