Time (s),Volume (m^3),N2,Ne,He,Ar,C7H10(1),O2(2),C7H10(146),C7H10(153),C7H9(5),C5H7(210),C2H4(115),C7H11(22),C7H10(21),C7H10(65),C7H10(18),C7H10(238),S(66),C7H11(46),C7H10(187),C7H12(16),C7H8(58),C5H8(336),S(388),C7H9O2(68),s(399),OH(22),H2O(23)
0.0,0.3481946479036531,76.950000000000003,0.0,0.0,0.0,1.0,9.5,0.0,0.0,0.0,0.0,0.0,0.0,0.0,0.0,0.0,0.0,0.0,0.0,0.0,0.0,0.0,0.0,0.0,0.0,0.0,0.0,0.0
4.1633201318852505e-20,0.3481946479036531,76.950000000000003,0.0,0.0,0.0,0.99999999999999967,9.5,7.0975272752983404e-27,2.101280340126098e-26,1.8304864486790468e-16,0.0,0.0,1.830486448679035e-16,2.2034973039553926e-17,5.4773165381582108e-30,9.2042101930583943e-19,0.0,1.6779981554333387e-26,9.3751813459694282e-32,0.0,1.986180381771296e-34,7.2697365596442309e-44,0.0,0.0,1.6778863047463982e-26,0.0,0.0,0.0
1.16572963692787e-19,0.3481946479036531,76.950000000000003,0.0,0.0,0.0,0.99999999999999889,9.5,4.286906339193252e-26,1.2691732854425805e-25,5.1253620557577551e-16,0.0,0.0,5.125362055757617e-16,6.1697924510750464e-17,3.3082991887547821e-29,2.5771787567322642e-18,0.0,1.0135108857634914e-25,5.662609532463686e-31,0.0,1.199652951142564e-33,1.0986025886758205e-42,0.0,0.0,1.0133781044542158e-25,0.0,0.0,0.0
2.6645248844065602e-19,0.3481946479036531,76.950000000000003,0.0,0.0,0.0,0.99999999999999745,9.5,2.0639607290263512e-25,6.1105226291829898e-25,1.1715113267741394e-15,0.0,0.0,1.1715113267740065e-15,1.4102382745314149e-16,1.5928036488572989e-28,5.8906938422888136e-18,0.0,4.8796186342264747e-25,2.7263027346551352e-30,0.0,5.7758125582932021e-33,1.1818265323101803e-41,0.0,0.0,4.8783151452035152e-25,0.0,0.0,0.0
5.66211537936394e-19,0.3481946479036531,76.950000000000003,0.0,0.0,0.0,0.99999999999999467,9.5,9.0138575457816241e-25,2.6686254120597292e-24,2.4894615683017743e-15,0.0,0.0,2.4894615683006099e-15,2.9967563333791515e-16,6.956191998924639e-28,1.2517722456217076e-17,0.0,2.1310576555675443e-24,1.1906480301602507e-29,0.0,2.5224490931340453e-32,1.0863021930833747e-40,0.0,0.0,2.1299050290257615e-24,0.0,0.0,0.0
1.16572963692787e-18,0.34819464790365307,76.950000000000003,0.0,0.0,0.0,0.99999999999998912,9.5,3.7631070769011109e-24,1.1140982784246235e-23,5.1253620478840034e-15,0.0,0.0,5.1253620478742705e-15,6.169792451074292e-16,2.9040732244509129e-27,2.5771773455337195e-17,0.0,8.8967462036124088e-24,4.9707211426321927e-29,0.0,1.0530728458335409e-31,9.2935439524942558e-40,0.0,0.0,8.8870626376321707e-24,0.0,0.0,0.0
2.3647658349108224e-18,0.3481946479036531,76.950000000000003,0.0,0.0,0.0,0.99999999999997791,9.5,1.5373512024283026e-23,4.5514525442891234e-23,1.0397162993182919e-14,0.0,0.0,1.0397162993103405e-14,1.2515864686463241e-15,1.1864086679798685e-26,5.2279850538655191e-17,0.0,3.6346111106289323e-23,2.0307017743350194e-28,0.0,4.302146216785392e-31,7.6840818342564019e-39,0.0,0.0,3.6266800512617338e-23,0.0,0.0,0.0
4.762838230876727e-18,0.34819464790365307,76.950000000000003,0.0,0.0,0.0,0.99999999999995548,9.5,6.2142126864861699e-23,1.8397679136677473e-22,2.094076482853074e-14,0.0,0.0,2.0940764827888948e-14,2.5208009157235816e-15,4.7956535120191021e-26,1.0529590504578959e-16,0.0,1.4691679175052738e-22,8.2084212283436746e-28,0.0,1.7389963123733938e-30,6.2485676927521476e-38,0.0,0.0,1.4627582417713103e-22,0.0,0.0,0.0
9.558983022808536e-18,0.3481946479036531,76.950000000000003,0.0,0.0,0.0,0.99999999999991063,9.5,2.4987022220957579e-22,7.3976099724090183e-22,4.2027968279910497e-14,0.0,0.0,4.2027968274769074e-14,5.0592298098759658e-15,1.9283111736375461e-25,2.1132761542355072e-16,0.0,5.9074595329482349e-22,3.3005700540264431e-27,0.0,6.9924278984998537e-30,5.0396961485104407e-37,0.0,0.0,5.8560785520123288e-22,0.0,0.0,0.0
1.9151272606672153e-17,0.3481946479036531,76.950000000000003,0.0,0.0,0.0,0.99999999999982103,9.5,1.002087042616912e-21,2.9667597179575511e-21,8.4202374318676366e-14,0.0,0.0,8.4202374277765623e-14,1.0136087598172216e-14,7.733390173454172e-25,4.2338944164503197e-16,0.0,2.3691554526089644e-21,1.3236761972726567e-26,0.0,2.8042764999450249e-29,4.0481579125118095e-36,0.0,0.0,2.3282579983408421e-21,0.0,0.0,0.0
3.8335851774399384e-17,0.3481946479036531,76.950000000000003,0.0,0.0,0.0,0.99999999999964173,9.5,4.0135405391534801e-21,1.1882411299177074e-20,1.6855118304322866e-13,0.0,0.0,1.6855118272070403e-13,2.0289803174730626e-14,3.0973897130543786e-24,8.4750671604774557e-16,0.0,9.488978957757586e-21,5.3016089193427467e-26,0.0,1.1231734379414364e-28,3.2450994640126099e-35,0.0,0.0,9.1665075556472814e-21,0.0,0.0,0.0
7.670501010985385e-17,0.3481946479036531,76.950000000000003,0.0,0.0,0.0,0.99999999999928313,9.5,1.6064345655369222e-20,4.7559794268205995e-20,3.372487878566853e-13,0.0,0.0,3.3724878535436363e-13,4.0597234327711113e-14,1.239763033900183e-23,1.6957157534594785e-15,0.0,3.798064240708158e-20,2.1220251043232693e-25,0.0,4.4956219077870825e-28,2.5987112088830294e-34,0.0,0.0,3.5478533855142056e-20,0.0,0.0,0.0
1.534433267807628e-16,0.34819464790365307,76.950000000000003,0.0,0.0,0.0,0.99999999999856604,9.5,6.4276098069652671e-20,1.9029458567046812e-19,6.7464395247161456e-13,0.0,0.0,6.7464393361282667e-13,8.1212096633126765e-14,4.9606666046423637e-23,3.3920317888462015e-15,0.0,1.5197202236540251e-19,8.490863662144875e-25,0.0,1.7988352105203799e-27,2.0800218587450981e-33,0.0,0.0,1.3311408729561491e-19,0.0,0.0,0.0
3.0691996012258067e-16,0.3481946479036531,76.950000000000003,0.0,0.0,0.0,0.99999999999713185,9.5,2.5712857053557319e-19,7.6124992436663172e-19,1.3494341371704121e-12,0.0,0.0,1.3494340020944297e-12,1.6244182124177666e-13,1.9845893934041136e-22,6.7842557509710455e-15,0.0,6.079868929493082e-19,3.3968976999114215e-24,0.0,7.1965190986250572e-27,1.6644383617133766e-32,0.0,0.0,4.7291432203007678e-19,0.0,0.0,0.0
6.138732268062164e-16,0.3481946479036531,76.950000000000003,0.0,0.0,0.0,0.99999999999426348,9.5,1.0284565996221201e-18,3.0448289237012067e-18,2.6990141189486631e-12,0.0,0.0,2.6990132269171563e-12,3.2490127045035097e-13,7.9390020792937144e-22,1.3567071633318794e-14,0.0,2.4321442642154776e-18,1.3588691407160133e-23,0.0,2.8788474633517118e-26,1.3317185734980778e-31,0.0,0.0,1.5401264045323203e-18,0.0,0.0,0.0
1.227779760173488e-15,0.3481946479036531,76.950000000000003,0.0,0.0,0.0,0.99999999998852662,9.5,4.1128630602961529e-18,1.2176463654190019e-17,5.39817330059249e-12,0.0,0.0,5.3981680280071912e-12,6.4982016883259775e-13,3.1757292880993156e-21,2.7126178370435261e-14,0.0,9.7289630265872479e-18,5.4356935391721167e-23,0.0,1.1515902765083804e-25,1.0654414505336831e-30,0.0,0.0,4.4564323159554613e-18,0.0,0.0,0.0
2.455592826908031e-15,0.3481946479036531,76.950000000000003,0.0,0.0,0.0,0.99999999997705302,9.5,1.6442747825848541e-17,4.8680084491311926e-17,1.0796490609274129e-11,0.0,0.0,1.0796463036017605e-11,1.2996579654574839e-12,1.2703172689685668e-20,5.4218316830427799e-14,0.0,3.8916564626441866e-17,2.1743182892703811e-22,0.0,4.6064902876629035e-25,8.5237912839677609e-30,0.0,0.0,1.1343526456871649e-17,0.0,0.0,0.0
4.911218960377117e-15,0.34819464790365307,76.950000000000003,0.0,0.0,0.0,0.99999999995410582,9.5,6.5699457746238974e-17,1.9450855708503396e-16,2.1593124370903557e-11,0.0,0.0,2.1592994675775806e-11,2.599333558148826e-12,5.0813198946933134e-20,1.0829849407633778e-13,0.0,1.5566720809558698e-16,8.6973347256255455e-22,0.0,1.8426432294603939e-24,6.8191278184042015e-29,0.0,0.0,2.597295376448199e-17,0.0,0.0,0.0
7.366845093846203e-15,0.3481946479036531,76.950000000000003,0.0,0.0,0.0,0.99999999993115862,9.5,1.3950585203214995e-16,4.1301835531872136e-16,3.2389757958627547e-11,0.0,0.0,3.2389467939687419e-11,3.8990091502817381e-12,1.0797836435050877e-19,1.6227477164608039e-13,0.0,3.3079287580612441e-16,1.8481852070756357e-21,0.0,3.9156776980148151e-24,2.0244355858643019e-28,0.0,0.0,4.0775791706119905e-17,0.0,0.0,0.0
9.82247122731529e-15,0.3481946479036531,76.950000000000003,0.0,0.0,0.0,0.99999999990821142,9.5,2.3781476544882181e-16,7.0406984270105328e-16,4.3186391510695487e-11,0.0,0.0,4.3185882828168476e-11,5.19868474185622e-12,1.8419866883666445e-19,2.1614734915332428e-13,0.0,5.6429315173297572e-16,3.1527852667915445e-21,0.0,6.6797785033695459e-24,4.4111447673462595e-28,0.0,0.0,5.5613790867858386e-17,0.0,0.0,0.0
1.4733723494253463e-14,0.34819464790365307,76.950000000000003,0.0,0.0,0.0,0.99999999986231691,9.5,4.9179255096359082e-16,1.4559916132408417e-15,6.4779658599861471e-11,0.0,0.0,6.4778575602859563e-11,7.7980359236945808e-12,3.8136052255786419e-19,3.2364974417776284e-13,0.0,1.1682940445996049e-15,6.5274300600637767e-21,0.0,1.3829975691921962e-23,1.2804197559352658e-27,0.0,0.0,8.5303597811387996e-17,0.0,0.0,0.0
1.9644975761191634e-14,0.3481946479036531,76.950000000000003,0.0,0.0,0.0,0.99999999981642262,9.5,8.3548434440521784e-16,2.4735189584795777e-15,8.6372925682942722e-11,0.0,0.0,8.6371053713728438e-11,1.0397387103479403e-11,6.4859491876195911e-19,4.3077244974334004e-13,0.0,1.986955735670689e-15,1.1101423900729089e-20,0.0,2.3521735371189888e-23,2.8001324905977819e-27,0.0,0.0,1.1499766985984821e-16,0.0,0.0,0.0
2.4556228028129804e-14,0.34819464790365307,76.950000000000003,0.0,0.0,0.0,0.99999999977052823,9.5,1.2749850552623772e-15,3.7746963507895514e-15,1.079661927631599e-10,0.0,0.0,1.0796330183042561e-10,1.2996738281063989e-11,9.9090703904178133e-19,5.374896708494708e-13,0.0,3.0356083583922071e-15,1.6960422776117564e-20,0.0,3.5936777114322944e-23,5.2534247947918912e-27,0.0,0.0,1.4469265641508818e-16,0.0,0.0,0.0
3.4378732562006145e-14,0.34819464790365307,76.950000000000003,0.0,0.0,0.0,0.99999999967873954,9.4999999999999964,2.4453217726572331e-15,7.2395728354997699e-15,1.511527269193253e-10,0.0,0.0,1.5114709365325225e-10,1.8195440629494276e-11,1.9054803980542687e-18,7.4969111786584172e-13,0.0,5.8373142479885698e-15,3.2614072200398759e-20,0.0,6.9108951821065298e-23,1.4374278013192851e-26,0.0,0.0,2.0408092723693073e-16,0.0,0.0,0.0
5.402374162975883e-14,0.348194647903653,76.950000000000003,0.0,0.0,0.0,0.99999999949516238,9.4999999999999858,5.9323255879985131e-15,1.7563129588236776e-14,2.3752579520886847e-10,0.0,0.0,2.3751187699715869e-10,2.8592845299564146e-11,4.6487980020520981e-18,1.1692424890201207e-12,0.0,1.4240988323166156e-14,7.9567237880306687e-20,0.0,1.6862432445833686e-22,5.7086707909746771e-26,0.0,0.0,3.228565177725488e-16,0.0,0.0,0.0
7.366875069751152e-14,0.348194647903653,76.950000000000003,0.0,0.0,0.0,0.99999999931158567,9.4999999999999734,1.0933097816966617e-14,3.2368320132043159e-14,3.2389886346683552e-10,0.0,0.0,3.23872923541202e-10,3.8990249933882382e-11,8.6120581081540237e-18,1.582387258537616e-12,0.0,2.6381409615786936e-14,1.4739887576471808e-19,0.0,3.1241490035857761e-22,1.4292340258503024e-25,0.0,0.0,4.4163200557640116e-16,0.0,0.0,0.0
1.129587688330169e-13,0.34819464790365284,76.950000000000003,0.0,0.0,0.0,0.99999999894443348,9.4999999999999378,2.5357131112194554e-14,7.5071837022461148e-14,4.9664499988767238e-10,0.0,0.0,4.9658381070285637e-10,5.9785059095296291e-11,2.0197302878574006e-17,2.3899598498692808e-12,0.0,6.1868020748027239e-14,3.4567404581859208e-19,0.0,7.3285021982352281e-22,5.2244139550684182e-25,0.0,0.0,6.7918307069941903e-16,0.0,0.0,0.0
1.4652357295561452e-13,0.34819464790365273,76.950000000000003,0.0,0.0,0.0,0.99999999863078259,9.4999999999998952,4.2271289295934366e-14,1.2514756999526274e-13,6.4421912947859283e-10,0.0,0.0,6.4411599416575463e-10,7.7549715996535377e-11,3.3958214348130568e-17,3.0604214451506206e-12,0.0,1.0401684816776471e-13,5.8117591231169059e-19,0.0,1.232369879568006e-21,1.1198466514214897e-24,0.0,0.0,8.8211896786609093e-16,0.0,0.0,0.0
1.8008837707821214e-13,0.34819464790365245,76.950000000000003,0.0,0.0,0.0,0.99999999831713293,9.4999999999998419,6.3291069696821693e-14,1.8737832952002099e-13,7.9179325897706798e-10,0.0,0.0,7.9163727570730832e-10,9.5314372793442496e-11,5.1279216026074027e-17,3.7135071421083419e-12,0.0,1.5706744331187705e-13,8.7759364099489892e-19,0.0,1.8612816729356388e-21,2.0563516577921545e-24,0.0,0.0,1.0850548642175723e-15,0.0,0.0,0.0
2.1365318120080976e-13,0.3481946479036523,76.950000000000003,0.0,0.0,0.0,0.99999999800348438,9.499999999999778,8.831773892446049e-14,2.6147180741081529e-13,9.3936738838309764e-10,0.0,0.0,9.3914765637877091e-10,1.1307902948601833e-10,7.2160285932352149e-17,4.3496348022113049e-12,0.0,2.2101875493201733e-13,1.2349226797923624e-18,0.0,2.6196464327539847e-21,3.402527910836477e-24,0.0,0.0,1.2879907603751547e-15,0.0,0.0,0.0
2.472179853234074e-13,0.348194647903652,76.950000000000003,0.0,0.0,0.0,0.99999999768983694,9.4999999999997033,1.1724766289878549e-13,3.4712118659368598e-13,1.0869415176966822e-09,0.0,0.0,1.0866471372775973e-09,1.3084368607426327e-10,9.6601411287280641e-17,4.9692430277271548e-12,0.0,2.9586968557886137e-13,1.6531583183977639e-18,0.0,3.5075299816490331e-21,5.2342862138209367e-24,0.0,0.0,1.4909266567516824e-15,0.0,0.0,0.0
3.1434759356860263e-13,0.3481946479036512,76.950000000000003,0.0,0.0,0.0,0.99999999706254483,9.4999999999995204,1.8646517021878055e-13,5.520452139003759e-13,1.3820897760465169e-09,0.0,0.0,1.381613403507173e-09,1.6637299893776073e-10,1.5616382175078602e-16,6.1603913604053288e-12,0.0,4.7826665413691859e-13,2.6723334531715841e-18,0.0,5.6720867772405471e-21,1.0622084839604489e-23,0.0,0.0,1.8967984492097829e-15,0.0,0.0,0.0
3.747642409892784e-13,0.34819464790365046,76.950000000000003,0.0,0.0,0.0,0.99999999649798543,9.4999999999993179,2.6115115137166499e-13,7.7315910016449585e-13,1.6477232082452083e-09,0.0,0.0,1.6470457762498473e-09,1.9834938015809761e-10,2.2194535648413831e-16,7.179986697891717e-12,0.0,6.7969026448401325e-13,3.7978475831596419e-18,0.0,8.0637852882767226e-21,1.7869505630173907e-23,0.0,0.0,2.2620830618239002e-15,0.0,0.0,0.0
4.351808884099541e-13,0.34819464790364946,76.950000000000003,0.0,0.0,0.0,0.99999999593342903,9.4999999999990798,3.4698619181708181e-13,1.0272806779673709e-12,1.9133566401443807e-09,0.0,0.0,1.9124428502057158e-09,2.3032576104040358e-10,2.9926144204459153e-16,8.1523967584787495e-12,0.0,9.1641216401375866e-13,5.1206290495240267e-18,0.0,1.0876149861238676e-20,2.7865847759167118e-23,0.0,0.0,2.6273676741649276e-15,0.0,0.0,0.0
4.955975358306298e-13,0.3481946479036484,76.950000000000003,0.0,0.0,0.0,0.99999999536887552,9.4999999999988098,4.4344484278418383e-13,1.3128543137347414e-12,2.1789900717440345e-09,0.0,0.0,2.1778046316568732e-09,2.6230214158467858e-10,3.881120807333908e-16,9.0798453571728309e-12,0.0,1.1884260706599863e-12,6.6406511997689236e-18,0.0,1.4109574307961375e-20,4.1062339383871365e-23,0.0,0.0,2.9926522859151775e-15,0.0,0.0,0.0
5.560141832513055e-13,0.34819464790364707,76.950000000000003,0.0,0.0,0.0,0.99999999480432478,9.4999999999985025,5.5003692639225149e-13,1.6284287962145996e-12,2.4446235030441699e-09,0.0,0.0,2.443131126791064e-09,2.9427852179092266e-10,4.8849727526462945e-16,9.9644070347996853e-12,0.0,1.4957257967039631e-12,8.3578877835191762e-18,0.0,1.7764446566467186e-20,5.7903568989731487e-23,0.0,0.0,3.3579368974931433e-15,0.0,0.0,0.0
6.164308306719812e-13,0.3481946479036457,76.950000000000003,0.0,0.0,0.0,0.99999999423977648,9.4999999999981597,6.6629674874172504e-13,1.9726254009609549e-12,2.7102569340447878e-09,0.0,0.0,2.7084223417748361e-09,3.2625490165913586e-10,6.0041702628883212e-16,1.0808052710580533e-11,0.0,1.8383051756235319e-12,1.0272312631869363e-17,0.0,2.1841152722802746e-20,7.8832183819902233e-23,0.0,0.0,3.7232215083731498e-15,0.0,0.0,0.0
6.768474780926569e-13,0.34819464790364424,76.950000000000003,0.0,0.0,0.0,0.99999999367523085,9.4999999999977813,7.9177797720217191e-13,2.3441227241306318e-12,2.9758903647458877e-09,0.0,0.0,2.9736782827860231e-09,3.582312811893183e-10,7.2387133328406603e-16,1.1612671362578459e-11,0.0,2.2161580296130653e-12,1.2383899523200321e-17,0.0,2.634007924987893e-20,1.0429141455310942e-22,0.0,0.0,4.0885061190788343e-15,0.0,0.0,0.0
7.976807729340083e-13,0.34819464790364085,76.950000000000003,0.0,0.0,0.0,0.99999999254614635,9.499999999996918,1.0687166543833355e-12,3.16402207095313e-12,3.5071572252495356e-09,0.0,0.0,3.504084367630853e-09,4.2218403923559111e-10,1.0053836152473648e-15,1.3111971575101429e-11,0.0,3.0776594226967197e-12,1.7198454434573637e-17,0.0,3.6606141331498588e-20,1.7057735896248359e-22,0.0,0.0,4.8190753390976791e-15,0.0,0.0,0.0
1e-12,0.3481946479036323,76.950000000000003,0.0,0.0,0.0,0.99999999065566425,9.4999999999951612,1.6026054009178057e-12,4.744642874812593e-12,4.3966926831700923e-09,0.0,0.0,4.3918628607436483e-09,5.2926439509155155e-10,1.5800388365110285e-15,1.5325282149331081e-11,0.0,4.8358376032337414e-12,2.7024705421190771e-17,0.0,5.7588534262712267e-20,3.3584673154004828e-22,0.0,0.0,6.0423159998442172e-15,0.0,0.0,0.0
1.0393473626167113e-12,0.3481946479036323,76.950000000000003,0.0,0.0,0.0,0.99999999028800279,9.4999999999947722,1.7157193364089836e-12,5.0795258271133886e-12,4.5696909426626255e-09,0.0,0.0,4.564473521666795e-09,5.5008955127177145e-10,1.7068228361184275e-15,1.5716445079949046e-11,0.0,5.2236718935636026e-12,2.9192354237852286e-17,0.0,6.2221922639218228e-20,3.7703814260847988e-22,0.0,0.0,6.2802137742618546e-15,0.0,0.0,0.0
1.2456292214000665e-12,0.34819464790362326,76.950000000000003,0.0,0.0,0.0,0.99999998836051873,9.4999999999924931,2.3527168955205519e-12,6.9654086077983764e-12,5.4766488701922387e-09,0.0,0.0,5.4691549501369214e-09,6.5926718220581068e-10,2.4515555155302592e-15,1.7580981736715879e-11,0.0,7.5014053671381178e-12,4.1923418141868299e-17,0.0,8.9464581015184428e-20,6.4883953748459434e-22,0.0,0.0,7.5274128656749968e-15,0.0,0.0,0.0
1.4519110801834217e-12,0.3481946479036125,76.950000000000003,0.0,0.0,0.0,0.99999998643305221,9.4999999999898037,3.0554605265426243e-12,9.0459379504421165e-12,6.383606794230195e-09,0.0,0.0,6.3734259193958926e-09,7.6844480919923386e-10,3.3307533273947696e-15,1.9167266518232229e-11,0.0,1.0189592255230293e-11,5.6949731978848009e-17,0.0,1.2167622645828368e-19,1.0273267699512439e-21,0.0,0.0,8.7746119520638065e-15,0.0,0.0,0.0
1.6375647530884414e-12,0.34819464790360144,76.950000000000003,0.0,0.0,0.0,0.99999998469834528,9.4999999999870308,3.7360461833285934e-12,1.1060866818608426e-11,7.1998689228789806e-09,0.0,0.0,7.1869190521370649e-09,8.6670467012408871e-10,4.2369990479526671e-15,2.0391283651792429e-11,0.0,1.2959695091147663e-11,7.2434991431433708e-17,0.0,1.549278744382803e-19,1.473766381875628e-21,0.0,0.0,9.8970911259853329e-15,0.0,0.0,0.0
1.823218425993461e-12,0.3481946479035891,76.950000000000003,0.0,0.0,0.0,0.99999998296364911,9.4999999999839293,4.455832589629706e-12,1.3191852675347459e-11,8.0161310486995001e-09,0.0,0.0,8.0000800908604429e-09,9.6496452785704745e-10,5.2521615261237153e-15,2.1449394566662076e-11,0.0,1.6061887251175191e-11,8.9777799292610384e-17,0.0,1.9222800542192659e-19,2.0337733738062002e-21,0.0,0.0,1.1019570295952812e-14,0.0,0.0,0.0
2.0088720988984807e-12,0.3481946479035754,76.950000000000003,0.0,0.0,0.0,0.99999998122896194,9.4999999999804938,5.2094764273286932e-12,1.5423076195308476e-11,8.8323931716917475e-09,0.0,0.0,8.8129092144395395e-09,1.0632243823981102e-09,6.3762407597283545e-15,2.2364213362773321e-11,0.0,1.9495989862540947e-11,1.0897739639157261e-16,0.0,2.3358778236475748e-19,2.7202023944203876e-21,0.0,0.0,1.2142049461836719e-14,0.0,0.0,0.0
2.1945257718035e-12,0.3481946479035605,76.950000000000003,0.0,0.0,0.0,0.99999997949428265,9.4999999999767262,5.9923911730817649e-12,1.774095860526259e-11,9.6486552918556957e-09,0.0,0.0,9.6254066016567145e-09,1.1614842337472785e-09,7.6092367471026073e-15,2.3155151217780457e-11,0.0,2.3261824143641954e-11,1.3003302394644726e-16,0.0,2.7901835779482483e-19,3.5459046568382222e-21,0.0,0.0,1.3264528624062349e-14,0.0,0.0,0.0
2.3801794447085197e-12,0.3481946479035441,76.950000000000003,0.0,0.0,0.0,0.99999997775961025,9.4999999999726263,6.8006095426297834e-12,2.0133754439363178e-11,1.0464917409191333e-08,0.0,0.0,1.0437572431205336e-08,1.2597440819045532e-09,8.9511494871930803e-15,2.3838998553052068e-11,0.0,2.7359211401848322e-11,1.529439235553648e-16,0.0,3.285308739827764e-19,4.5237281159096856e-21,0.0,0.0,1.4387007782539556e-14,0.0,0.0,0.0
2.5658331176135392e-12,0.3481946479035265,76.950000000000003,0.0,0.0,0.0,0.9999999760249435,9.4999999999681979,7.6307147843543612e-12,2.2591348128162985e-11,1.1281179523698633e-08,0.0,0.0,1.1249406881683627e-08,1.3580039268699349e-09,1.0401978979418197e-14,2.4430215814484467e-11,0.0,3.1787973039674717e-11,1.7770933722208142e-16,0.0,3.821364625304194e-19,5.6665169949412786e-21,0.0,0.0,1.5509486936738823e-14,0.0,0.0,0.0
2.7514867905185587e-12,0.3481946479035075,76.950000000000003,0.0,0.0,0.0,0.99999997429028198,9.4999999999634355,8.479743967264956e-12,2.5104967674879786e-11,1.2097441635377583e-08,0.0,0.0,1.2060910131594311e-08,1.4562637686434241e-09,1.1961725223232811e-14,2.4941342779055489e-11,0.0,3.6547930555135766e-11,2.0432850735569558e-16,0.0,4.3984624425931053e-19,6.9871116628715882e-21,0.0,0.0,1.6631966087025217e-14,0.0,0.0,0.0
2.9371404634235783e-12,0.3481946479034872,76.950000000000003,0.0,0.0,0.0,0.99999997255562456,9.4999999999583462,9.3451442250714666e-12,2.7667055112435109e-11,1.2913703744228152e-08,0.0,0.0,1.2872082359342863e-08,1.5545236072250221e-09,1.3630388218041478e-14,2.5383183739553033e-11,0.0,4.1638905543505812e-11,2.3280067677776035e-16,0.0,5.0167132908637353e-19,8.4983484883123045e-21,0.0,0.0,1.7754445233877396e-14,0.0,0.0,0.0
3.1227941363285978e-12,0.34819464790346566,76.950000000000003,0.0,0.0,0.0,0.99999997082097103,9.4999999999529212,1.0224695665399096e-11,3.0271038269951272e-11,1.3729965850250317e-08,0.0,0.0,1.3682923743237615e-08,1.6527834426147282e-09,1.5407967963125704e-14,2.5765133769768407e-11,0.0,4.7060719697175187e-11,2.631250887213742e-16,0.0,5.6762281602737315e-19,1.0213059832369925e-20,0.0,0.0,1.8876924376615404e-14,0.0,0.0,0.0
3.3084478092336173e-12,0.34819464790344273,76.950000000000003,0.0,0.0,0.0,0.99999996908632083,9.4999999999471676,1.1116481185285134e-11,3.2911241409088872e-11,1.4546227953444058e-08,0.0,0.0,1.4493434461490419e-08,1.7510432748125437e-09,1.7294464457711905e-14,2.609530647196662e-11,0.0,5.281319480503718e-11,2.953009868288584e-16,0.0,6.3771179325603365e-19,1.214407410696396e-20,0.0,0.0,1.9999403514757729e-14,0.0,0.0,0.0
3.494101482138637e-12,0.3481946479034184,76.950000000000003,0.0,0.0,0.0,0.99999996735167318,9.4999999999410836,1.2018831302258431e-11,3.5582721891996471e-11,1.5362490053809346e-08,0.0,0.0,1.5303614692217677e-08,1.8493031038184687e-09,1.9289877701007135e-14,2.6380767463917213e-11,0.0,5.8896152751409447e-11,3.2932761514732678e-16,0.0,7.1194933819067127e-19,1.4304215858723865e-20,0.0,0.0,2.112188265007058e-14,0.0,0.0,0.0
3.679755155043657e-12,0.34819464790339294,76.950000000000003,0.0,0.0,0.0,0.99999996561702809,9.4999999999346691,1.2930317016646236e-11,3.828124904959298e-11,1.6178752151346146e-08,0.0,0.0,1.6113464613440172e-08,1.9475629296325034e-09,2.139420769228064e-14,2.6627564587184807e-11,0.0,6.5309415516268052e-11,3.6520421813001467e-16,0.0,7.9034651750094945e-19,1.6706305769999612e-20,0.0,0.0,2.224436178253536e-14,0.0,0.0,0.0
3.865408827948676e-12,0.34819464790336613,76.950000000000003,0.0,0.0,0.0,0.99999996388238488,9.4999999999279243,1.38496944768281e-11,4.10031403585773e-11,1.6995014246054454e-08,0.0,0.0,1.692298440308318e-08,2.045822752254649e-09,2.3607454430803135e-14,2.6840962095970264e-11,0.0,7.2052805175040319e-11,4.0293004063514999e-16,0.0,8.7291438712013551e-19,1.9363160658780248e-20,0.0,0.0,2.336684090803309e-14,0.0,0.0,0.0
4.051062500853696e-12,0.34819464790333793,76.950000000000003,0.0,0.0,0.0,0.99999996214774345,9.4999999999208491,1.4775904592055503e-11,4.3745260295149599e-11,1.7811276337934219e-08,0.0,0.0,1.7732174238975704e-08,2.1440825716849048e-09,2.5929617915884793e-14,2.7025442295743489e-11,0.0,7.9126143899468772e-11,4.4250432792977601e-16,0.0,9.596639922008849e-19,2.2287593425058561e-20,0.0,0.0,2.4489320028881981e-14,0.0,0.0,0.0
4.236716173758715e-12,0.3481946479033084,76.950000000000003,0.0,0.0,0.0,0.99999996041310346,9.4999999999134435,1.5708014829999328e-11,4.6504848021944295e-11,1.8627538426985422e-08,0.0,0.0,1.8541034298851125e-08,2.2423423879232709e-09,2.8360698146776071e-14,2.7184951868850083e-11,0.0,8.6529253956899747e-11,4.83926325686324e-16,0.0,1.0506063671537019e-18,2.5492413077972746e-20,0.0,0.0,2.5611799153273464e-14,0.0,0.0,0.0
4.422369846663735e-12,0.3481946479032777,76.950000000000003,0.0,0.0,0.0,0.99999995867846503,9.499999999905711,1.6645235549070081e-11,4.9279565741184684e-11,1.9443800513208036e-08,0.0,0.0,1.9349564760346492e-08,2.3406022009697483e-09,3.0900695122769224e-14,2.7322832752532763e-11,0.0,9.4261957711012096e-11,5.2719527998612426e-16,0.0,1.1457525356219421e-18,2.899042470624963e-20,0.0,0.0,2.6734278271398248e-14,0.0,0.0,0.0
4.608023519568754e-12,0.34819464790324556,76.950000000000003,0.0,0.0,0.0,0.99999995694382759,9.4999999998976463,1.758686272656812e-11,5.2067329136740701e-11,2.0260062596602045e-08,0.0,0.0,2.0157765801003842e-08,2.4388620108243372e-09,3.3549608843085652e-14,2.7442064526021994e-11,0.0,1.0232407762050332e-10,5.723104373133668e-16,0.0,1.2451135105590586e-18,3.2794429545148257e-20,0.0,0.0,2.7856757369918573e-14,0.0,0.0,0.0
4.793677192473774e-12,0.3481946479032122,76.950000000000003,0.0,0.0,0.0,0.99999995520919083,9.4999999998892566,1.8532311203514893e-11,5.486640579814e-11,2.1076324677167392e-08,0.0,0.0,2.0965637598268897e-08,2.5371218174870367e-09,3.6307439307037292e-14,2.7545123711083203e-11,0.0,1.1071543624037559e-10,6.1927104456122167e-16,0.0,1.3487002941765555e-18,3.691722492082407e-20,0.0,0.0,2.8979236478677079e-14,0.0,0.0,0.0
4.979330865378793e-12,0.3481946479031774,76.950000000000003,0.0,0.0,0.0,0.99999995347455517,9.4999999998805329,1.9481049693339983e-11,5.7675222808530607e-11,2.1892586754904042e-08,0.0,0.0,2.1773180329492779e-08,2.6353816209578485e-09,3.9174186513837755e-14,2.7634258829577266e-11,0.0,1.194358562202231e-10,6.6807634902379485e-16,0.0,1.4565238780356602e-18,4.1371604328314974e-20,0.0,0.0,3.0101715611735631e-14,0.0,0.0,0.0
5.164984538283813e-12,0.34819464790314136,76.950000000000003,0.0,0.0,0.0,0.99999995173992007,9.4999999998714824,2.0432636842600643e-11,6.0492473505357118e-11,2.2708848829812029e-08,0.0,0.0,2.2580394171930381e-08,2.7336414212367709e-09,4.2149850462781751e-14,2.7711337786547549e-11,0.0,1.2848516030589903e-10,7.1872559840394186e-16,0.0,1.5685952429730128e-18,4.6170357352818409e-20,0.0,0.0,3.1224194690941867e-14,0.0,0.0,0.0
5.350638211188832e-12,0.348194647903104,76.950000000000003,0.0,0.0,0.0,0.99999995000528552,9.4999999998621032,2.1386689625933697e-11,6.3317023911060153e-11,2.35251109018913e-08,0.0,0.0,2.3387279302741109e-08,2.8319012183238063e-09,4.5234431153152066e-14,2.7777981629749277e-11,0.0,1.3786317133871297e-10,7.712180408094765e-16,0.0,1.6849253591464008e-18,5.1326269704793399e-20,0.0,0.0,3.2346673754060845e-14,0.0,0.0,0.0
5.536291884093852e-12,0.34819464790306537,76.950000000000003,0.0,0.0,0.0,0.99999994827065142,9.4999999998523954,2.2342877853878998e-11,6.614789647304355e-11,2.4341372971141732e-08,0.0,0.0,2.4193835898988947e-08,2.9301610122189532e-09,4.8427928584229878e-14,2.7835587793751074e-11,0.0,1.4756971225539869e-10,8.2555292475307948e-16,0.0,1.8055251860442216e-18,5.6852123223933617e-20,0.0,0.0,3.3469152887144293e-14,0.0,0.0,0.0
5.907599229903891e-12,0.3481946479029842,76.950000000000003,0.0,0.0,0.0,0.99999994480138465,9.4999999998319939,2.4260529319072546e-11,7.1825258688089561e-11,2.597389710115623e-08,0.0,0.0,2.5805964195575882e-08,3.1266805904335842e-09,5.5141673665555427e-14,2.7928475098924296e-11,0.0,1.6796767596340307e-10,9.3974701332484507e-16,0.0,2.0595777567447845e-18,6.9064761819105759e-20,0.0,0.0,3.5714111089355478e-14,0.0,0.0,0.0
6.241775841132926e-12,0.34819464790290655,76.950000000000003,0.0,0.0,0.0,0.99999994167904527,9.4999999998125144,2.599119355054522e-11,7.6949030078242638e-11,2.7443168808494709e-08,0.0,0.0,2.7255757848654646e-08,3.3035481999104971e-09,6.155653948457816e-14,2.7991852469796251e-11,0.0,1.8744764115513262e-10,1.0488153124532596e-15,0.0,2.3029372087037369e-18,8.1449483682375847e-20,0.0,0.0,3.773457335790378e-14,0.0,0.0,0.0
6.575952452361961e-12,0.3481946479028248,76.950000000000003,0.0,0.0,0.0,0.99999993855670666,9.4999999997919726,2.7725323952490219e-11,8.2083063345812529e-11,2.891244050666745e-08,0.0,0.0,2.870448979909485e-08,3.4804157990456947e-09,6.8324295532062405e-14,2.8040560220766131e-11,0.0,2.0798929383669859e-10,1.1638414535066517e-15,0.0,2.5603004790409367e-18,9.5231421570879546e-20,0.0,0.0,3.9755035693195425e-14,0.0,0.0,0.0
6.910129063590996e-12,0.3481946479027388,76.950000000000003,0.0,0.0,0.0,0.99999993543436827,9.4999999997703668,2.9462125846507228e-11,8.7225005781136907e-11,3.0381712195674399e-08,0.0,0.0,3.0152161076090498e-08,3.6572833878391784e-09,7.5444941803747612e-14,2.8077961605970015e-11,0.0,2.2959160481830476e-10,1.2848210684196115e-15,0.0,2.8317310992230884e-18,1.104849796036051e-19,0.0,0.0,4.1775497964556053e-14,0.0,0.0,0.0
7.2443056748200315e-12,0.3481946479026486,76.950000000000003,0.0,0.0,0.0,0.99999993231203033,9.499999999747704,3.1200967689216304e-11,9.2372987648972277e-11,3.1850983875515135e-08,0.0,0.0,3.1598772707838101e-08,3.8341509662909482e-09,8.2918478295372669e-14,2.810672945618317e-11,0.0,2.5225354590764492e-10,1.4117497933589429e-15,0.0,3.1172924896435919e-18,1.2728452149581327e-19,0.0,0.0,4.3795960435421592e-14,0.0,0.0,0.0
7.578482286049067e-12,0.3481946479025541,76.950000000000003,0.0,0.0,0.0,0.99999992918969216,9.499999999723979,3.2941364830372409e-11,9.7525574103079127e-11,3.3320255546190107e-08,0.0,0.0,3.3044325721537554e-08,4.0110185344010036e-09,9.0744905002671077e-14,2.8128914918058837e-11,0.0,2.7597408990904875e-10,1.5446232687200214e-15,0.0,3.4170479597952318e-18,1.4570437060514352e-19,0.0,0.0,4.5816422455152107e-14,0.0,0.0,0.0
7.912658897278103e-12,0.3481946479024554,76.950000000000003,0.0,0.0,0.0,0.99999992606735433,9.4999999996991988,3.4682961312366651e-11,1.0268171130217336e-10,3.4789527207697886e-08,0.0,0.0,3.4488821143392842e-08,4.1878860921693476e-09,9.8924221921374757e-14,2.8146024482650258e-11,0.0,3.007522106227059e-10,1.6834371391235165e-15,0.0,3.7310607084372705e-18,1.6581880997412882e-19,0.0,0.0,4.783688529993413e-14,0.0,0.0,0.0
8.379882767375032e-12,0.3481946479023105,76.950000000000003,0.0,0.0,0.0,0.99999992170190566,9.4999999996627817,3.7119456099264717e-11,1.0989515111698682e-10,3.6843766683804524e-08,0.0,0.0,3.6506649056825655e-08,4.4351707203108247e-09,1.1095161300321786e-13,2.816356139517334e-11,0.0,3.3716639327983858e-10,1.887468166546551e-15,0.0,4.1941142856153345e-18,1.9692338644108074e-19,0.0,0.0,5.0661763517401095e-14,0.0,0.0,0.0
8.847106637471961e-12,0.34819464790215726,76.950000000000003,0.0,0.0,0.0,0.99999991733645655,9.4999999996243005,3.9557237890191133e-11,1.1711240121023176e-10,3.889800614199666e-08,0.0,0.0,3.8522414413195548e-08,4.6824553282365296e-09,1.23668826882332e-13,2.8175651378964968e-11,0.0,3.7564310344001355e-10,2.1030909779009084e-15,0.0,4.6853330775097725e-18,2.3168841376059115e-19,0.0,0.0,5.3486637176617987e-14,0.0,0.0,0.0
9.31433050756889e-12,0.3481946479019958,76.950000000000003,0.0,0.0,0.0,0.99999991297100721,9.4999999995837641,4.1995900686864474e-11,1.2433225959116682e-10,4.0952245582262853e-08,0.0,0.0,4.053612000739762e-08,4.9297399159464631e-09,1.3707586354706868e-13,2.8184012708233432e-11,0.0,4.1617954621957095e-10,2.3302937111773398e-15,0.0,5.2048887255389899e-18,2.7031651579451604e-19,0.0,0.0,5.6311517198713305e-14,0.0,0.0,0.0
9.78155437766582e-12,0.34819464790182614,76.950000000000003,0.0,0.0,0.0,0.9999999086055571,9.4999999995411653,4.4435170981717436e-11,1.3155391651852288e-10,4.3006485004599767e-08,0.0,0.0,4.2547768630539436e-08,5.1770244834406268e-09,1.5117272298576559e-13,2.8189802927284385e-11,0.0,4.5877293052238439e-10,2.5690645204365363e-15,0.0,5.7529524517569203e-18,3.1301016331512194e-19,0.0,0.0,5.9136406440195004e-14,0.0,0.0,0.0
1e-11,0.34819464790164845,76.950000000000003,0.0,0.0,0.0,0.99999990656453674,9.4999999995205453,4.5575775708065108e-11,1.3493076903048056e-10,4.3966923104802266e-08,0.0,0.0,4.3487588964311918e-08,5.292639783635656e-09,1.5800021681570976e-13,2.8191877469872557e-11,0.0,4.7939190160650647e-10,2.6846645881323305e-15,0.0,6.019022276495051e-18,3.3442297766666837e-19,0.0,0.0,6.0457149930587091e-14,0.0,0.0,0.0
1.0248778247762749e-11,0.34819464790164845,76.950000000000003,0.0,0.0,0.0,0.99999990424010676,9.4999999994965147,4.6874849822269515e-11,1.3877678297739405e-10,4.5060724409036095e-08,0.0,0.0,4.455736306994714e-08,5.4243090307190217e-09,1.6595940518676473e-13,2.8193864046863991e-11,0.0,5.034204690337016e-10,2.8193915757830761e-15,0.0,6.3296950601807336e-18,3.5997167433926626e-19,0.0,0.0,6.1961275753316877e-14,0.0,0.0,0.0
1.0716002117859678e-11,0.34819464790146243,76.950000000000003,0.0,0.0,0.0,0.99999989987465576,9.4999999994498143,4.9314812626713341e-11,1.4600049013326577e-10,4.711496379555499e-08,0.0,0.0,4.656490610917007e-08,5.6715935577816501e-09,1.8143591013840826e-13,2.819672332463884e-11,0.0,5.5011937821558601e-10,3.0812630633460625e-15,0.0,6.935286937742336e-18,4.1140321437425886e-19,0.0,0.0,6.4786141476867744e-14,0.0,0.0,0.0
1.1339131893898447e-11,0.34819464790120175,76.950000000000003,0.0,0.0,0.0,0.99999989405251544,9.4999999993843396,5.2569256886131742e-11,1.5563553548654028e-10,4.9854673381758699e-08,0.0,0.0,4.9239149888841878e-08,6.0013933542596194e-09,2.0315020609007158e-13,2.8199263354775927e-11,0.0,6.1558858350524715e-10,3.4484623749808058e-15,0.0,7.7881452884734066e-18,4.873023065877018e-19,0.0,0.0,6.8553652473876995e-14,0.0,0.0,0.0
1.1962261669937216e-11,0.3481946479009266,76.950000000000003,0.0,0.0,0.0,0.99999988823037433,9.4999999993152286,5.5823934382928747e-11,1.6527127135604411e-10,5.2594382936096698e-08,0.0,0.0,5.1909756335126171e-08,6.3311931147794586e-09,2.2609150175209777e-13,2.8200816194605163e-11,0.0,6.846950697321953e-10,3.8361470430892877e-15,0.0,8.6930226841495532e-18,5.7199042956346174e-19,0.0,0.0,7.2321150757779163e-14,0.0,0.0,0.0
1.2585391445975985e-11,0.348194647900637,76.950000000000003,0.0,0.0,0.0,0.99999988240823179,9.4999999992424868,5.9078760270653147e-11,1.7490744654699767e-10,5.5334092458551537e-08,0.0,0.0,5.4576732020026896e-08,6.6609928393411668e-09,2.5025979709682614e-13,2.8201740933008019e-11,0.0,7.5743226491936416e-10,4.2442891748941036e-15,0.0,9.6503198811005036e-18,6.659459089446601e-19,0.0,0.0,7.6088652636217365e-14,0.0,0.0,0.0
1.3208521222014754e-11,0.3481946479003329,76.950000000000003,0.0,0.0,0.0,0.99999987658608824,9.4999999991661213,6.2333674711383322e-11,1.8454388390439535e-10,5.8073801949131189e-08,0.0,0.0,5.7240083503674409e-08,6.9907925279447522e-09,2.7565509209659505e-13,2.8202290817257186e-11,0.0,8.3379360896328123e-10,4.6728609279959184e-15,0.0,1.0660436331967107e-17,7.6964659193673201e-19,0.0,0.0,7.9856148993120255e-14,0.0,0.0,0.0
1.3831650998053523e-11,0.3481946479000144,76.950000000000003,0.0,0.0,0.0,0.99999987076394359,9.499999999086139,6.5588639916073693e-11,1.9418047155071223e-10,6.0813511407824835e-08,0.0,0.0,5.9899817334346495e-08,7.3205921805902166e-09,3.0227738672374194e-13,2.8202625778921994e-11,0.0,9.1377255361296819e-10,5.1218345102839495e-15,0.0,1.1723770190119823e-17,8.8356984844440099e-19,0.0,0.0,8.3623649519205434e-14,0.0,0.0,0.0
1.507791055013106e-11,0.3481946478993343,76.950000000000003,0.0,0.0,0.0,0.99999985911965106,9.4999999989153459,7.2098640202603382e-11,2.1345385371462622e-10,6.6292930229565511e-08,0.0,0.0,6.5208458170784624e-08,7.980191378006792e-09,3.5920297474951334e-13,2.8202999731807033e-11,0.0,1.0845571108163431e-09,6.0808762446890581e-15,0.0,1.4011676281350912e-17,1.1439911843787166e-18,0.0,0.0,9.1158647043675023e-14,0.0,0.0,0.0
1.63241701022086e-11,0.3481946478985971,76.950000000000003,0.0,0.0,0.0,0.99999984747535386,9.499999998730166,7.8608688761184052e-11,2.3272737878429104e-10,7.1772348923764875e-08,0.0,0.0,7.0502706679323016e-08,8.6397904315909252e-09,4.2103656095281524e-13,2.8203169073467343e-11,0.0,1.2697337867613783e-09,7.1211930435566743e-15,0.0,1.6517197565582316e-17,1.4510193735863507e-18,0.0,0.0,9.8693644896049022e-14,0.0,0.0,0.0
1.7570429654286138e-11,0.34819464789780263,76.950000000000003,0.0,0.0,0.0,0.99999983583105234,9.4999999985306403,8.5118767655040519e-11,2.5200099365643348e-10,7.7251767490414326e-08,0.0,0.0,7.5782614821629186e-08,9.2993893413426387e-09,4.8777814511230226e-13,2.8203209716288655e-11,0.0,1.4692506199933066e-09,8.2425643713223695e-15,0.0,1.9243472941958511e-17,1.8084563074680457e-18,0.0,0.0,1.0622864254472375e-13,0.0,0.0,0.0
1.8816689206363676e-11,0.34819464789695137,76.950000000000003,0.0,0.0,0.0,0.99999982418674604,9.4999999983168273,9.1628861357286338e-11,2.712746523624507e-10,8.2731185929504797e-08,0.0,0.0,8.1048234371768333e-08,9.9589881072619604e-09,5.5942772700660857e-13,2.8203187373476087e-11,0.0,1.6830558366589319e-09,9.4447704883900924e-15,0.0,2.2193620945846137e-17,2.2200963502347183e-18,0.0,0.0,1.1376364002139859e-13,0.0,0.0,0.0
2.0062948758441214e-11,0.3481946478960433,76.950000000000003,0.0,0.0,0.0,0.99999981254243553,9.4999999980887768,9.8138955830017242e-11,2.9054831334199188e-10,8.821060424102725e-08,0.0,0.0,8.6299616916897358e-08,1.0618586729348917e-08,6.3598530641434824e-13,2.8203161456534692e-11,0.0,1.9110978498127361e-09,1.0727592448188059e-14,0.0,2.5370739892525478e-17,2.6897263761628045e-18,0.0,0.0,1.212986373224681e-13,0.0,0.0,0.0
2.2555467862596287e-11,0.3481946478940581,76.950000000000003,0.0,0.0,0.0,0.99999978925380073,9.499999997590173,1.111591373041691e-10,3.2909561315897915e-10,9.9169440481332085e-08,0.0,0.0,9.6759876411659059e-08,1.1937783542025844e-08,8.0382445688448696e-13,2.8203140303082654e-11,0.0,2.4096868468921522e-09,1.353421205168942e-14,0.0,3.24181838997093e-17,3.8180667174218012e-18,0.0,0.0,1.3636863139662622e-13,0.0,0.0,0.0
2.504798696675136e-11,0.34819464789184845,76.950000000000003,0.0,0.0,0.0,0.99999976596514817,9.4999999970352391,1.2417930807949833e-10,3.6764288127099935e-10,1.1012827621125707e-07,0.0,0.0,1.0716380229058077e-07,1.3256979779373632e-08,9.9129559475123762e-13,2.8203163176339297e-11,0.0,2.9646086282405828e-09,1.6660687361203569e-14,0.0,4.0410192352629223e-17,5.2236238984224368e-18,0.0,0.0,1.5143862476668768e-13,0.0,0.0,0.0
2.7540506070906433e-11,0.34819464788941623,76.950000000000003,0.0,0.0,0.0,0.99999974267647729,9.4999999964243731,1.3719948228819774e-10,4.061901595175524e-10,1.2108711143073064e-07,0.0,0.0,1.1751180058947734e-07,1.4576175441392492e-08,1.1983987182428049e-12,2.8203170265748911e-11,0.0,3.575457159706875e-09,2.0105295067640494e-14,0.0,4.9370837677300801e-17,6.9364268797390142e-18,0.0,0.0,1.6650861743238497e-13,0.0,0.0,0.0
3.0033025175061506e-11,0.34819464788676285,76.950000000000003,0.0,0.0,0.0,0.99999971938778853,9.4999999957579853,1.5021966125027927e-10,4.4473745180663998e-10,1.3204594613968175e-07,0.0,0.0,1.2780427441753609e-07,1.5895370528082645e-08,1.4251338255870838e-12,2.8203155984728969e-11,0.0,4.2418293337557984e-09,2.3866324279150017e-14,0.0,5.9323881863037109e-17,8.9863882024995111e-18,0.0,0.0,1.8157860939336526e-13,0.0,0.0,0.0
3.2525544279216576e-11,0.34819464788389015,76.950000000000003,0.0,0.0,0.0,0.99999969609908157,9.4999999950364735,1.6323983910887389e-10,4.8328474079852794e-10,1.4300478033803939e-07,0.0,0.0,1.3804162397892757e-07,1.7214565039444299e-08,1.6715009150116568e-12,2.8203145120839365e-11,0.0,4.9633249478571039e-09,2.7942076429429422e-14,0.0,7.0292780835958893e-17,1.1403305140788379e-17,0.0,0.0,1.9664860064930351e-13,0.0,0.0,0.0
3.751058248752672e-11,0.3481946478774924,76.950000000000003,0.0,0.0,0.0,0.9999996495216138,9.4999999934296699,1.8928019245384797e-10,5.6037931166845691e-10,1.6492244720269274e-07,0.0,0.0,1.5835253676211257e-07,1.9852952336182967e-08,2.223131033010496e-12,2.8203129673583994e-11,0.0,6.5701000423173573e-09,3.7031016192613947e-14,0.0,9.5370470475783409e-17,1.74566276219774e-17,0.0,0.0,2.2678858104476603e-13,0.0,0.0,0.0
4.1997116875005856e-11,0.3481946478709995,76.950000000000003,0.0,0.0,0.0,0.99999960760183093,9.4999999917989797,2.1271650372117035e-10,6.2976440538432774e-10,1.846483456339471e-07,0.0,0.0,1.7644778940742176e-07,2.222749893562645e-08,2.7867395001369339e-12,2.8203140024060762e-11,0.0,8.2007636760876272e-09,4.6270623535190586e-14,0.0,1.2164381076810617e-16,2.4456212872731821e-17,0.0,0.0,2.539145609862271e-13,0.0,0.0,0.0
4.648365126248499e-11,0.3481946478638199,76.950000000000003,0.0,0.0,0.0,0.99999956568198978,9.4999999899957821,2.3615281423465531e-10,6.9914949677043259e-10,2.0437424240979134e-07,0.0,0.0,1.9437053283472207e-07,2.4602043671008921e-08,3.4139555616250214e-12,2.8203149504982512e-11,0.0,1.0003933874623315e-08,5.6504071081961037e-14,0.0,1.5155975918365655e-16,3.3102990431609247e-17,0.0,0.0,2.8104053863840882e-13,0.0,0.0,0.0
5.097018564996412e-11,0.34819464785596227,76.950000000000003,0.0,0.0,0.0,0.99999952376209023,9.4999999880223083,2.5958912693704447e-10,7.6853459453899614e-10,2.2410013752982363e-07,0.0,0.0,2.1212299868561834e-07,2.6976586542331636e-08,4.1047792071271386e-12,2.8203145662012283e-11,0.0,1.1977379005476556e-08,6.772188704612285e-14,0.0,1.8524457902684572e-16,4.3566712908537608e-17,0.0,0.0,3.0816651399950618e-13,0.0,0.0,0.0
5.5456720037443256e-11,0.3481946478474354,76.950000000000003,0.0,0.0,0.0,0.99999948184213228,9.4999999858807662,2.8302543890997128e-10,8.379196900499582e-10,2.4382603099364501e-07,0.0,0.0,2.2970738974166405e-07,2.9351127549595832e-08,4.8592104262926035e-12,2.820314084631405e-11,0.0,1.4118896296134754e-08,7.9914722089716437e-14,0.0,2.2282164288347622e-16,5.6016009400807708e-17,0.0,0.0,3.3529248706773972e-13,0.0,0.0,0.0
5.994325442492239e-11,0.34819464783824794,76.950000000000003,0.0,0.0,0.0,0.99999943992211571,9.4999999835733249,3.0646174868408798e-10,9.0730477895319596e-10,2.635519228008599e-07,0.0,0.0,2.4712588029140956e-07,3.1725666692802748e-08,5.6772492087677035e-12,2.8203141276486216e-11,0.0,1.6426311466974251e-08,9.3073347766296414e-14,0.0,2.6441150278219711e-16,7.0618404732553553e-17,0.0,0.0,3.6241845784135585e-13,0.0,0.0,0.0
6.442978881240152e-11,0.34819464782840853,76.950000000000003,0.0,0.0,0.0,0.99999939800204085,9.4999999811021283,3.2989805750434549e-10,9.7668986493448728e-10,2.8327781295107542e-07,0.0,0.0,2.6438061650009153e-07,3.4100203971953654e-08,6.5588955441957416e-12,2.8203141683616242e-11,0.0,1.8897478361572042e-08,1.0718865495239354e-13,0.0,3.1013196016193211e-16,8.7540338779500959e-17,0.0,0.0,3.8954442631862602e-13,0.0,0.0,0.0
6.891632319988064e-11,0.34819464781792553,76.950000000000003,0.0,0.0,0.0,0.9999993560819076,9.4999999784692992,3.5333436599295481e-10,1.0460749498359387e-09,3.0300370144390194e-07,0.0,0.0,2.8147371672271342e-07,3.6474739387049773e-08,7.5041494222170641e-12,2.8203139434364068e-11,0.0,2.1530278633626551e-08,1.2225165251916114e-13,0.0,3.6009812435662074e-16,1.0694718275373829e-16,0.0,0.0,4.1667039249784697e-13,0.0,0.0,0.0
