Time (s),Volume (m^3),H(4),O(5),OH(6),H2(7),H2O(8),Ar(9),He(10),HO2(11),H2O2(12),N2,Ne,C7H10(1),C7H16(2),O2(3),C7H10(57),C7H10(54),C7H11(67),C7H9(41),C7H10(125),S(151),S(153)
0.0,0.8409530006666426,0.0,0.0,0.0,0.0,0.0,0.0,0.0,0.0,0.0,154.0,0.0,1.0,1.0,19.0,0.0,0.0,0.0,0.0,0.0,0.0,0.0
4.3830341779192706e-20,0.8409530006666426,7.4350380171087063e-25,2.4536204199730548e-39,2.4317634290931536e-39,9.6643148961100204e-61,1.0715391197178188e-51,0.0,0.0,3.3712045686906673e-24,3.3935457913478802e-41,154.0,0.0,0.99999999999999967,1.0,19.0,7.7944205011687292e-17,6.0088115889569204e-18,1.522967396650642e-16,1.5229674377977398e-16,1.5556590489615808e-25,1.2965038350830026e-26,1.2963599537615556e-26
1.2272495698173957e-19,0.8409530006666426,2.0818106447873731e-24,1.4749050686171801e-38,1.4687851111698357e-38,1.4604713768312905e-59,1.2721312433124322e-50,0.0,0.0,9.4393735567573587e-24,2.0497017967162309e-40,154.0,0.0,0.999999999999999,1.0,19.0,2.182437740327211e-16,1.6824671921729404e-17,4.2643087102017193e-16,4.2643088254137309e-16,9.3961804099758318e-25,7.8308831627336279e-26,7.8291749670859007e-26
2.805141873868333e-19,0.8409530006666426,4.7584243309281188e-24,7.0855565259413933e-38,7.0715680517664515e-38,1.5711087061435923e-58,1.2489859984843387e-49,0.0,0.0,2.1575714590584702e-23,9.8684332423044335e-40,154.0,0.0,0.99999999999999756,1.0,19.0,4.9884291207477528e-16,3.8456390477874646e-17,9.7469913356235583e-16,9.7469915989666237e-16,4.5238561457521174e-24,3.7702331506698068e-25,3.7685562832796039e-25
5.960926481970207e-19,0.8409530006666426,1.0111651703160572e-23,3.0913121056812191e-37,3.0883395549106512e-37,1.4441200286789919e-57,1.1047139714028244e-48,0.0,0.0,4.5848408889015209e-23,4.3098053054142282e-39,154.0,0.0,0.99999999999999478,1.0,19.0,1.0600411881588305e-15,8.1719819152567943e-17,2.0712356579745974e-15,2.0712357139361403e-15,1.9756866112654818e-23,1.6465598687454625e-24,1.6450772841966354e-24
1.2272495698173956e-18,0.8409530006666426,2.0818106447429327e-23,1.2899329658251945e-36,1.2893209700713016e-36,1.2354758580453341e-56,9.2857865698861649e-48,0.0,0.0,9.4393846408979501e-23,1.7992599139214524e-38,154.0,0.0,0.99999999999998923,1.0,19.0,2.1824377403267269e-15,1.6824664275157887e-16,4.264308704110577e-15,4.2643088193349819e-15,8.2481008493534804e-23,6.8740633173205181e-24,6.8616117193662699e-24
2.4895634130581454e-18,0.8409530006666425,4.2231015935182216e-23,5.2685383348240611e-36,5.2672968576660123e-36,1.0215166039440018e-55,7.6130488534925981e-47,0.0,0.0,1.9148491714132071e-22,7.3505723117891325e-38,154.0,0.0,0.99999999999997802,1.0,19.0,4.427230844661666e-15,3.4130015494820346e-16,8.6504547856285225e-15,8.6504550194463694e-15,3.3696168238367211e-22,2.8082791531513582e-23,2.7980878556336454e-23
5.014191099539645e-18,0.8409530006666426,8.5056834907549588e-23,2.1293756506169418e-35,2.1291256065796355e-35,8.3068240744767637e-55,6.165244342897224e-46,0.0,0.0,3.856678413756503e-22,2.9712257092231347e-37,154.0,0.0,0.99999999999995559,1.0,19.0,8.916817053328127e-15,6.8740663933670581e-16,1.7422746905648349e-14,1.742274737719555e-14,1.3620517813993437e-21,1.1351513284543603e-22,1.1269260860150877e-22
1.0063446472502646e-17,0.8409530006666426,1.7070847283973052e-22,8.5616222577520611e-35,8.5611204207452508e-35,6.6997879429858627e-54,4.9623250107947859e-45,0.0,0.0,7.7403682092287258e-22,1.1947223027415685e-36,154.0,0.0,0.99999999999991085,1.0,19.0,1.7895989470647383e-14,1.379617448101464e-15,3.4967330973623769e-14,3.4967331924944885e-14,5.4767405421674823e-21,4.5643935195434287e-22,4.4986352687013579e-22
2.0161957218428644e-17,0.8409530006666425,3.4201174865387746e-22,3.4334927359702474e-34,3.4333921934140095e-34,5.3816876698580174e-53,3.9819533040194931e-44,0.0,0.0,1.5507873043313632e-21,4.7914150057992215e-36,154.0,0.0,0.99999999999982137,1.0,19.0,3.5854334305231207e-14,2.7640304256359158e-15,7.0056498421317678e-14,7.0056500366182031e-14,2.1964100777334228e-20,1.8305259116077394e-21,1.7784606157738372e-21
4.0358978710280647e-17,0.8409530006666426,6.8461830008131119e-22,1.375167850840518e-33,1.3751477246042757e-33,4.314174791291902e-52,3.1904082561318517e-43,0.0,0.0,3.1043383684028755e-21,1.9191006126217664e-35,154.0,0.0,0.99999999999964229,1.0,19.0,7.1771023974180152e-14,5.5328218211559277e-15,1.4023483056367797e-13,1.4023483475897148e-13,8.7970339808802113e-20,7.331651320747552e-21,6.9253144719085116e-21
8.075302169398465e-17,0.8409530006666426,1.3698314021327386e-21,5.5042149037236694e-33,5.5041746318494069e-33,3.4549765296090895e-51,2.5542665075628044e-42,0.0,0.0,6.2116408855508151e-21,7.6816873277384719e-35,154.0,0.0,0.99999999999928424,1.0,19.0,1.4360440331120324e-13,1.1070266377451226e-14,2.8059148383629011e-13,2.8059149451013246e-13,3.5210559385151226e-19,2.9345709731084987e-20,2.62533396292075e-20
1.6154110766139266e-16,0.8409530006666428,2.7402576030218328e-21,2.2023948583700442e-32,2.2023868007132963e-32,2.7656020500219473e-50,2.044189496349705e-41,0.0,0.0,1.2427047475760648e-20,3.0739024364766114e-34,154.0,0.0,0.99999999999856803,1.0,19.0,2.8727116198175005e-13,2.2144602578668279e-14,5.6130474633309275e-13,5.61304784013268e-13,1.4088408210552452e-18,1.1742104438180046e-19,9.4908174037700164e-20
3.2311727959620864e-16,0.8409530006666428,5.4811099919449799e-21,8.8109974085502346e-32,8.8109812792199341e-32,2.2133948492551196e-49,1.6356621754359599e-40,0.0,0.0,2.4861066878990518e-20,1.2299427000998528e-33,154.0,0.0,0.99999999999713574,1.0,19.0,5.7460467930884648e-13,4.4291063556428988e-14,1.1227310951331127e-12,1.1227312778696436e-12,5.6359590946047163e-18,4.6976048469792636e-19,3.1736613053720682e-19
6.462696234658407e-16,0.8409530006666426,1.09628147183711e-20,3.5246825641655114e-31,3.5246793283093791e-31,1.7715047772851361e-48,1.3086539783618686e-39,0.0,0.0,4.9741930569926151e-20,4.9216238478000578e-33,154.0,0.0,0.99999999999427103,1.0,19.0,1.14927171390705e-12,8.8575141579470384e-14,2.2455830879596123e-12,2.2455840782822912e-12,2.25430987967549e-17,1.8791936469461314e-18,9.4957571306681801e-19
1.2925743112051046e-15,0.8409530006666426,2.192622396554263e-20,1.4099297364688399e-30,1.4099290814277072e-30,1.4181971246670183e-47,1.0469728699862785e-38,0.0,0.0,9.9554957435581526e-20,1.9698918064862915e-32,154.0,0.0,0.99999999998854172,1.0,19.0,2.298605782879502e-12,1.771079360197005e-13,4.4912842545248745e-12,4.4912893949802803e-12,9.0155491241103429e-17,7.5170706783783584e-18,2.4980964530634853e-18
2.5851836866836328e-15,0.8409530006666426,4.3853041637162699e-20,5.6398322787774609e-30,5.6398309058573532e-30,1.1360394008463747e-46,8.3759815453792131e-38,0.0,0.0,1.9938620866907532e-19,7.8890250155631136e-32,154.0,0.0,0.999999999977083,1.0,19.0,4.5972739199285812e-12,3.5403219137909873e-13,8.9826753113557979e-12,8.9826997623845808e-12,3.6046481785151515e-16,3.0068816212996031e-17,5.861026678699738e-18
3.877793062162161e-15,0.8409530006666426,6.577985848605963e-20,1.1984714323933388e-29,1.1984712150682033e-29,3.3750870855087446e-46,2.3950217865985259e-37,0.0,0.0,2.9942265697180088e-19,1.6777937516819058e-31,154.0,0.0,0.99999999996562428,1.0,19.0,6.8959420560818367e-12,5.308152260296648e-13,1.3474055091938477e-11,1.3474110067475078e-11,7.6575086187913325e-16,6.3896501863610736e-17,9.2861677747108713e-18
5.170402437640689e-15,0.8409530006666425,8.7706674512233269e-20,2.0444575792579872e-29,2.0444572709060661e-29,7.3598136071524188e-46,5.0518115607546081e-37,0.0,0.0,3.9966430191080886e-19,2.8642734278473003e-31,154.0,0.0,0.99999999995416555,1.0,19.0,9.194610191339267e-12,7.0745715269358226e-13,1.796542359632427e-11,1.7965520357906962e-11,1.305905885084667e-15,1.0900007627470022e-16,1.2725864554044094e-17
7.755621188597745e-15,0.8409530006666426,1.3156030463369888e-19,4.2328025702101115e-29,4.232802045477415e-29,2.1397250315369567e-45,1.379811145814768e-36,0.0,0.0,6.0062917438810139e-19,5.9375494915162461e-31,154.0,0.0,0.99999999993124822,1.0,19.0,1.3791946459751688e-11,1.0604101835323359e-12,2.6948134140711442e-11,2.694834093198331e-11,2.702411296836027e-15,2.2567088635116733e-16,1.9611803957489765e-17
1.0340839939554802e-14,0.8409530006666426,1.7541393172971624e-19,7.1989008614680205e-29,7.1989000570954417e-29,4.6856110763506171e-45,2.8870322403074489e-36,0.0,0.0,8.0234862448528753e-19,1.0110238016879471e-30,154.0,0.0,0.99999999990833088,1.0,19.0,1.8389282724869841e-11,1.4128452450671703e-12,3.5930803218927544e-11,3.5931161503112287e-11,4.5939843013046329e-15,3.838067344122027e-16,2.6500312216574715e-17
1.2926058690511858e-14,0.8409530006666425,2.1926755558418096e-19,1.0998306207153069e-28,1.0998305036992022e-28,8.8028948939281431e-45,5.2557391814265158e-36,0.0,0.0,1.0048765477099299e-18,1.5464949439596486e-30,154.0,0.0,0.99999999988541355,1.0,19.0,2.2986618986458429e-11,1.7647260909291845e-12,4.4913427869446476e-11,4.4913982073586337e-11,7.0152686552823652e-15,5.8636906562202173e-16,3.3389069851427601e-17
1.809649619242597e-14,0.8409530006666425,3.0697479336482978e-19,2.1149381208636549e-28,2.114937891854105e-28,2.4169729067734534e-44,1.3876728388570102e-35,0.0,0.0,1.4124085775134721e-18,2.9822344468457754e-30,154.0,0.0,0.9999999998395791,1.0,19.0,3.2181291498825195e-11,2.4667954023838284e-12,6.2878541099029389e-11,6.2879623213950746e-11,1.347539002424167e-14,1.127561464701943e-15,4.7165926690149112e-17
2.8437371196254195e-14,0.8409530006666426,4.8238922945585643e-19,5.1598146562600676e-28,5.159813977858622e-28,9.6686345061558493e-44,5.3659208068420093e-35,0.0,0.0,2.2373166801243072e-18,7.3197522194976025e-30,154.0,0.0,0.99999999974791032,1.0,19.0,5.0570636480581562e-11,3.864234728798698e-12,9.880822661456202e-11,9.8810905490282e-11,3.2798723761712433e-14,2.7508751139240465e-15,7.4719099831351866e-17
3.877824620008242e-14,0.8409530006666426,6.5780361287455359e-19,9.5587361485329802e-28,9.5587346234677657e-28,2.4351810331771419e-43,1.3316887579282551e-34,0.0,0.0,3.0753613064717864e-18,1.3635100004788395e-29,154.0,0.0,0.99999999965624209,1.0,19.0,6.8959981404985775e-11,5.2527729751968215e-12,1.3473719026981477e-10,1.3474218776007946e-10,6.0629581443726064e-14,5.0960293167969268e-15,1.0227221699749684e-16
5.945999620773886e-14,0.8409530006666426,1.0086322217421804e-18,2.241748773009328e-27,2.2417482596870941e-27,9.0255891575395772e-43,4.8367117708662883e-34,0.0,0.0,4.7908471143629436e-18,3.2358196084913774e-29,154.0,0.0,0.99999999947290652,1.0,18.999999999999989,1.0573867108178964e-10,8.0034441898935017e-12,2.065929527872593e-10,2.0660475227986523e-10,1.4152908090086168e-13,1.1951071623830489e-14,1.5737849721098989e-16
7.807357121462967e-14,0.8409530006666426,1.3243777896367196e-18,3.8619810519918519e-27,3.8619799387722817e-27,2.0292169844180872e-42,1.0742864514383902e-33,0.0,0.0,6.3796956371097768e-18,5.6280689656068435e-29,154.0,0.0,0.99999999930790595,1.0,18.999999999999979,1.3883949159482745e-10,1.0449171794080423e-11,2.7126067128861079e-10,2.7128106032514075e-10,2.4289414787080561e-13,2.0588306607711209e-14,2.0697415105871504e-16
9.668714622152048e-14,0.8409530006666422,1.6401231869274886e-18,5.9207798214375631e-27,5.9207777589984592e-27,3.8477072722481159e-42,2.0142239341480238e-33,0.0,0.0,8.0110891056723768e-18,8.7099463041830175e-29,154.0,0.0,0.99999999914290638,1.0,18.999999999999972,1.7194031192210515e-10,1.2866945134589354e-11,3.3592605213956286e-10,3.3595736834907299e-10,3.7097749700825092e-13,3.1563128102659801e-14,2.5656980483057973e-16
1.153007212284113e-13,0.8409530006666422,1.9558684136152474e-18,8.4181417881424848e-27,8.418138349015005e-27,6.5290903685001317e-42,3.3816302744449931e-33,0.0,0.0,9.6850259917811064e-18,1.2498811056066255e-28,154.0,0.0,0.99999999897790837,1.0,18.999999999999957,2.0504113206362405e-10,1.5257068693591872e-11,4.0058909550244952e-10,4.0063367635166205e-10,5.2548810863934455e-13,4.4875373776771814e-14,3.0616545854709608e-16
1.339142962353021e-13,0.8409530006666425,2.2716134697000929e-18,1.1354065311750559e-26,1.1354059987015381e-26,1.0257574584380714e-41,5.2579559550661619e-33,0.0,0.0,1.1401504876502948e-17,1.7012760149978296e-28,154.0,0.0,0.99999999881291146,1.0,18.99999999999994,2.3814195201938483e-10,1.7619856309139161e-11,4.6524980153690329e-10,4.653099843329081e-10,7.0612602087525486e-13,6.0524883998951353e-14,3.5576111232812963e-16
1.7114144624908372e-13,0.8409530006666421,2.9031030700597539e-18,1.8541595336728563e-26,1.8541584421750029e-26,2.1553100509910576e-41,1.0829635332088611e-32,0.0,0.0,1.4962083957454426e-17,2.8280861721179745e-28,154.0,0.0,0.9999999984829212,1.0,18.999999999999904,3.0434359137363259e-10,2.226453153915866e-11,5.9456420217091841e-10,5.9466260023137213e-10,1.1447248998826334e-12,9.8835147686687181e-14,4.5495241988622889e-16
2.0836859626286534e-13,0.8409530006666417,3.5345919880037342e-18,2.7483365801727538e-26,2.748334631756918e-26,3.9321454675378507e-41,1.9380251290327242e-32,0.0,0.0,1.8692815883877328e-17,4.2658924418267128e-28,154.0,0.0,0.99999999815293539,1.0,18.999999999999854,3.7054522998484965e-10,2.6803419687996999e-11,7.238692552692327e-10,7.2401521604446641e-10,1.6844335457144554e-12,1.4649269155339152e-13,5.5414372737002362e-16
2.4559574627664696e-13,0.8409530006666417,4.1660802235286104e-18,3.8179373746473615e-26,3.8179342026944992e-26,6.5335819118677697e-41,3.1597057814295329e-32,0.0,0.0,2.2593689741648228e-17,6.0299700746796048e-28,154.0,0.0,0.99999999782295423,1.0,18.999999999999801,4.3674686785303662e-10,3.1239051685179843e-11,8.5316496212044012e-10,8.5336783177219235e-10,2.3228329323853542e-12,2.0349622701715791e-13,6.5333503473459691e-16
2.9268691623929603e-13,0.8409530006666411,4.9648919355147461e-18,5.4222528858817205e-26,5.4222475366314682e-26,1.130029616917079e-40,5.3346549412099768e-32,0.0,0.0,2.7771893700121691e-17,8.7520752236883213e-28,154.0,0.0,0.99999999740554502,1.0,18.999999999999716,5.2048984951767231e-10,3.6705771366316382e-11,1.0167065639210779e-09,1.0169948084690359e-09,3.2682264523713496e-12,2.8899062008086234e-13,7.7880890823060878e-16
3.397780862019451e-13,0.8409530006666408,5.7637025555176107e-18,7.3072712689860967e-26,7.3072629162253843e-26,1.808512486007085e-40,8.3358172047023601e-32,0.0,0.0,3.3222311840867188e-17,1.204952530039579e-27,154.0,0.0,0.99999999698814257,1.0,18.999999999999616,6.0423282999335276e-10,4.2015667437294931e-11,1.1802332148367126e-09,1.1806217850292816e-09,4.3635097174793798e-12,3.8943548933626475e-13,9.0428278167587846e-16
3.868692561645942e-13,0.8409530006666402,6.5625120835297132e-18,9.472992167675047e-26,9.4729798517299937e-26,2.7306017170865758e-40,1.2296653386286331e-31,0.0,0.0,3.8944923190921863e-17,1.595199785747356e-27,154.0,0.0,0.99999999657074701,1.0,18.999999999999503,6.8797580928007843e-10,4.7173273159141226e-11,1.3437449173569323e-09,1.3442487614529316e-09,5.6043499021177164e-12,5.0482834521926061e-13,1.0297566549824699e-15
4.3396042612724325e-13,0.8409530006666396,7.3613205195438019e-18,1.1919415187832871e-25,1.1919397816960331e-25,3.9407787071362341e-40,1.7349232759523189e-31,0.0,0.0,4.4939706959562185e-17,2.0488866833713641e-27,154.0,0.0,0.99999999615335788,1.0,18.999999999999368,7.7171878737785006e-10,5.2182931122983798e-11,1.5072416739471221e-09,1.5078757377399887e-09,6.9865964202359507e-12,6.3516672236730134e-13,1.1552305281288666e-15
4.810515960898924e-13,0.8409530006666388,8.1601278635524845e-18,1.4646539953088786e-25,1.4646516302334824e-25,5.486208840774979e-40,2.3626766121754014e-31,0.0,0.0,5.1206642199946744e-17,2.5689764279548851e-27,154.0,0.0,0.99999999573597509,1.0,18.999999999999222,8.5546176428666815e-10,5.7048907189287748e-11,1.6707234870924856e-09,1.6715027138904541e-09,8.5061720238465607e-12,7.8044813559960435e-13,1.2807044012072342e-15
5.281427660525414e-13,0.8409530006666381,8.9589341155484886e-18,1.7654366069598141e-25,1.7654334781585101e-25,7.4168793712040684e-40,3.1261677213376611e-31,0.0,0.0,5.7745708073725851e-17,3.1584152978931387e-27,154.0,0.0,0.99999999531859862,1.0,18.999999999999062,9.3920474000653312e-10,6.1775306654337873e-11,1.8341903592641385e-09,1.8351296899043303e-09,1.0159152929892838e-11,9.4067011382394794e-13,1.4061782742460218e-15
5.752339360151904e-13,0.8409530006666374,9.7577392755244603e-18,2.0942893154093243e-25,2.0942852738482596e-25,9.7847149624646212e-40,4.0386926887566627e-31,0.0,0.0,6.4556883672136805e-17,3.8201618404300775e-27,154.0,0.0,0.99999999490122804,1.0,18.999999999998888,1.0229477145374461e-09,6.6366170434531041e-11,1.9976422929422965e-09,1.9987566657816188e-09,1.194167688868762e-11,1.1158301768466121e-12,1.5316521471130822e-15
6.223251059778394e-13,0.8409530006666363,1.0556543343473053e-17,2.4512120824485348e-25,2.451206965792421e-25,1.2645193899228341e-39,5.113552953916654e-31,0.0,0.0,7.1640148083808644e-17,4.557176450093478e-27,154.0,0.0,0.99999999448386323,1.0,18.9999999999987,1.1066906878794067e-09,7.0825387736370885e-11,2.1610792906075692e-09,2.1623836415223219e-09,1.3850026652674456e-11,1.3059258440818542e-12,1.6571260198899887e-15
6.694162759404885e-13,0.8409530006666354,1.1355346319386921e-17,2.8362048697094777e-25,2.8361985023318746e-25,1.6056887668891212e-39,6.3640396679281726e-31,0.0,0.0,7.89954804157084e-17,5.372417814368179e-27,154.0,0.0,0.99999999406650419,1.0,18.99999999999849,1.1904336600324155e-09,7.5156714515829874e-11,2.3245013547382734e-09,2.3260106171264422e-09,1.5880612333235331e-11,1.5109546372355334e-12,1.782599892564931e-15
7.635986158657866e-13,0.840953000666633,1.2952948995081149e-17,3.6904003513174967e-25,3.6903909024639942e-25,2.4779935368111143e-39,9.4450460479433404e-31,0.0,0.0,9.4522265299062609e-17,7.2494152921542727e-27,154.0,0.0,0.99999999323180244,1.0,18.999999999998035,1.357919600771582e-09,8.3450261586018905e-11,2.6513006923054786e-09,2.6532645679249391e-09,2.02945703519253e-11,1.9658016918841365e-12,2.0335476375995106e-15
8.483627217985549e-13,0.8409530006666307,1.4390787668373635e-17,4.5551753685274929e-25,4.5551624124102876e-25,3.5154811024312711e-39,1.2951887222701878e-30,0.0,0.0,1.094266345112498e-16,9.2359298812253641e-27,154.0,0.0,0.99999999248058857,1.0,18.999999999997577,1.5086569433706221e-09,9.0512729293785742e-11,2.9453690482745474e-09,2.947793123176489e-09,2.4651095199103028e-11,2.4262104851274403e-12,2.2594006077708647e-15
9.331268277313232e-13,0.8409530006666285,1.5828622803359587e-17,5.5108966539507071e-25,5.5108794148980346e-25,4.8343008100996397e-39,1.7234400207133703e-30,0.0,0.0,1.2521217909541443e-16,1.1521920541677343e-26,154.0,0.0,0.99999999172939069,1.0,18.999999999997062,1.6593942821174668e-09,9.7214742450760614e-11,3.2393890581055809e-09,3.2423216779855344e-09,2.9352137305567679e-11,2.9349640927289243e-12,2.4852535776043253e-15
1e-12,0.8409530006666259,1.6962975416045894e-17,6.3290746416446517e-25,6.3290534254303363e-25,6.1017756773978321e-39,2.1211228577885179e-30,0.0,0.0,1.3828765335502053e-16,1.3548074812359568e-26,154.0,0.0,0.99999999113675675,1.0,18.999999999996628,1.7783158902674176e-09,1.0225992117628433e-10,3.4713169418644188e-09,3.474684876306103e-09,3.3292490079116166e-11,3.370442627418329e-12,2.6634363634963333e-15
1.0178909336640914e-12,0.8409530006666259,1.7266454399996261e-17,6.5575639838060123e-25,6.5575416086445375e-25,6.4780226126656802e-39,2.2370086581305291e-30,0.0,0.0,1.4187877734276772e-16,1.4124657031417108e-26,154.0,0.0,0.9999999909782078,1.0,18.999999999996508,1.8101316170121182e-09,1.0357470119810755e-10,3.5333607362355629e-09,3.536850232352085e-09,3.4380110081428494e-11,3.4920480778371507e-12,2.7111065470976922e-15
1.1874191455296281e-12,0.8409530006666196,2.0142106978050825e-17,8.9237358816535736e-25,8.9237003647487087e-25,1.0928540084703281e-38,3.5510985298612078e-30,0.0,0.0,1.778546481724418e-16,2.0349472499275733e-26,154.0,0.0,0.99999998947588464,1.0,18.999999999995246,2.1116062752448512e-09,1.153375050127486e-10,4.1211591551188678e-09,4.1259073397577366e-09,4.5350851077148845e-11,4.7511494545974514e-12,3.1628124850663627e-15
1.3321196497262072e-12,0.8409530006666138,2.2596603933197151e-17,1.123114581154671e-24,1.1231095666181089e-24,1.6207720508984004e-38,5.0138725328259491e-30,0.0,0.0,2.113484890733951e-16,2.6823592110528862e-26,154.0,0.0,0.99999998819362035,1.0,18.999999999994017,2.3689294222440255e-09,1.2444751487726735e-10,4.6227206538018227e-09,4.6286959863603016e-09,5.5603893710787271e-11,5.97864697867161e-12,3.5483652852254251e-15
1.4768201539227864e-12,0.8409530006666073,2.5051090576376977e-17,1.3803585659385934e-24,1.3803517336150503e-24,2.314291549119843e-38,6.8315874682192033e-30,0.0,0.0,2.474082093392918e-16,3.4457865891240643e-26,154.0,0.0,0.99999998691139069,1.0,18.999999999992646,2.6262525580172521e-09,1.3277826920291033e-10,5.1241415031581083e-09,5.1314846316734673e-09,6.6601737539660059e-11,7.3467899741423672e-12,3.9339180843953722e-15
1.6070506076997076e-12,0.8409530006666006,2.726011973833205e-17,1.6345381181974161e-24,1.6345293145263699e-24,3.1049286937470751e-38,8.8028701566870923e-30,0.0,0.0,2.8205528491838421e-16,4.2391777557501705e-26,154.0,0.0,0.99999998575741078,1.0,18.999999999991296,2.857843370614977e-09,1.3966480568203325e-10,5.5753000716566265e-09,5.5839944113529046e-09,7.7083918081119386e-11,8.6983112964753033e-12,4.280915602803159e-15
1.7372810614766288e-12,0.8409530006665938,2.9469140547267731e-17,1.9101849224404005e-24,1.9101738005855018e-24,4.0777455080605711e-38,1.1120989224089199e-29,0.0,0.0,3.1877979286841733e-16,5.1397900829437131e-26,154.0,0.0,0.99999998460345463,1.0,18.999999999989829,3.0894341741196969e-09,1.4601881814370245e-10,6.026344824505954e-09,6.0365041899879751e-09,8.80750773881901e-11,1.0163645146207937e-11,4.6279131204102173e-15
1.86751151525355e-12,0.8409530006665861,3.1678153003029486e-17,2.2072988974903597e-24,2.2072850825097947e-24,5.2579488548191355e-38,1.3814050139133172e-29,0.0,0.0,3.5758129301955834e-16,6.1539037335848766e-26,154.0,0.0,0.99999998344952012,1.0,18.999999999988248,3.3210249685314175e-09,1.5188146281498986e-10,6.4772758139185274e-09,6.4890139675786995e-09,9.9535878931847057e-11,1.1742739311362448e-11,4.9749106372159056e-15
1.997741969030471e-12,0.8409530006665781,3.3887157105462836e-17,2.5258799621704794e-24,2.5258630510169977e-24,6.6723101953348605e-38,1.6910158342079501e-29,0.0,0.0,3.9845934540224169e-16,7.2878017503064699e-26,154.0,0.0,0.99999998229560572,1.0,18.999999999986553,3.5526157538501432e-09,1.572907598630205e-10,6.9280930920830411e-09,6.9415237441250959e-09,1.1142998358399088e-10,1.3435541603703082e-11,5.3219081532206359e-15
2.127972422807392e-12,0.8409530006665691,3.6096152854413425e-17,2.8659280353026085e-24,2.8659075968236566e-24,8.3491657993994543e-38,2.0437419141770295e-29,0.0,0.0,4.4141351024860159e-16,8.5477700317877069e-26,154.0,0.0,0.99999998114170985,1.0,18.999999999984745,3.7842065300758791e-09,1.6228174747491762e-10,7.3787967111642656e-09,7.3940335196271818e-09,1.2372390235005589e-10,1.5241999858918348e-11,5.6689056684250913e-15
2.258202876584313e-12,0.8409530006665602,3.8305140249726954e-17,3.2274430357076142e-24,3.227418610645445e-24,1.0318415969704617e-37,2.4423937735919206e-29,0.0,0.0,4.8644334799204899e-16,9.9400973334823252e-26,154.0,0.0,0.99999997998783108,1.0,18.999999999982823,4.015797297208632e-09,1.6688678264711766e-10,7.829386723303095e-09,7.8465432940849711e-09,1.3638670887891509e-10,1.7162061936568495e-11,6.0159031828284568e-15
2.388433330361234e-12,0.8409530006665502,4.0514119291249222e-17,3.6104248822046522e-24,3.61039598319648e-24,1.2611524921614547e-37,2.8897819166605732e-29,0.0,0.0,5.3354841926785223e-16,1.1471075256291804e-25,154.0,0.0,0.99999997883396807,1.0,18.999999999980787,4.2473880552484034e-09,1.7113567723879714e-10,8.2798631806164746e-09,8.2990530674984814e-09,1.4938990942497451e-10,1.9195675720159471e-11,6.3629006964304004e-15
2.518663784138155e-12,0.8409530006665401,4.2723089978826103e-17,4.0148734936110393e-24,4.0148396051892079e-24,1.5261520137767914e-37,3.3887168312362669e-29,0.0,0.0,5.8272828491311419e-16,1.3146998241013791e-25,154.0,0.0,0.99999997768011961,1.0,18.999999999978638,4.4789788041951968e-09,1.7505597628413899e-10,8.7302261351974172e-09,8.7515628398677257e-09,1.6270717684131832e-10,2.1342789117141307e-11,6.7098982092321559e-15
2.648894237915076e-12,0.8409530006665292,4.4932052312303549e-17,4.4407887887424397e-24,4.4407493673345715e-24,1.8302992020890639e-37,3.9420089899392049e-29,0.0,0.0,6.3398250596654881e-16,1.4974163568930718e-25,154.0,0.0,0.99999997652628458,1.0,18.999999999976382,4.7105695440490179e-09,1.786730797370556e-10,9.1804756391149934e-09,9.2040726111927124e-09,1.7631423421785524e-10,2.3603350058880186e-11,7.0568957212334423e-15
2.779124691691997e-12,0.8409530006665178,4.7141006291527627e-17,4.8881706864131467e-24,4.8881251603422789e-24,2.1772093168197364e-37,4.5524688518474499e-29,0.0,0.0,6.873106436681047e-16,1.6958871361614703e-25,154.0,0.0,0.99999997537246177,1.0,18.999999999974008,4.9421602748098675e-09,1.8201047769764114e-10,9.6306117444144264e-09,9.6565823814734597e-09,1.9018863005526449e-10,2.5977306500611755e-11,7.4038932324317741e-15
2.909355145468918e-12,0.8409530006665058,4.9349951916344446e-17,5.3570191054360845e-24,5.3569668749208045e-24,2.5706538248362252e-37,5.2229068625637438e-29,0.0,0.0,7.427122594589265e-16,1.9107424580209282e-25,154.0,0.0,0.99999997421865061,1.0,18.999999999971521,5.1737509964777522e-09,1.8508978826968023e-10,1.0080634503117063e-08,1.0109092150709974e-08,2.0430970208133376e-10,2.8464606421436626e-11,7.7508907428294775e-15
3.039585599245839e-12,0.8409530006664931,5.1558889186600241e-17,5.847333964622784e-24,5.8472744017773635e-24,3.0145603225169474e-37,5.9561334540379027e-29,0.0,0.0,8.0018691498122398e-16,2.1426129020536393e-25,154.0,0.0,0.99999997306484978,1.0,18.999999999968921,5.4053417090526712e-09,1.8793100387337757e-10,1.0530543967220403e-08,1.0561601918902266e-08,2.1865834182880022e-10,3.1065197824304863e-11,8.0978882524311177e-15
3.16981605302276e-12,0.8409530006664802,5.3767818102141308e-17,6.3591151827831985e-24,6.359047631617748e-24,3.5130125377385149e-37,6.7549590434639839e-29,0.0,0.0,8.597341720784214e-16,2.3921293310436996e-25,154.0,0.0,0.99999997191105883,1.0,18.999999999966207,5.6369324125346295e-09,1.9055249315508793e-10,1.0980340188698071e-08,1.1014111686050345e-08,2.332169928100582e-10,3.3779028736035183e-11,8.4448857612288313e-15
3.300046506799681e-12,0.8409530006664665,5.597673866281404e-17,6.8923626787257721e-24,6.8922864551463822e-24,4.0702502272078255e-37,7.6221940336374376e-29,0.0,0.0,9.2135359279490502e-16,2.6599228904788636e-25,154.0,0.0,0.99999997075727676,1.0,18.999999999963379,5.8685231069236288e-09,1.9297128586048176e-10,1.1430023219499861e-08,1.1466621452154215e-08,2.4796937823949062e-10,3.660604720728442e-11,8.7918832692164179e-15
3.430276960576602e-12,0.8409530006664524,5.8185650868464868e-17,7.4470763712573602e-24,7.4469907630662377e-24,4.6906691987791038e-37,8.5606488124689122e-29,0.0,0.0,9.8504473937612744e-16,2.946625008543645e-25,154.0,0.0,0.9999999696035029,1.0,18.999999999960437,6.1001137922196706e-09,1.9520300368501302e-10,1.1879593111551703e-08,1.1919131217213884e-08,2.6290056712559591e-10,3.954620131256074e-11,9.1388807764152793e-15
3.560507414353523e-12,0.8409530006664377,6.0394554718940421e-17,8.0232561791834014e-24,8.0231604460790335e-24,5.378821179513302e-37,9.5731337541328929e-29,0.0,0.0,1.0508071742681916e-15,3.2528673956453856e-25,154.0,0.0,0.99999996844973693,1.0,18.999999999957382,6.3317044684227591e-09,1.9726217633587476e-10,1.232904991675574e-08,1.2371640981229369e-08,2.7799667218352347e-10,4.2599439150172533e-11,9.48587828282779e-15
3.6907378681304444e-12,0.8409530006664226,6.2603450214087289e-17,8.6209020213077872e-24,8.6207953948850671e-24,6.1394138771174918e-37,1.0662459218121598e-28,0.0,0.0,1.1186404601180945e-15,3.5792820445140967e-25,154.0,0.0,0.99999996729597773,1.0,18.999999999954213,6.563295135532896e-09,1.9916207767560821e-10,1.2778393686990274e-08,1.2824150744200664e-08,2.9324500644665196e-10,4.5765708842258679e-11,9.8328757884035716e-15
3.820968321907366e-12,0.8409530006664069,6.4812337353752236e-17,9.2400138164330586e-24,9.2398955001834266e-24,6.9773108046121034e-37,1.1831435550485584e-28,0.0,0.0,1.1885441597732092e-15,3.9265012295101124e-25,154.0,0.0,0.9999999661422253,1.0,18.999999999950937,6.7948857935500813e-09,2.0091510859082682e-10,1.3227624474109843e-08,1.327666050612778e-08,3.0863371732617711e-10,4.9044958534725872e-11,1.0179873293165037e-14
3.951198775684287e-12,0.8409530006663904,6.7021216137782039e-17,9.8805914833601935e-24,9.8804606526717865e-24,7.8975313463640779e-37,1.3082873082613368e-28,0.0,0.0,1.2605178362815805e-15,4.2951575066851995e-25,154.0,0.0,0.99999996498847865,1.0,18.999999999947544,7.0264764424743199e-09,2.0253263048525701e-10,1.3676742329945174e-08,1.3729170267010725e-08,3.2415194575606592e-10,5.2437136397284544e-11,1.0526870797194854e-14
4.081429229461209e-12,0.8409530006663738,6.9230086566023646e-17,1.0542634940888643e-23,1.0542490743046437e-23,8.9052506919441593e-37,1.4419582131348685e-28,0.0,0.0,1.3345610528917709e-15,4.685883713429627e-25,154.0,0.0,0.99999996383473755,1.0,18.999999999944038,7.2580670823056085e-09,2.0402508901135731e-10,1.4125747306303223e-08,1.41816800268495e-08,3.397897079321567e-10,5.5942190623431068e-11,1.0873868300424369e-14
4.21165968323813e-12,0.8409530006663564,7.1438948638323982e-17,1.1226144107816326e-23,1.1225985662002283e-23,1.0005799792481509e-36,1.5844372999043732e-28,0.0,0.0,1.4106733730527664e-15,5.0993129682279446e-25,154.0,0.0,0.99999996268100177,1.0,18.999999999940417,7.4896577130439547e-09,2.0540208539657106e-10,1.4574639454967147e-08,1.4634189785644113e-08,3.5553782713955422e-10,5.9560069430436208e-11,1.122086580271138e-14
4.3418901370150515e-12,0.8409530006663384,7.3647802354530166e-17,1.1931118902939752e-23,1.1930945300232951e-23,1.1204665254995698e-36,1.7360055974170164e-28,0.0,0.0,1.4888543604136837e-15,5.5360786702043191e-25,154.0,0.0,0.99999996152727055,1.0,18.999999999936691,7.7212483346893557e-09,2.0667256273732966e-10,1.5023418827696385e-08,1.5086699543394563e-08,3.713877556955047e-10,6.3290721059309565e-11,1.1567863304283073e-14
4.472120590791973e-12,0.84095300066632,7.5856647714489321e-17,1.2657559245053932e-23,1.2657369548430726e-23,1.2507489350059948e-36,1.8969441330884459e-28,0.0,0.0,1.5691035788238377e-15,5.996814499046672e-25,154.0,0.0,0.99999996037354388,1.0,18.999999999932847,7.9528389472418168e-09,2.078447594705491e-10,1.5472085476226614e-08,1.5539209300100853e-08,3.8733161942066956e-10,6.7134093774808288e-11,1.191486080532924e-14
4.602351044568894e-12,0.8409530006663009,7.8065484718048716e-17,1.3405465052952443e-23,1.3405258297286601e-23,1.3920069921314401e-36,2.0675339329398655e-28,0.0,0.0,1.6514205923325112e-15,6.4821544145795221e-25,154.0,0.0,0.9999999592198211,1.0,18.999999999928889,8.1844295507013328e-09,2.0892633586704418e-10,1.5920639452269809e-08,1.5991719055763003e-08,4.0336209673854186e-10,7.1090135865409415e-11,1.2261858305219848e-14
4.732581498345816e-12,0.8409530006662812,8.0274313365055657e-17,1.417483624542732e-23,1.4174611437490141e-23,1.5448360426231494e-36,2.248056021519637e-28,0.0,0.0,1.7358049651891379e-15,6.9927326567888166e-25,154.0,0.0,0.99999995806610198,1.0,18.999999999924817,8.4160201450679121e-09,2.0992427261160827e-10,1.636908080751418e-08,1.6444228810380999e-08,4.1947251561114516e-10,7.5158795643332094e-11,1.2608855803869519e-14
4.862811952122737e-12,0.8409530006662612,8.248313365535761e-17,1.4965672741269153e-23,1.4965428859729654e-23,1.7098469797832673e-36,2.4387914219835436e-28,0.0,0.0,1.8222562618429172e-15,7.5291837452330593e-25,154.0,0.0,0.99999995691238619,1.0,18.999999999920639,8.6476107303415497e-09,2.1084507120118204e-10,1.6817409593624243e-08,1.6896738563954839e-08,4.3565666200135045e-10,7.9340021444491435e-11,1.2955853302773346e-14
4.9930424058996586e-12,0.8409530006662406,8.4691945588801992e-17,1.5777974459266947e-23,1.5777710454691985e-23,1.8876662508211239e-36,2.6400211560011894e-28,0.0,0.0,1.9107740469430624e-15,8.0921424791581592e-25,154.0,0.0,0.99999995575867373,1.0,18.999999999916344,8.8792013065222522e-09,2.116946346895208e-10,1.7265625862240812e-08,1.7349248316484548e-08,4.5190889385540541e-10,8.3633761628528735e-11,1.3302850801302462e-14
5.12327285967658e-12,0.8409530006662194,8.6900749165236492e-17,1.6611741318208377e-23,1.6611456113062777e-23,2.078935837671199e-36,2.8520262438859981e-28,0.0,0.0,2.0013578853382452e-15,8.6822439367304817e-25,154.0,0.0,0.99999995460496427,1.0,18.999999999911935,9.1107918736100164e-09,2.1247852615929939e-10,1.7713729664981015e-08,1.7801758067970108e-08,4.6822389405901954e-10,8.8039964578744133e-11,1.3649848296376439e-14
5.2535033134535014e-12,0.8409530006661978,8.9109544384508649e-17,1.7466973236879532e-23,1.7466665725526249e-23,2.2843132658311025e-36,3.0750877044768187e-28,0.0,0.0,2.0940073420769232e-15,9.300123475229625e-25,154.0,0.0,0.99999995345125736,1.0,18.99999999990742,9.3423824316048437e-09,2.1320181160346301e-10,1.8161721053438284e-08,1.8254267818411527e-08,4.8459682060910588e-10,9.2558578702136994e-11,1.3996845792866861e-14
5.383733767230423e-12,0.8409530006661755,9.1318331246466349e-17,1.8343670134065027e-23,1.8343339182765284e-23,2.5044715940453779e-36,3.3094865551891989e-28,0.0,0.0,2.1887219824070673e-15,9.9464167305858747e-25,154.0,0.0,0.9999999522975529,1.0,18.999999999902787,9.5739729805067393e-09,2.1386916925353573e-10,1.8609600079182401e-08,1.8706777567808813e-08,5.0102320211935872e-10,9.7189552429372605e-11,1.4343843290244723e-14
5.513964221007344e-12,0.8409530006661525,9.352710975095738e-17,1.924183192854801e-23,1.9241476375461455e-23,2.7400994113582655e-36,3.5555038120117383e-28,0.0,0.0,2.2855013717761029e-15,1.0621759617198258e-24,154.0,0.0,0.99999995114385087,1.0,18.999999999898041,9.8055635203156982e-09,2.1448491096075689e-10,1.9057366793759472e-08,1.9159287316161961e-08,5.1749891738447059e-10,1.0193283421477569e-10,1.4690840782639335e-14
5.774425128561186e-12,0.8409530006661053,9.7944641686931207e-17,2.1102549884531684e-23,2.1102141529944779e-23,3.2605954767777936e-36,4.0835176008448537e-28,0.0,0.0,2.4852526604168809e-15,1.2062139331654893e-24,154.0,0.0,0.99999994883645293,1.0,18.999999999888221,1.0268744572654824e-08,2.1557726045560815e-10,1.9952563495478758e-08,2.0064306809735875e-08,5.5058333005142615e-10,1.1175611589556669e-10,1.538483576606801e-14
6.004590662205194e-12,0.840953000666062,1.0184832288684282e-16,2.2818298935954874e-23,2.2817839780073269e-23,3.7790575779358145e-36,4.5915294838956111e-28,0.0,0.0,2.6686396618279406e-15,1.3437885772460201e-24,154.0,0.0,0.99999994679744486,1.0,18.999999999879165,1.0678050933451928e-08,2.1640658780584339e-10,2.0743262460097282e-08,2.0864059431914775e-08,5.7994950096454729e-10,1.2081019943858071e-10,1.5998109091254828e-14
6.22460703333606e-12,0.840953000666019,1.0557984663236041e-16,2.452106904206837e-23,2.4520557543302962e-23,4.3299873364894886e-36,5.1149573138395653e-28,0.0,0.0,2.8499633321038412e-15,1.4846609939687196e-24,154.0,0.0,0.99999994484835142,1.0,18.999999999870184,1.1069308880053812e-08,2.1709633267452981e-10,2.1498768268421709e-08,2.1628546912931805e-08,6.081192273903937e-10,1.2979227330698168e-10,1.6584340085531803e-14
6.4446234044669256e-12,0.840953000665974,1.0931134652117182e-16,2.6285102829639247e-23,2.6284535153985962e-23,4.9388331925029243e-36,5.6767251938349741e-28,0.0,0.0,3.0371722210533131e-15,1.6349986154420189e-24,154.0,0.0,0.99999994289926197,1.0,18.999999999860883,1.1460566800702632e-08,2.1769837189340361e-10,2.2253954466166995e-08,2.2393034390968685e-08,6.3637278155637912e-10,1.3909394888918063e-10,1.7170571079033648e-14
6.6646397755977915e-12,0.8409530006659278,1.1304282255254656e-16,2.8110399906984253e-23,2.8109772084938512e-23,5.60949897567443e-36,6.278188129684054e-28,0.0,0.0,3.2302642407505595e-15,1.7951091226871729e-24,154.0,0.0,0.99999994095017597,1.0,18.999999999851262,1.1851824695398389e-08,2.1822386295142481e-10,2.3008821301000404e-08,2.3157521866025422e-08,6.6469949929526697e-10,1.4871497852000305e-10,1.7756802070306467e-14
6.8846561467286575e-12,0.8409530006658802,1.1677427472575491e-16,2.9996959882408146e-23,2.9996267808966014e-23,6.3460146943775186e-36,6.920701115557454e-28,0.0,0.0,3.4292373048877157e-15,1.9653004216043317e-24,154.0,0.0,0.99999993900109307,1.0,18.999999999841322,1.2243082564141086e-08,2.1868254363797935e-10,2.3763369020397282e-08,2.3922009338102019e-08,6.9309007336822438e-10,1.5865511472619285e-10,1.8343033059268733e-14
7.1046725178595234e-12,0.8409530006658309,1.205057030400677e-16,3.1944782364203713e-23,3.1944021798863064e-23,7.1525364749706525e-36,7.6056191339934058e-28,0.0,0.0,3.6340893287736076e-15,2.1458806426195116e-24,154.0,0.0,0.99999993705201262,1.0,18.999999999831061,1.2634340406930723e-08,2.1908290890192231e-10,2.4517597871641202e-08,2.4686496807198476e-08,7.2153638442549597e-10,1.6891411022626553e-10,1.8929264045950619e-14
7.324688888990389e-12,0.8409530006657798,1.2423710749475669e-16,3.395386696065176e-23,3.3953033527413441e-23,8.0333465002086201e-36,8.334297155896804e-28,0.0,0.0,3.8448182293324923e-15,2.3371581403265848e-24,154.0,0.0,0.99999993510293439,1.0,18.999999999820481,1.3025598223767307e-08,2.1943237155233229e-10,2.5271508101824112e-08,2.5450984273314807e-08,7.5003134741093777e-10,1.7949171793035805e-10,1.9515495030346032e-14
7.544705260121254e-12,0.8409530006657276,1.2796848808909407e-16,3.6024213280021147e-23,3.6023302467390165e-23,8.9928529531782384e-36,9.1080901405388057e-28,0.0,0.0,4.0614219251028991e-15,2.5394414931617549e-24,154.0,0.0,0.99999993315385827,1.0,18.999999999809582,1.3416856014650837e-08,2.197373908831039e-10,2.6025099957846468e-08,2.6215471736451004e-08,7.7856878862448438e-10,1.9038769094009265e-10,2.0101726012454775e-14
7.764721631252119e-12,0.8409530006656738,1.3169984482235296e-16,3.8155820930568794e-23,3.8154828091555439e-23,1.0035589945849115e-35,9.9283530355566168e-28,0.0,0.0,4.2838983362361769e-15,2.7530395029890571e-24,154.0,0.0,0.99999993120478381,1.0,18.999999999798369,1.3808113779581318e-08,2.2000361742873089e-10,2.6778373686417438e-08,2.6979959196607065e-08,8.0714330736665638e-10,2.0160178254840292e-10,2.0687956992280327e-14
8.20475437351385e-12,0.8409530006655614,1.3916248670273055e-16,4.2602818658166829e-23,4.2601647283446755e-23,1.2389521310578942e-35,1.1713708289097927e-27,0.0,0.0,4.7464609932539669e-15,3.2154158162925423e-24,154.0,0.0,0.99999992730663956,1.0,18.999999999774985,1.4590629231583141e-08,2.2043874590808449e-10,2.8283967747085991e-08,2.8508934107978803e-08,8.6438536614325582e-10,2.2498333568823322e-10,2.1860418945065709e-14
8.565881582261813e-12,0.8409530006654645,1.452868756250696e-16,4.643546254736689e-23,4.643412959810062e-23,1.4611282238046435e-35,1.332945230940916e-27,0.0,0.0,5.143610287133987e-15,3.6313547890947145e-24,154.0,0.0,0.99999992410750405,1.0,18.999999999754845,1.523282595858791e-08,2.2071723198440218e-10,2.9518634000633634e-08,2.9763737182932839e-08,9.1143806710311278e-10,2.4512071604004211e-10,2.282263804537643e-14
8.927008791009775e-12,0.8409530006653638,1.5141120025469751e-16,5.0433144441920054e-23,5.0431635704535177e-23,1.7118453074910273e-35,1.5087332099931418e-27,0.0,0.0,5.5565551943670438e-15,4.0816456093206019e-24,154.0,0.0,0.99999992090837098,1.0,18.999999999733848,1.5875022615673123e-08,2.2094002346892172e-10,3.0752446271589236e-08,3.1018540249858189e-08,9.5854399999897586e-10,2.6611205515963544e-10,2.3784857139541874e-14
9.288135999757737e-12,0.8409530006652587,1.5753546058841785e-16,5.4595862609236925e-23,5.4594163271038521e-23,1.9934397997253795e-35,1.6993338889654425e-27,0.0,0.0,5.9852865603350234e-15,4.5676596476241471e-24,154.0,0.0,0.99999991770923979,1.0,18.999999999712006,1.651721920283879e-08,2.211182953595404e-10,3.1985405645862515e-08,3.2273343308754813e-08,1.0056924839288183e-09,2.879562671464574e-10,2.474707622752669e-14
9.6492632085057e-12,0.8409530006651497,1.6365965662303932e-16,5.8923615316642004e-23,5.8921709965821041e-23,2.308339202856675e-35,1.9053463823114851e-27,0.0,0.0,6.4297952420609912e-15,5.0907698780878149e-24,154.0,0.0,0.99999991451011072,1.0,18.999999999689308,1.7159415720084922e-08,2.2126092610212925e-10,3.3217513207982283e-08,3.3528146359622768e-08,1.052875033001961e-09,3.1065226748082541e-10,2.5709295309341034e-14
1e-11,0.8409530006650365,1.6960758462989787e-16,6.328482774463516e-23,6.3282706987585825e-23,2.648446695585495e-35,2.1207524907717136e-27,0.0,0.0,6.8766087070792423e-15,5.6356428134563378e-24,154.0,0.0,0.99999991140302857,1.0,18.99999999966645,1.7783134776253753e-08,2.2137209019785037e-10,3.4413355973781914e-08,3.4746845982863806e-08,1.0987261901253174e-09,3.3350960669476323e-10,2.6643829244144794e-14
1.0010390417253662e-11,0.8409530006650365,1.6978378835537559e-16,6.3416400831373816e-23,6.3414273457015755e-23,2.6590620292116193e-35,2.127369796039306e-27,0.0,0.0,6.8900721081938382e-15,5.6523508739130591e-24,154.0,0.0,0.99999991131098265,1.0,18.999999999665761,1.7801612167411517e-08,2.2137503085674082e-10,3.4448770041098302e-08,3.4782949402462002e-08,1.1000848466509123e-09,3.3419897302210877e-10,2.6671514385040304e-14
1.0371517626001624e-11,0.8409530006649193,1.7590785578224534e-16,6.8074217420585123e-23,6.8071851412678204e-23,3.0482177298483068e-35,2.3660032277110036e-27,0.0,0.0,7.3661080389936293e-15,6.2537788033216444e-24,154.0,0.0,0.9999999081118558,1.0,18.999999999641364,1.8443808544818594e-08,2.2146630402407424e-10,3.5679177226983017e-08,3.6037752437272535e-08,1.1473164822495048e-09,3.585953020069912e-10,2.7633733454562509e-14
1.0732644834749586e-11,0.840953000664798,1.8203185890047232e-16,7.2897063351342968e-23,7.2894441500786817e-23,3.4785066218219463e-35,2.6218457664424193e-27,0.0,0.0,7.8578939263166614e-15,6.896431425374752e-24,154.0,0.0,0.99999990491272994,1.0,18.999999999616119,1.9086004852306158e-08,2.2153932330769234e-10,3.6908735846033298e-08,3.7292555464054361e-08,1.1945655644946097e-09,3.838401740476973e-10,2.8595952517865932e-14
1.1093772043497548e-11,0.8409530006646725,1.8815579770688518e-16,7.7884936890628855e-23,7.7882041389242828e-23,3.9527198177587044e-35,2.8954964929028244e-27,0.0,0.0,8.3654206736009678e-15,7.5816880859323322e-24,154.0,0.0,0.99999990171360476,1.0,18.999999999590024,1.972820108987421e-08,2.215977442645944e-10,3.8137446977272193e-08,3.8547358482807466e-08,1.2418285994575025e-09,4.0993251013027533e-10,2.9558171575089701e-14
1.145489925224551e-11,0.8409530006645431,1.9427967219831776e-16,8.3037836305338945e-23,8.3034648745870593e-23,4.4737391538284285e-35,3.1875544793146033e-27,0.0,0.0,8.8886791958515273e-15,8.3109297135240345e-24,154.0,0.0,0.99999989851448023,1.0,18.99999999956308,2.0370397257522766e-08,2.2164448892806708e-10,3.9365311698350672e-08,3.9802161493531863e-08,1.2891027943008553e-09,4.3687123261283925e-10,3.0520390626183863e-14
1.2177153669741433e-11,0.8409530006642721,2.0652722822360156e-16,9.3838705828189635e-23,9.3834876534554908e-23,5.6681767822800401e-35,3.8292884786455066e-27,0.0,0.0,9.9823552830181369e-15,9.9068994728821658e-24,154.0,0.0,0.99999989211623264,1.0,18.999999999506667,2.1654789383061419e-08,2.2171174564646207e-10,4.1818506213780257e-08,4.2311767490894487e-08,1.383676256279117e-09,4.9328353306029818e-10,3.2444828709532113e-14
1.277648100833496e-11,0.8409530006640346,2.1669006544150234e-16,1.033024022680278e-22,1.0329797931366924e-22,6.8283188236909276e-35,4.4229490911074259e-27,0.0,0.0,1.0937582531840217e-14,1.1376940017918445e-23,154.0,0.0,0.9999998868069625,1.0,18.999999999457291,2.2720578864313809e-08,2.2174870366951349e-10,4.3851608232623539e-08,4.4394240687698146e-08,1.462171414281253e-09,5.4265534253094312e-10,3.4041729072606408e-14
1.3375808346928488e-11,0.8409530006637863,2.2685272547762267e-16,1.1322060358161908e-22,1.1321552857976943e-22,8.1576884430303564e-35,5.0749964982406551e-27,0.0,0.0,1.1936023288719745e-14,1.2985907775342935e-23,154.0,0.0,0.99999988149769281,1.0,18.999999999405595,2.3786368152988567e-08,2.2177433423151993e-10,4.5882392782839503e-08,4.6476713862388428e-08,1.5406773984871513e-09,5.9434455530218114e-10,3.5638629417842905e-14
1.3975135685522016e-11,0.8409530006635269,2.3701520831762576e-16,1.2359330184461277e-22,1.2358751367037677e-22,9.6719354272075027e-35,5.7881688304822672e-27,0.0,0.0,1.2977636341361242e-14,1.4740157911564076e-23,154.0,0.0,0.99999987618842412,1.0,18.999999999351594,2.4852157249085728e-08,2.2179217772806277e-10,4.7910864752979469e-08,4.8559187014965307e-08,1.6191908250377115e-09,6.4834628286387734e-10,3.7235529748943538e-14
1.4574463024115545e-11,0.8409530006632562,2.4717751394721243e-16,1.3442048913201752e-22,1.3441392392243625e-22,1.1387393850282737e-34,6.5652041541735346e-27,0.0,0.0,1.4062380564403781e-14,1.6646057374300223e-23,154.0,0.0,0.99999987087915598,1.0,18.99999999929528,2.5917946152605327e-08,2.2180445997933102e-10,4.9937029021282542e-08,5.0641660145428783e-08,1.6977095665260574e-09,7.0465564701804789e-10,3.8832430056228902e-14
1.5173790362709074e-11,0.8409530006629746,2.5733964235212124e-16,1.4570215751820326e-22,1.4569474867231832e-22,1.3321081181298706e-34,7.4088404715559992e-27,0.0,0.0,1.5190214919237022e-14,1.8709984841978318e-23,154.0,0.0,0.99999986556988818,1.0,18.999999999236667,2.6983734863547406e-08,2.2181277547706586e-10,5.1960890455697389e-08,5.2724133253778809e-08,1.7762320989599497e-09,7.6326777985703789e-10,4.042933036297042e-14
1.5773117701302604e-11,0.8409530006626817,2.6750159351812772e-16,1.5743829907690288e-22,1.5742997725582056e-22,1.5490697394444059e-34,8.3218157207675867e-27,0.0,0.0,1.6361098453817647e-14,2.0938330673360817e-23,154.0,0.0,0.9999998602606206,1.0,18.999999999175753,2.8049523381911985e-08,2.218184980905097e-10,5.3982453913904023e-08,5.4806606340015399e-08,1.8547571092149556e-09,8.2417782374174824e-10,4.2026230611445263e-14
1.6372445039896133e-11,0.8409530006623783,2.7766336743104517e-16,1.696289058812136e-22,1.696195990081692e-22,1.7914624086544492e-34,9.3068677758387131e-27,0.0,0.0,1.757499030248717e-14,2.3337496857762566e-23,154.0,0.0,0.99999985495135346,1.0,18.99999999911255,2.9115311707699117e-08,2.2182260951160352e-10,5.6001724243335465e-08,5.6889079404138414e-08,1.9332836590040575e-09,8.8738093128002167e-10,4.3623130946213121e-14
1.6971772378489662e-11,0.8409530006620634,2.878249640767242e-16,1.8227397000359919e-22,1.8226360326402105e-22,2.0611923553114979e-34,1.0366734446688274e-26,0.0,0.0,1.8831849685780986e-14,2.5913896963120703e-23,154.0,0.0,0.99999984964208666,1.0,18.999999999047056,3.0181099840908812e-08,2.2182548713222302e-10,5.8018706281200305e-08,5.8971552446148026e-08,2.0118113876215382e-09,9.5287226530399642e-10,4.5220031160351683e-14
1.757109971708319e-11,0.8409530006617377,2.9798638344105219e-16,1.9537348351589081e-22,1.9536197935746477e-22,2.360233812709762e-34,1.1504153479120705e-26,0.0,0.0,2.0131635910291777e-14,2.8673956098789953e-23,154.0,0.0,0.99999984433282019,1.0,18.999999998979277,3.124688778154113e-08,2.2182732991132869e-10,6.0033404854499015e-08,6.1054025466043956e-08,2.0903401049052878e-09,1.0206469988539002e-09,4.6816931496713873e-14
1.817042705567672e-11,0.8409530006614009,3.0814762550995412e-16,2.0892743848928926e-22,2.0891471662202274e-22,2.6906289112660809e-34,1.2721862554821337e-26,0.0,0.0,2.1474308368449135e-14,3.1624110855679539e-23,154.0,0.0,0.99999983902355405,1.0,18.999999998909217,3.2312675529596086e-08,2.2182848491276305e-10,6.2045824780049987e-08,6.3136498463826782e-08,2.1688694791366839e-09,1.0907003151519088e-09,4.8413831364383419e-14
1.876975439427025e-11,0.8409530006610536,3.1830869026939179e-16,2.2293582699436681e-22,2.2292180439065319e-22,3.0544875735914493e-34,1.4022599291351799e-26,0.0,0.0,2.2859826538302522e-14,3.477080924752735e-23,154.0,0.0,0.99999983371428824,1.0,18.999999998836891,3.3378463085073721e-08,2.2182933941603639e-10,6.4055970864515335e-08,6.5218971439494993e-08,2.2473991401595501e-09,1.1630274075764045e-09,5.0010732245721773e-14
1.936908173286378e-11,0.8409530006606948,3.2846957770536408e-16,2.3739864110106891e-22,2.3738323199575142e-22,3.4539874357946074e-34,1.5409101242146573e-26,0.0,0.0,2.4288149983358419e-14,3.8120510667064627e-23,154.0,0.0,0.99999982840502277,1.0,18.999999998762291,3.4444250447974068e-08,2.2183005702839941e-10,6.60638479044202e-08,6.7301444393051912e-08,2.3259289316004336e-09,1.2376234796426527e-09,5.1607630814378395e-14
1.9968409071457308e-11,0.8409530006603255,3.3863028780390643e-16,2.5231587287871532e-22,2.5229898876915164e-22,3.8913737804056446e-34,1.6884105896510063e-26,0.0,0.0,2.5759238352441324e-14,4.1679685848776566e-23,154.0,0.0,0.99999982309575741,1.0,18.999999998685425,3.5510037618297159e-08,2.2183057390754306e-10,6.8069460686169281e-08,6.9383917324489889e-08,2.4044589144788915e-09,1.3144837449863199e-09,5.3204534691365511e-14
2.0650356380962173e-11,0.8409530006598922,3.5019148180769932e-16,2.6984220290040715e-22,2.6982352932383111e-22,4.4380817818960666e-34,1.8673573452582163e-26,0.0,0.0,2.7485085931421677e-14,4.599253561129306e-23,154.0,0.0,0.9999998170545864,1.0,18.999999998595221,3.6722748112420003e-08,2.2183093154079895e-10,7.0348808311795033e-08,7.1753468494853361e-08,2.4938148287204334e-09,1.4046873693526734e-09,5.5021572124449046e-14
2.1332303690467038e-11,0.8409530006594444,3.6175244617194943e-16,2.879568513723452e-22,2.8793626616642063e-22,5.0403519864301624e-34,2.0585203434727166e-26,0.0,0.0,2.9266190491404381e-14,5.0594553445099984e-23,154.0,0.0,0.99999981101341573,1.0,18.999999998502098,3.7935458357210684e-08,2.2183112158589626e-10,7.2625237577451639e-08,7.41230196365834e-08,2.5831709025960978e-09,1.4978092698005346e-09,5.6838612101143155e-14
2.2014250999971903e-11,0.8409530006589832,3.7331318087625823e-16,3.0665980660815315e-22,3.066371835779975e-22,5.7018108254733034e-34,2.2623028395113654e-26,0.0,0.0,3.1102492988474957e-14,5.5495325093214136e-23,154.0,0.0,0.99999980497224539,1.0,18.999999998406064,3.9148168352669263e-08,2.2183123286061108e-10,7.4898755486851681e-08,7.6492570749682522e-08,2.6725270512151353e-09,1.59384244267634e-09,5.8655652077445857e-14
2.2696198309476768e-11,0.8409530006585075,3.848736859002883e-16,3.2595105692041781e-22,3.2592626583870995e-22,6.4261974781581428e-34,2.4791080778381903e-26,0.0,0.0,3.2993934520395016e-14,6.0704454952193734e-23,154.0,0.0,0.9999997989310756,1.0,18.999999998307121,4.0360878098795793e-08,2.218313128282756e-10,7.7169369026902001e-08,7.8862121834150725e-08,2.7618832292127756e-09,1.692779901132099e-09,6.0472692021392079e-14
2.3378145618981633e-11,0.8409530006580183,3.9643396122376332e-16,3.4583059062069292e-22,3.4580349722778087e-22,7.2173637082289047e-34,2.709339292163673e-26,0.0,0.0,3.4940456326263644e-14,6.6231565982415508e-23,154.0,0.0,0.99999979288990604,1.0,18.999999998205286,4.1573587595590313e-08,2.2183137254076575e-10,7.9437085167743906e-08,8.1231672889987957e-08,2.8512394260257958e-09,1.7946146750852334e-09,6.2289731946262773e-14
2.4742040237991367e-11,0.840953000656998,4.1955382268824789e-16,3.873544614263457e-22,3.873223445032842e-22,9.0160035990423205e-34,3.2116925298792492e-26,0.0,0.0,3.8998506420273708e-14,7.8278315515308014e-23,154.0,0.0,0.99999978080756802,1.0,18.999999997992941,4.399900584118355e-08,2.2183146646389737e-10,8.3963853048855119e-08,8.597077491576939e-08,3.0299518423934593e-09,2.0069483726652317e-09,6.5923811729352912e-14
2.61059348570011e-11,0.8409530006559223,4.4267276510871898e-16,4.3123132549698693e-22,4.3119359961989106e-22,1.1130790228380539e-33,3.7725882072446112e-26,0.0,0.0,4.3276175997431993e-14,9.1712925324828074e-23,154.0,0.0,0.99999976872523144,1.0,18.999999997769091,4.6424423089449398e-08,2.2183150091710371e-10,8.8479114557501149e-08,9.0709876827026542e-08,3.2086643134247241e-09,2.2307881085674729e-09,6.9557891424570143e-14
2.7469829476010833e-11,0.8409530006547916,4.6579078832515282e-16,4.7746108928814839e-22,4.7741713677836413e-22,1.3596574685893223e-33,4.3952518067460128e-26,0.0,0.0,4.7773000025281885e-14,1.0661303860092568e-22,154.0,0.0,0.99999975664289631,1.0,18.999999997533791,4.8849839340388239e-08,2.2183149194615991e-10,9.2982924855214354e-08,9.5448978623759175e-08,3.3873768237832688e-09,2.4660787217243733e-09,7.3191971031810425e-14
2.8833724095020567e-11,0.8409530006536065,4.8890789217848956e-16,5.2604365923911993e-22,5.2599283016494906e-22,1.6449994023915478e-33,5.0829086387459386e-26,0.0,0.0,5.2488515700743534e-14,1.2305658715844412e-22,154.0,0.0,0.99999974456056262,1.0,18.999999997287098,5.1275254594000465e-08,2.218314745883171e-10,9.747533883907678e-08,1.0018808030596694e-07,3.5660893399809922e-09,2.7127653155163702e-09,7.6826050551113088e-14
3.0197618714030297e-11,0.8409530006523663,5.1202407651062854e-16,5.7697894177305034e-22,5.7692055395147506e-22,1.9729466000723403e-33,5.8387838414602444e-26,0.0,0.0,5.7422262439153268e-14,1.4112178859619669e-22,154.0,0.0,0.99999973247823037,1.0,18.999999997029061,5.3700668850286499e-08,2.2183146709673037e-10,1.0195641114302049e-07,1.0492718187364963e-07,3.744801844571793e-09,2.9707932564717826e-09,8.046012998246758e-14
3.1561513333040027e-11,0.8409530006510717,5.3513934116442444e-16,6.302668432970449e-22,6.302001822954515e-22,2.3475184018584184e-33,6.666102380936163e-26,0.0,0.0,6.2573781863696832e-14,1.6088714357678861e-22,154.0,0.0,0.99999972039589957,1.0,18.999999996759737,5.6126082109246738e-08,2.2183146698473423e-10,1.0642619613908077e-07,1.0966628332680693e-07,3.9235143399323897e-09,3.2401081730133741e-09,8.4094209325868246e-14
3.4289302571059493e-11,0.8409530006483218,5.81367110813141e-16,7.4390012886420454e-22,7.4381464921497756e-22,3.2534969229676391e-33,8.5479684733420181e-26,0.0,0.0,7.3528316218031994e-14,2.0583371035757257e-22,154.0,0.0,0.99999969623124241,1.0,18.999999996187444,6.0976905635191414e-08,2.2183147961859539e-10,1.1533212039630897e-07,1.1914448588954439e-07,4.2809393118335434e-09,3.812382745918729e-09,9.1362367748784876e-14
3.701709180907896e-11,0.840953000645358,6.2759119988639633e-16,8.6694276688022743e-22,8.6683522390089126e-22,4.3986218029713519e-33,1.0754303200138054e-25,0.0,0.0,8.534849550536339e-14,2.5852985196035397e-22,154.0,0.0,0.99999967206659102,1.0,18.999999995570647,6.58277251718377e-08,2.218314742058879e-10,1.2419354139666117e-07,1.286226879941771e-07,4.6383642922757629e-09,4.429159251953716e-09,9.8630525819817327e-14
3.9744881047098426e-11,0.8409530006421823,6.7381160716094098e-16,9.9939400803402206e-22,9.9926089910744395e-22,5.8213897034284753e-33,1.3310900089448659e-25,0.0,0.0,9.8030731139414265e-14,3.196134963992767e-22,154.0,0.0,0.9999996479019454,1.0,18.999999994909775,7.0678540719188854e-08,2.2183145687251669e-10,1.3301088481320711e-07,1.3810088964070294e-07,4.9957892754039966e-09,5.0900120216350075e-09,1.0589868353892068e-13
4.247267028511789e-11,0.8409530006387967,7.2002833142836933e-16,1.1412531027669575e-21,1.141090667368959e-21,7.5630905856099135e-33,1.6243549912633575e-25,0.0,0.0,1.1157146885886032e-13,3.8972684875093556e-22,154.0,0.0,0.99999962373730555,1.0,18.999999994205247,7.5529352277248012e-08,2.2183144578484734e-10,1.4178457224736655e-07,1.4757909082911977e-07,5.3532142438550991e-09,5.7945194570950654e-09,1.1316684090605031e-13
4.520045952313736e-11,0.8409530006352034,7.6624137149497233e-16,1.2925193012759437e-21,1.2923235210029211e-21,9.6677917332856751e-33,1.9578040683598941e-25,0.0,0.0,1.2596718839094042e-13,4.6951630844140771e-22,154.0,0.0,0.99999959957267148,1.0,18.999999993457482,8.038015984601847e-08,2.2183144308730391e-10,1.5051502126881172e-07,1.5705729155942548e-07,5.7106391955794589e-09,6.5422639921797374e-09,1.2043499792116237e-13
4.7928248761156826e-11,0.8409530006314044,8.1245072618159904e-16,1.4531918535163899e-21,1.4529584521129401e-21,1.2182322459663853e-32,2.3340157658139581e-25,0.0,0.0,1.4121440312869929e-13,5.5963239098918318e-22,154.0,0.0,0.99999957540804318,1.0,18.999999992666897,8.523096342550339e-08,2.2183144130266003e-10,1.5920264545375328e-07,1.6653549183161791e-07,6.0680641377237066e-09,7.3328320541628531e-09,1.2770315458421345e-13
5.338382723719576e-11,0.840953000623197,9.0485837476998805e-16,1.8027530178294575e-21,1.8024305141299264e-21,1.8641877682930858e-32,3.2250397445338224e-25,0.0,0.0,1.7424953753872726e-13,7.7346644885175871e-22,154.0,0.0,0.99999952707880391,1.0,18.999999990958873,9.4932558616629469e-08,2.218314377831799e-10,1.7645105395814432e-07,1.8549189100165461e-07,6.7829139958418732e-09,9.0408041285779107e-09,1.4223946685396179e-13
5.883940571323469e-11,0.8409530006141896,9.9725126804621908e-16,2.1899305906306308e-21,2.1894987860827496e-21,2.7371057785885385e-32,4.3180496133823144e-25,0.0,0.0,2.106496404061366e-13,1.0365125861610343e-21,154.0,0.0,0.99999947874958772,1.0,18.999999989084422,1.0463413785065199e-07,2.2183142442298216e-10,1.9353302794143705e-07,2.0444828833921313e-07,7.4977638285353748e-09,1.0915205526657961e-08,1.5677577771495924e-13
6.429498418927362e-11,0.8409530006043975,1.0896293970873504e-15,2.6147185631610293e-21,2.6141551973932874e-21,3.8842428069009562e-32,5.6336636413693294e-25,0.0,0.0,2.5038799897631226e-13,1.3541156000268202e-21,154.0,0.0,0.9999994304203943,1.0,18.999999987046706,1.1433570112759667e-07,2.2183141200251035e-10,2.1045173602890061e-07,2.2340468384427691e-07,8.2126136255004312e-09,1.2952867649829884e-08,1.7131208716687807e-13
6.975056266531255e-11,0.8409530005938358,1.18199275319033e-15,3.0771109230732661e-21,3.0763916743375096e-21,5.357133319514541e-32,7.1924956784947121e-25,0.0,0.0,2.9343840906787017e-13,1.7316791728044206e-21,154.0,0.0,0.99999938209122397,1.0,18.999999984848834,1.2403724844748919e-07,2.2183140413089769e-10,2.2721028651848958e-07,2.4236107751682959e-07,8.9274633832875072e-09,1.5150682226326978e-08,1.8584839520939867e-13
7.520614114135149e-11,0.8409530005825195,1.2743413278676945e-15,3.5771016545223652e-21,3.5762001401365834e-21,7.2115434880169265e-32,9.0151551537939487e-25,0.0,0.0,3.3977516514597355e-13,2.1746636821542199e-21,154.0,0.0,0.99999933376207661,1.0,18.999999982493854,1.3373877981035517e-07,2.2183139662861226e-10,2.4381172855835399e-07,2.6131746935685497e-07,9.6423131058913475e-09,1.75056001336885e-08,2.0038470184220964e-13
8.066171961739042e-11,0.8409530005704622,1.366675112843488e-15,4.1146847382520353e-21,4.11357251504332e-21,9.5074275321710341e-32,1.1122247073504778e-24,0.0,0.0,3.8937305090260665e-13,2.6885841833105807e-21,154.0,0.0,0.99999928543295225,1.0,18.999999979984754,1.4344029521622041e-07,2.2183138757614094e-10,2.6025905326421423e-07,2.8027385936433685e-07,1.0357162795146619e-08,2.0014630281394174e-08,2.1492100706500732e-13
8.611729809342935e-11,0.8409530005576789,1.4589941000496307e-15,4.6898541516714242e-21,4.6885007164190891e-21,1.2308889092785637e-31,1.3534372019452596e-24,0.0,0.0,4.4220733087535828e-13,3.2790086646748405e-21,154.0,0.0,0.99999923710385052,1.0,18.999999977324485,1.5314179466511063e-07,2.2183137822050198e-10,2.765551947135473e-07,2.9923024753925914e-07,1.107201244986145e-08,2.2674838616686669e-08,2.2945731087749556e-13
9.157287656946829e-11,0.8409530005441826,1.5512982816213106e-15,5.3026038689525337e-21,5.3009766588314304e-21,1.5684132395851155e-31,1.6272126147018464e-24,0.0,0.0,4.9825373981009125e-13,3.9515558790485511e-21,154.0,0.0,0.99999918877477179,1.0,18.999999974515905,1.628432781570514e-07,2.2183136961283026e-10,2.9270303120739396e-07,3.1818663388160622e-07,1.1786862069031202e-08,2.5483346862774381e-08,2.4399361327938601e-13
9.702845504550722e-11,0.8409530005299872,1.643587649893202e-15,5.9529278611101607e-21,5.9509922541341455e-21,1.9705422343493694e-31,1.9356101183492732e-24,0.0,0.0,5.5748847393137515e-13,4.7118936180856527e-21,154.0,0.0,0.99999914044571592,1.0,18.999999971561842,1.7254474569206852e-07,2.2183136098868921e-10,3.0870538630586705e-07,3.3714301839136226e-07,1.2501711653386527e-08,2.8437331483332542e-08,2.585299142703977e-13
9.999999999999999e-11,0.8409530005151062,1.6938495966509902e-15,6.3229509167719662e-21,6.3208320328229993e-21,2.2194576162357061e-31,2.118887493115372e-24,0.0,0.0,5.9108536267288116e-13,5.165003497333092e-21,154.0,0.0,0.99999911412185116,1.0,18.999999969892617,1.7782893515239647e-07,2.2183135605291739e-10,3.1736134010841087e-07,3.4746818276886811e-07,1.2891075972174746e-08,3.0106516328775657e-08,2.6644754735330173e-13
1.0248403352154615e-10,0.8409530005151062,1.7358621973958628e-15,6.6408200960779899e-21,6.6385394115435487e-21,2.4449046724491413e-31,2.2806884426529019e-24,0.0,0.0,6.1988818263259115e-13,5.5657371215745818e-21,154.0,0.0,0.99999909211668281,1.0,18.999999968465076,1.8224619727018763e-07,2.2183135190933312e-10,3.2456502981387729e-07,3.5609940106851169e-07,1.3216561203346787e-08,3.1534022696785717e-08,2.7306621385025593e-13
1.1339519047362402e-10,0.8409530004833389,1.9203668011734742e-15,8.1292851512315967e-21,8.1261960368192604e-21,3.6428338836958475e-31,3.0891202565558112e-24,0.0,0.0,7.5409133715292921e-13,7.5770304613630775e-21,154.0,0.0,0.99999899545868509,1.0,18.999999961854229,2.016490525558347e-07,2.2183133316246193e-10,3.5586699843785636e-07,3.9401216092492892e-07,1.4646260199339072e-08,3.8144708614154104e-08,3.0213880877545115e-13
1.2430634742570188e-10,0.8409530004489818,2.1048120369781011e-15,9.7679507191815911e-21,9.7638817585658631e-21,5.2311330863777007e-31,4.0689690294250604e-24,0.0,0.0,9.0068514287422868e-13,1.0032048410131846e-20,154.0,0.0,0.99999889880077841,1.0,18.999999954704471,2.2105184401419818e-07,2.2183131615115553e-10,3.8663005825696715e-07,4.3192491345073524e-07,1.6075959054352117e-08,4.529428361518157e-08,3.3121139805291399e-13
1.3521750437777975e-10,0.840953000412133,2.2891978517361395e-15,1.1556768440295312e-20,1.1551531763397017e-20,7.2849309981280441e-31,5.2366886371694207e-24,0.0,0.0,1.0594982551636904e-12,1.2978067011500825e-20,154.0,0.0,0.99999880214296255,1.0,18.999999947036144,2.404545716454836e-07,2.2183129933546284e-10,4.168745338083456e-07,4.698376586458099e-07,1.7505657769857917e-08,5.2962423333955565e-08,3.6028398168069057e-13
1.4612866132985762e-10,0.8409530003728859,2.4735241951658241e-15,1.3495689912876306e-20,1.348908120297411e-20,9.8854397830872047e-31,6.6087258541337885e-24,0.0,0.0,1.2303657899597568e-12,1.646298389198649e-20,154.0,0.0,0.99999870548523728,1.0,18.999999938868807,2.5985723544989655e-07,2.2183128137297479e-10,4.466199832716476e-07,5.0775039651003325e-07,1.8935356347139657e-08,6.1129569755584852e-08,3.893565596569246e-13
1.5703981828193548e-10,0.8409530003313315,2.6577910196720074e-15,1.558466669538723e-20,1.5576465196233154e-20,1.3119848582961965e-30,8.2015203489804434e-24,0.0,0.0,1.4131290809279746e-12,2.0535280876863657e-20,154.0,0.0,0.99999860882760283,1.0,18.999999930221254,2.7925983542764259e-07,2.2183126346936806e-10,4.7588522727539392e-07,5.456631270432875e-07,2.0365054785045096e-08,6.9776902410096949e-08,4.1842913197985236e-13
1.6795097523401335e-10,0.8409530002875568,2.8419982802451491e-15,1.7823650308583862e-20,1.7813618831522449e-20,1.708122229321313e-30,1.0031504680845885e-23,0.0,0.0,1.6076354463021521e-12,2.5243990262331482e-20,154.0,0.0,0.99999851217005842,1.0,18.999999921111627,2.9866237157892714e-07,2.2183124604240785e-10,5.046883765544379e-07,5.8357585024545519e-07,2.1794753083175067e-08,7.8886310715202998e-08,4.4750169864779975e-13
1.7886213218609122e-10,0.840953000241645,3.0261459343635605e-15,2.0212592237579925e-20,2.0200477168670912e-20,2.1868404543953649e-30,1.211510429572749e-23,0.0,0.0,1.8137379632619227e-12,3.063866410733933e-20,154.0,0.0,0.99999841551260438,1.0,18.999999911557339,3.1806484390395602e-07,2.218312284347459e-10,5.3304685871346047e-07,6.2148856611642047e-07,2.3224451242157993e-08,8.844036721302926e-08,4.7657425965917702e-13
1.8977328913816908e-10,0.840953000193677,3.2102339418990057e-15,2.2751443933840947e-20,2.2736975240985119e-20,2.7585924912962489e-30,1.4468737523103587e-23,0.0,0.0,2.0312952500438177e-12,3.6769346458712901e-20,154.0,0.0,0.99999831885524049,1.0,18.999999901575155,3.3746725240293447e-07,2.2183121064786415e-10,5.609774440731084e-07,6.594012746560689e-07,2.4654149261992576e-08,9.8422301724195435e-08,5.0564681501247392e-13
2.0068444609024695e-10,0.8409530001437309,3.3942622650260037e-15,2.5440156817099547e-20,2.5423048057167645e-20,3.4343910674614786e-30,1.7108815572800613e-23,0.0,0.0,2.2601712566051385e-12,4.3686548518283326e-20,154.0,0.0,0.9999982221979663,1.0,18.999999891181222,3.5686959707606823e-07,2.2183119300427245e-10,5.8849627050159447e-07,6.973139758642859e-07,2.6083847142370699e-08,1.0881597651642472e-07,5.347193647062567e-13
2.1159560304232482e-10,0.8409530000918803,3.5782308681347956e-15,2.8278682277193355e-20,2.825863060315769e-20,4.2258002968580141e-30,2.005174253210052e-23,0.0,0.0,2.5002350637300513e-12,5.1441226540642281e-20,154.0,0.0,0.99999812554078205,1.0,18.999999880391066,3.762718779235628e-07,2.2183117540790968e-10,6.156188672448746e-07,7.352266697409582e-07,2.75135448833843e-08,1.1960586247456699e-07,5.6379190873916474e-13
2.2250675999440268e-10,0.840953000038198,3.7621397177476081e-15,3.1266971675832658e-20,3.1243657843901343e-20,5.1449276967769162e-30,2.3313915363068052e-23,0.0,0.0,2.751360689777217e-12,6.0084762129157393e-20,154.0,0.0,0.9999980288836875,1.0,18.999999869219632,3.9567409494562353e-07,2.2183115772775261e-10,6.4236017785037984e-07,7.7313935628597335e-07,2.8943242485158751e-08,1.3077701617705984e-07,5.9286444710990587e-13
2.3341791694648055e-10,0.8409529999827523,3.9459887824379923e-15,3.4404976348303597e-20,3.4378064725057091e-20,6.2044165721036001e-30,2.691172390008301e-23,0.0,0.0,3.0134269044678798e-12,6.9668944675677574e-20,154.0,0.0,0.99999793222668254,1.0,18.999999857681299,4.1507624814245625e-07,2.2183114004876236e-10,6.6873458225560535e-07,8.110520354992189e-07,3.0372939947612968e-08,1.423150578075267e-07,6.2193697981725335e-13
2.443290738985584e-10,0.8409529999256102,4.1297780327531129e-15,3.7692647605107964e-20,3.7661786174637745e-20,7.4174387550123331e-30,3.0861550847572115e-23,0.0,0.0,3.2863170495613515e-12,8.0245955799491674e-20,154.0,0.0,0.99999783556976707,1.0,18.999999845789905,4.3447833751426627e-07,2.2183112241047588e-10,6.9475591805970859e-07,8.4896470738058337e-07,3.1802637270709279e-08,1.5420614988335624e-07,6.5100950686004276e-13
2.5524023085063623e-10,0.8409529998668355,4.3135074411390345e-15,4.1129936733540461e-20,4.1094757104589709e-20,8.7976876926102267e-30,3.5179771777936806e-23,0.0,0.0,3.5699188663633022e-12,9.1868355663823163e-20,154.0,0.0,0.99999773891294097,1.0,18.999999833558764,4.5388036306125915e-07,2.2183110475979503e-10,7.2043750098459787e-07,8.8687737192995536e-07,3.323233445449858e-08,1.6643697679478752e-07,6.8008202823716933e-13
2.6615138780271407e-10,0.8409529998064896,4.497176981868832e-15,4.471679499920519e-20,4.4676912412311273e-20,1.0359371867520969e-29,3.9882755129669302e-23,0.0,0.0,3.8641243298375327e-12,1.0458907101669304e-19,154.0,0.0,0.99999764225620391,1.0,18.999999821000692,4.7328232478364045e-07,2.2183108709279763e-10,7.457921445527106e-07,9.2479002914722424e-07,3.4662031498984736e-08,1.7899472512729725e-07,7.0915454394758404e-13
2.770625447547919e-10,0.8409529997446322,4.6807866309734503e-15,4.8453173647474807e-20,4.8408186982113302e-20,1.2117208531778877e-29,4.4986862205647531e-23,0.0,0.0,4.1688294889797561e-12,1.1846138479143004e-19,154.0,0.0,0.99999754559955611,1.0,18.999999808128024,4.9268422268161568e-07,2.2183106943665504e-10,7.708321790219851e-07,9.6270267903227914e-07,3.6091728404141908e-08,1.9186706472678752e-07,7.3822705399029109e-13
2.8797370170686975e-10,0.8409529996813201,4.864336366175123e-15,5.2339023904894779e-20,5.2288515686624992e-20,1.408641773707696e-29,5.0508447171600665e-23,0.0,0.0,4.4839343131642457e-12,1.3353892712503249e-19,154.0,0.0,0.99999744894299736,1.0,18.999999794952611,5.120860567553903e-07,2.2183105178539012e-10,7.9556946961232907e-07,1.0006153215850096e-06,3.752142516997593e-08,2.050421304732703e-07,7.6729955836434515e-13
2.988848586589476e-10,0.8409529996166081,5.047826166823305e-15,5.6374296980534678e-20,5.6317833388146459e-20,1.6282716648594531e-29,5.6463857054738905e-23,0.0,0.0,4.8093425442628571e-12,1.4987566767915054e-19,154.0,0.0,0.99999735228652753,1.0,18.999999781485883,5.3148782700516987e-07,2.2183103412742145e-10,8.2001543404736488e-07,1.0385279568053054e-06,3.895112179649802e-08,2.1850850473927118e-07,7.9637205706885039e-13
3.0979601561102543e-10,0.840952999550549,5.2312560138330338e-15,6.0558944067288143e-20,6.0496074939949731e-20,1.87223141307104e-29,6.2869431742541881e-23,0.0,0.0,5.1449615543559977e-12,1.6752590915850254e-19,154.0,0.0,0.99999725563014652,1.0,18.999999767738824,5.5088953343115992e-07,2.2183101646904549e-10,8.4418105943285184e-07,1.0764405846930561e-06,4.0380818283702262e-08,2.3225520051154855e-07,8.2544455010295477e-13
3.2070717256310327e-10,0.8409529994831936,5.4146258896256012e-15,6.4892916343123532e-20,6.4823175187530531e-20,2.1421905591913493e-29,6.9741503981699417e-23,0.0,0.0,5.4907022088276417e-12,1.8654428192208217e-19,154.0,0.0,0.99999715897385422,1.0,18.999999753722005,5.7029117603356594e-07,2.2183099881410815e-10,8.680769184964509e-07,1.1143532052481513e-06,4.1810514631585115e-08,2.4627164515146562e-07,8.5451703746585102e-13
3.316183295151811e-10,0.8409529994145907,5.5979357780714918e-15,6.937616497228687e-20,6.9299068969811985e-20,2.4398668075915616e-29,7.7096399377197784e-23,0.0,0.0,5.8464787346236398e-12,2.0698573958663633e-19,154.0,0.0,0.99999706231765051,1.0,18.999999739445599,5.8969275481259345e-07,2.2183098115840513e-10,8.9171318521501566e-07,1.1522658184704818e-06,4.3240210840150735e-08,2.6054766476783175e-07,8.8358951915677283e-13
3.4252948646725895e-10,0.8409529993447876,5.7811856644354473e-15,7.4008641106459816e-20,7.3923691120303238e-20,2.7670255586969137e-29,8.4950436391545801e-23,0.0,0.0,6.2122085934696803e-12,2.2890555553162451e-19,154.0,0.0,0.99999696566153562,1.0,18.999999724919395,6.0909426976844797e-07,2.2183096350127361e-10,9.1509964985356466e-07,1.190178424359936e-06,4.4669906909399876e-08,2.750734691780562e-07,9.1266199517499169e-13
3.534406434193368e-10,0.8409529992738296,5.9643755353236106e-15,7.8790295885873218e-20,7.8696976468213676e-20,3.1254794638551067e-29,9.3319926344135383e-23,0.0,0.0,6.5878123598671303e-12,2.5235932022457479e-19,154.0,0.0,0.9999968690055091,1.0,18.999999710152821,6.2849572090133499e-07,2.2183094584496706e-10,9.3824573343749893e-07,1.2280910229164045e-06,4.6099602839330501e-08,2.8983963743605257e-07,9.4173446551981772e-13
3.7526295732349253e-10,0.8409529991286206,6.3305751835058687e-15,8.8800945890374324e-20,8.8689276057916402e-20,3.9437571292667225e-29,1.1167047462340423e-22,0.0,0.0,7.3683387887369474e-12,3.0409263417563073e-19,154.0,0.0,0.99999667569372119,1.0,18.999999679934469,6.6729843169902831e-07,2.2183091053275795e-10,9.838526770110203e-07,1.3039161980299416e-06,4.8958994281238715e-08,3.2005714622825012e-07,9.9987938918670389e-13
3.9490303983723267e-10,0.8409529989944023,6.6599495052839952e-15,9.8320231502484774e-20,9.8190119979417924e-20,4.8063738769159589e-29,1.3011230601332896e-22,0.0,0.0,8.1038442211990129e-12,3.5646284393795278e-19,154.0,0.0,0.99999650171341414,1.0,18.999999652003314,7.0222065314446484e-07,2.2183087875176609e-10,1.0241642555523626e-06,1.3721588305522027e-06,5.1532446102490786e-08,3.479875167046596e-07,1.0522098010776634e-12
4.145431223509728e-10,0.8409529988570719,6.9891292247522284e-15,1.083220956437175e-19,1.0817161903697068e-19,5.800694222817171e-29,1.5047755204087968e-22,0.0,0.0,8.8702362115019058e-12,4.1468194786189542e-19,154.0,0.0,0.99999632773339275,1.0,18.999999623424404,7.371426678066825e-07,2.2183084697163117e-10,1.063828056290898e-06,1.4404014393138653e-06,5.4105897472354592e-08,3.7656561033688396e-07,1.1045401945775907e-12
4.3418320486471296e-10,0.8409529987168366,7.318114306026518e-15,1.1880625308198675e-19,1.1863339313121267e-19,6.9389467000214371e-29,1.7286108199743491e-22,0.0,0.0,9.667149621595923e-12,4.7908550207997677e-19,154.0,0.0,0.99999615375365647,1.0,18.999999594241043,7.7206447568687964e-07,2.2183081518994661e-10,1.1028873893420098e-06,1.5086440243142783e-06,5.6679348390833157e-08,4.0574811737402576e-07,1.156870569683565e-12
4.538232873784531e-10,0.840952998573891,7.646904723726009e-15,1.2977241854033209e-19,1.2957506219298135e-19,8.2338270235452802e-29,1.9735769017886932e-22,0.0,0.0,1.0494243730706936e-11,5.5001238841393652e-19,154.0,0.0,0.9999959797742054,1.0,18.999999564493653,8.0698607678625469e-07,2.2183078340786861e-10,1.1413826684267801e-06,1.5768865855527875e-06,5.9252798857926145e-08,4.3549462443506856e-07,1.2092009263929282e-12
4.734633698921933e-10,0.8409529984284165,7.9755004622644791e-15,1.4122030671181681e-19,1.409962461982045e-19,9.6984926605292069e-29,2.2406209589207102e-22,0.0,0.0,1.1351200599864493e-11,6.2780484955841822e-19,154.0,0.0,0.99999580579503855,1.0,18.999999534219953,8.4190747110600568e-07,2.2183075162781669e-10,1.179351604872783e-06,1.6451291230287343e-06,6.1826248873631939e-08,4.657674205097191e-07,1.2615312647032522e-12
4.931034524059334e-10,0.8409529982805819,8.3039015151897956e-15,1.5314963227340965e-19,1.5289656518177183e-19,1.1346557865235852e-28,2.5306894346449745e-22,0.0,0.0,1.2237723547150877e-11,7.1280853375296975e-19,154.0,0.0,0.99999563181615636,1.0,18.999999503455111,8.7682865864733159e-07,2.2183071984723137e-10,1.2168293884810768e-06,1.7133716367414583e-06,6.439969843795375e-08,4.9653131609293912e-07,1.3138615846123201e-12
