Time (s),Volume (m^3),N2,Ar,He,Ne,C7H16(1),O2(2),C2H5(6),HO2(16),C5H11(5),C3H7(4),C4H9(3),C6H13(10),CH3(11),C7H15(12),C7H15(7),C7H15(9),S(82),CH3O2(70),S(92),S(97),C3H7O2(48),C2H5O2(22),S(41),C6H13(59),S(120),C2H4(17),C4H9O2(56),S(67),S(261),C3H6(43),S(302),S(182),S(210),S(399),S(237),S(450),S(167),H(8),S(493),S(414),OH(D)(24),S(527),S(394),C5H10(30),CCCOO(49)
0.0,0.30007358886388097,89.099999999999994,0.0,0.0,0.0,1.0,11.0,0.0,0.0,0.0,0.0,0.0,0.0,0.0,0.0,0.0,0.0,0.0,0.0,0.0,0.0,0.0,0.0,0.0,0.0,0.0,0.0,0.0,0.0,0.0,0.0,0.0,0.0,0.0,0.0,0.0,0.0,0.0,0.0,0.0,0.0,0.0,0.0,0.0,0.0,0.0
1e-15,0.30007358886388097,89.099999999999994,0.0,0.0,0.0,1.0,11.0,6.6761104062281293e-20,4.5139170678002353e-21,6.6761103880925859e-20,6.4707654859782214e-20,6.4707655077549376e-20,2.130091099294419e-20,2.1300912230762302e-20,2.0109418988241147e-21,1.6726960669937414e-21,8.3634803064475804e-22,5.55822032112027e-28,1.0090885153393164e-27,4.6233127679047967e-28,2.3116563491930518e-28,8.5239630637781303e-28,5.7174405782209455e-28,5.6953312087386222e-28,1.9779879128139407e-27,5.4671358758477677e-34,2.78475330509864e-28,5.5201532848248446e-28,1.8171620330304005e-28,1.2456181295317934e-36,1.1402422199925938e-29,3.4428742073501063e-43,7.3608747754460878e-37,4.4364003830280124e-37,1.2262159648807384e-43,4.4881206272887674e-43,1.2405113881400886e-49,2.6876133825940095e-36,6.0702118421495839e-24,7.4285325304675215e-43,7.1281741603689313e-52,8.2561667877832775e-45,3.6310420808190599e-57,8.2561667877832775e-45,1.2403285852801149e-29,1.146190767084199e-37
3.0000000000000002e-15,0.30007358886388097,89.099999999999994,0.0,0.0,0.0,1.0,11.0,2.1935791174295674e-19,1.4831441918836133e-20,2.1935791055119235e-19,2.1261086324428488e-19,2.1261086467532599e-19,6.9988700357058049e-20,6.9988708491290817e-20,6.6073786900214583e-21,5.4959998438913833e-21,2.7479999032032366e-21,3.6525442544345987e-27,6.631152965748036e-27,3.0381765364259337e-27,1.5190882354398733e-27,5.6014614056147563e-27,3.7571752238356032e-27,3.7426462041092e-27,1.2998204073136348e-26,5.1547274129543884e-33,1.8299807276771423e-27,3.6275292819544997e-27,1.1941349965894339e-27,1.1744398225529385e-35,7.4930208015617107e-29,4.2298164746261955e-42,6.9402528378422585e-36,4.182891369881767e-36,1.5064937622805815e-42,5.5139758096784295e-42,1.8784883882748799e-48,2.5340348636152851e-35,1.9944950602975071e-23,9.1264810160152508e-42,1.0794080291353723e-50,1.0143289843684154e-43,6.5358696283603543e-56,1.0143289843684154e-43,8.1507304588192459e-29,1.0806941501276996e-36
7e-15,0.30007358886388097,89.099999999999994,0.0,0.0,0.0,1.0,11.0,4.8640231571387132e-19,3.2887111143766683e-20,4.8640230923689063e-19,4.7144146184217634e-19,4.7144146961957218e-19,1.5519228930064278e-19,1.5519233350840942e-19,1.4651132245995979e-20,1.2186772487554037e-20,6.0933861419160018e-21,1.9850765318118248e-26,3.6038870037663575e-26,1.6511813960087508e-26,8.255906450709453e-27,3.0442723746878368e-26,2.0419430094637883e-26,2.0340467836569853e-26,7.0642335246100631e-26,8.3256554491756095e-32,9.9455468787352012e-27,1.971483236441433e-26,6.4898622132231523e-27,1.8968963616345009e-34,4.0722956777412818e-28,2.1394977119245272e-40,1.1209552160463301e-34,6.7559971182614955e-35,7.6200473130496425e-41,2.7890400684291099e-40,3.1023342589514733e-46,4.0928411977208288e-34,4.4225559500414815e-23,4.6162904709368994e-40,1.7826229178480751e-48,5.1306127929781949e-42,3.6387584743598974e-53,5.1306127929781949e-42,4.4297439500735896e-28,1.7454847185810787e-35
1.5e-14,0.30007358886388097,89.099999999999994,0.0,0.0,0.0,1.0,11.0,1.0204910924020749e-18,6.8998452021290403e-20,1.0204910637479153e-18,9.8910260598754533e-19,9.891026403947358e-19,3.2559932711620467e-19,3.2559952269121587e-19,3.0738603621605118e-20,2.5568288185813779e-20,1.2784143642274911e-20,8.7819648536083821e-26,1.5943592594621058e-25,7.3048154413571124e-26,3.6524072283889516e-26,1.3467860042268038e-25,9.0335555286931191e-26,8.9986224829041724e-26,3.1252111647213717e-25,7.7430006804175101e-31,4.3999095318000465e-26,8.7218413311630222e-26,2.871113647784298e-26,1.7641464369778833e-33,1.8015849040906493e-27,4.114812559971065e-39,1.0425082545927624e-33,6.2831950045503507e-34,1.4655341420169514e-39,5.3640445612346771e-39,1.2171154764689094e-44,3.8064058945566827e-33,9.2786170290461936e-23,8.8783153392368696e-39,6.993484663131899e-47,9.8675110924731901e-41,2.8863333388277375e-51,9.8675110924731901e-41,1.959718088186861e-27,1.6233334310533926e-34
3.1e-14,0.30007358886388097,89.099999999999994,0.0,0.0,0.0,1.0,11.0,2.088668520763993e-18,1.4122114348690486e-19,2.0886684013285056e-18,2.0244246820766872e-18,2.02442482549176e-18,6.6641284246190773e-19,6.6641365765129652e-19,6.2913403428223932e-20,5.2331201226680918e-20,2.6165598735037697e-20,3.6604642237823406e-25,6.6455633121019866e-25,3.0447648798339849e-25,1.5223820244273991e-25,5.6136370971263981e-25,3.7653424843460988e-25,3.7507816680666736e-25,1.3026375846884808e-24,6.5350550579139499e-30,1.8339583427579759e-25,3.6354144637744718e-25,1.1967288736607904e-25,1.4889321558363556e-32,7.5093291939586917e-27,6.996101631758804e-38,8.7987341524300675e-33,5.3029914065810387e-33,2.4917362871837169e-38,9.1200502273187236e-38,4.1549423562960548e-43,3.212578533648121e-32,1.8990496393422909e-22,1.5095067267913499e-37,2.3873102174801376e-45,1.6776987425846446e-39,1.9745899477202776e-49,1.6776987425846446e-39,8.1684400195054384e-27,1.3700906212522378e-33
6.300000000000001e-14,0.30007358886388097,89.099999999999994,0.0,0.0,0.0,1.0,11.0,4.2250228774299694e-18,2.8566656525973416e-19,4.2250223907240824e-18,4.0950679854490516e-18,4.0950685698726858e-18,1.3480376320197051e-18,1.3480409539508529e-18,1.2726243126914425e-19,1.0585655389068515e-19,5.2928269291234873e-20,1.4916499441024232e-24,2.7081007666324148e-24,1.2407508877305145e-24,6.2037510381304392e-25,2.2875869357684368e-24,1.5343972534650625e-24,1.5284635473925693e-24,5.3082807864186681e-24,5.3485448723804061e-29,7.4734770075419606e-25,1.4814507735323624e-24,4.8767258284944882e-25,1.2186021734452662e-31,3.0601009442148945e-26,1.1477838142714304e-36,7.2012529353707093e-32,4.3401843486149688e-32,4.0879561601153975e-37,1.4962315919148251e-36,1.3649285049653988e-41,2.6292843571852134e-31,3.8413284014042901e-22,2.47648619193039e-36,7.8418370465482845e-44,2.7524444953482137e-38,1.2980105284309464e-47,2.7524444953482137e-38,3.3286794027012609e-26,1.1213440748244195e-32
1.2700000000000001e-13,0.30007358886388097,89.099999999999994,0.0,0.0,0.0,1.0,11.0,8.4977295905312715e-18,5.7455756416645231e-19,8.4977276264546792e-18,8.2363511969738422e-18,8.2363535553827648e-18,2.7112782466654593e-18,2.7112916520797421e-18,2.5595819991035983e-19,2.1290536558680736e-19,1.0645265190624874e-19,6.019408440060903e-24,1.0928391745945843e-23,5.0069315941071293e-24,2.5034630478608443e-24,9.2314420875696683e-24,6.1919845199286636e-24,6.1680385723677194e-24,2.1421005393627539e-23,4.3241136371229241e-28,3.0158835499341669e-24,5.9783206826394628e-24,1.9679718228465501e-24,9.8520066226310062e-31,1.2348959419594992e-25,1.8575452162426214e-35,5.8220036249508235e-31,3.5089029058898868e-31,6.6158532080124762e-36,2.4214378537255826e-35,4.4198863740037856e-40,2.1256601870140601e-30,7.7254975353855552e-22,4.0078268843990247e-35,2.5389090699791748e-42,4.4545011631884084e-37,8.406937241774083e-46,4.4545011631884084e-37,1.3432691834612068e-25,9.0658130051100882e-32
2.55e-13,0.30007358886388097,89.099999999999994,0.0,0.0,0.0,1.0,11.0,1.7043135015817556e-17,1.1523401833814059e-18,1.7043127125688532e-17,1.6518904039173573e-17,1.6518913513401614e-17,5.4377236185943425e-18,5.4377774705541873e-18,5.1334058941942795e-19,4.2699541476376509e-19,2.1349758330621326e-19,2.4180743709309171e-23,4.3901683010204536e-23,2.011350845887961e-23,1.0056732124929473e-23,3.7084760548323311e-23,2.4874594330173064e-23,2.4778391895799214e-23,8.6050584637666598e-23,3.476774822414035e-27,1.2115472209059286e-23,2.4016251205711402e-23,7.9057302931519463e-24,7.9214875482144718e-30,4.9609132120192127e-25,2.9882807691797537e-34,4.6812069251978708e-30,2.8213323951496812e-30,1.0643109542906683e-34,3.8953434207586895e-34,1.4223244981477857e-38,1.7090822231315637e-29,1.5492282667545897e-21,6.4473085040409738e-34,8.1675357287210869e-41,7.1661104880183222e-36,5.4094909366597898e-44,7.1661104880183222e-36,5.3961903806737991e-25,7.2895218078025135e-31
5.11e-13,0.30007358886388097,89.099999999999994,0.0,0.0,0.0,1.0,11.0,3.4133913862775158e-17,2.3079079070757967e-18,3.4133882235365883e-17,3.3083955400412856e-17,3.3083993377480278e-17,1.0890470937135404e-17,1.0890686797150235e-17,1.028068780456941e-18,8.5514521875439546e-19,4.275721120614521e-19,9.6923587359219773e-23,1.7597830974520939e-22,8.0621026798313103e-23,4.0310336136423528e-23,1.4865361696723465e-22,9.970947707370859e-23,9.9323801383078943e-23,3.4491328214769334e-22,2.7881787295320746e-26,4.8564625338899309e-23,9.6268760557203424e-23,3.1689571957606532e-23,6.3526650372706495e-29,1.9886222857548527e-24,4.7937858114004181e-33,3.75416786477384e-29,2.2625864366842511e-29,1.7073678097558997e-33,6.2486157019077761e-33,4.5635702880316973e-37,1.3705229447286264e-28,3.1019643784946671e-21,1.0342145947497901e-32,2.6188455249936635e-39,1.1495968368563407e-34,3.4691902074936517e-42,1.1495968368563407e-34,2.1630364098914593e-24,5.8461333670014794e-30
1e-12,0.30007358886388097,89.099999999999994,0.0,0.0,0.0,0.99999999999999989,11.0,6.6779849631232955e-17,4.515232308668794e-18,6.6779727257350574e-17,6.4725584260034949e-17,6.4725731200952584e-17,2.1305522409369641e-17,2.1306357588974399e-17,2.0111402978786362e-18,1.6728625279307141e-18,8.3642934003093655e-19,3.7498654549795104e-22,6.8089667930289577e-22,3.1191470391597338e-22,1.5595598813929395e-22,5.7517707235460498e-22,3.8580102260251022e-22,3.8430836764367572e-22,1.334408336294512e-21,2.145234259097249e-25,1.8790811056049935e-22,3.7248756965167902e-22,1.2261153908652702e-22,4.8878778556084366e-28,7.6948379388898756e-24,7.3559255493264296e-32,2.8886256884090869e-28,1.7408965695823682e-28,2.6199224900252282e-32,9.5874763556309668e-32,1.3984072710653647e-35,1.0543851672406967e-27,6.0655634709124788e-21,1.5867900993581747e-31,8.0143051879952387e-38,1.7640622235162294e-33,2.1218283402272964e-40,1.7640622235162294e-33,8.3691841842702727e-24,4.4985628980402518e-29
1.023e-12,0.30007358886388097,89.099999999999994,0.0,0.0,0.0,0.99999999999999989,11.0,6.8315343542632806e-17,4.6190532927928002e-18,6.8315216900511409e-17,6.6213840832164408e-17,6.6213992898171111e-17,2.1795391906018697e-17,2.1796256215174719e-17,2.0573788355078775e-18,1.7113236692621156e-18,8.5565984359596346e-19,3.8806517134087707e-22,7.0464539607145774e-22,3.2279354762498398e-22,1.6139535418441874e-22,5.9523850277159787e-22,3.9925727116521459e-22,3.9771254969683261e-22,1.3809490034629719e-21,2.2330207148872551e-25,1.9446209861795701e-22,3.8547945637800407e-22,1.268880324279691e-22,5.0878984304413029e-28,7.9632284501825247e-24,7.6793623187912292e-32,3.0068338780704961e-28,1.8121372082245374e-28,2.7351193638660089e-32,1.0009030834291753e-31,1.4620345636384855e-35,1.0975317031786522e-27,6.2049556572634191e-21,1.6565599944856051e-31,8.3789384694193802e-38,1.8416273736514109e-33,2.219996311755935e-40,1.8416273736514109e-33,8.6610888853146745e-24,4.6826545951993976e-29
2.047e-12,0.30007358886388097,89.099999999999994,0.0,0.0,0.0,0.99999999999999978,11.0,1.3667769084933721e-16,9.2413837957495158e-18,1.3667718402158309e-16,1.3247274254806789e-16,1.3247335111264445e-16,4.3602939435496926e-17,4.360639816050082e-17,4.115413836632849e-18,3.4231961001675109e-18,1.7115900843561975e-18,1.5527736274095163e-21,2.8199841509288214e-21,1.2916087842182889e-21,6.4579303167704286e-22,2.3821833264862876e-21,1.5978599826963487e-21,1.5916747075907954e-21,5.5254314165010835e-21,1.7870759896096228e-24,7.7824782383425327e-22,1.5427162278076142e-21,5.0778789022738635e-22,4.0720150244862309e-27,3.1872490446338496e-23,1.2292362457012201e-30,2.4066165876497782e-27,1.4503367735012125e-27,4.378161793475051e-31,1.6018638164349758e-30,4.6797330021045771e-34,8.7818214766258396e-27,1.2401036100919758e-20,2.6510464267223804e-30,2.6748995765082859e-36,2.9480259095443873e-32,1.4174769093158419e-38,2.9480259095443873e-32,3.4661146666815861e-23,3.7483911827176035e-28
4.095e-12,0.30007358886388097,89.099999999999994,0.0,0.0,0.0,0.99999999999999944,11.0,2.7340033727646024e-16,1.8486203554188806e-17,2.7339830948778741e-16,2.6498706951192261e-16,2.6498950425762897e-16,8.7208858976763022e-17,8.7222694887801655e-17,8.2291449948474779e-18,6.8450043589688228e-18,3.4224703289658891e-18,6.2103063820741723e-21,1.1282274036299797e-20,5.1658429463233032e-21,2.5828306188186672e-21,9.5310640710463283e-21,6.3930539711126167e-21,6.3682812211531845e-21,2.2097402299630746e-20,1.429400099149885e-23,3.1137352798876262e-21,6.172392662677419e-21,2.0314380167816632e-21,3.2573281366664131e-26,1.2754618181776587e-22,1.9665595890569819e-29,1.9253605697152432e-26,1.1602048459847061e-26,7.0044526188874898e-30,2.5617934284320593e-29,1.4967692969782771e-32,7.0215015308595728e-26,2.4753761095930514e-20,4.2392505547021348e-29,8.5106295433788199e-35,4.7167375574932196e-31,9.0203503149682237e-37,4.7167375574932196e-31,1.386697333468506e-22,2.9995815967504374e-27
8.191e-12,0.30007358886388097,89.099999999999994,0.0,0.0,0.0,0.99999999999999878,11.0,5.4683743759169216e-16,3.6976476704650262e-17,5.4682932580392566e-16,5.3000181854705873e-16,5.3001155760126886e-16,1.7438401290276484e-16,1.7443934288467308e-16,1.6447264652803368e-17,1.368088467052086e-17,6.8403150821668553e-18,2.4825170024208377e-20,4.5130056333789701e-20,2.0650522759622002e-20,1.0324535343389677e-20,3.8127917166889781e-20,2.5575076793350754e-20,2.547577148393927e-20,8.8320343244512488e-20,1.1425789756293787e-22,1.2455997443811949e-20,2.4692088120489602e-20,8.1248498163870574e-21,2.6042140054763545e-25,5.1043377449832595e-22,3.1442507382209214e-28,1.5396895018057978e-25,9.276350761060566e-26,1.1199677777745647e-28,4.0930572830428413e-28,4.7824668537797828e-31,5.6083089970591751e-25,4.9302836023844597e-20,6.771726651980801e-28,2.691165335182746e-33,7.5427388239869475e-30,5.705249366650835e-35,7.5427388239869475e-30,5.5466214248862458e-22,2.3999538307892598e-26
1e-11,0.30007358886388097,89.099999999999994,0.0,0.0,0.0,0.99999999999999845,11.0,6.6759380364554937e-16,4.5143270363254573e-17,6.675803182847281e-16,6.4703340550608244e-16,6.4704959488456422e-16,2.1285257950684292e-16,2.1294453054942788e-16,2.0068570438470749e-17,1.6693138466022624e-17,8.3463579621319889e-18,4.1238637104905094e-20,7.5021486801373674e-20,3.4304761625734535e-20,1.715053559141541e-20,6.3386585820045355e-20,4.2518558966691071e-20,4.2353104931215831e-20,1.4669303587222791e-19,2.9049711475087863e-22,2.0707497611155531e-20,4.1050158326703764e-20,1.3504363236943738e-20,6.6228838581710337e-25,8.4893428959937494e-22,1.3540650930473495e-27,3.9169692817383676e-25,2.3593124808203677e-25,4.8235043082190951e-28,1.7606330224459883e-27,3.7411332657817687e-30,1.4243938795463876e-24,6.0009194284304257e-20,2.9118432007552553e-27,2.0668366579411037e-32,3.2492114067424512e-29,8.3203054018773273e-34,3.2492114067424512e-29,9.2198668895884864e-22,6.1097936206343524e-26
1.6383e-11,0.30007358886388097,89.099999999999994,0.0,0.0,0.0,0.99999999999999745,11.0,1.0936788697161791e-15,7.3959546716417257e-17,1.0936464238706657e-15,1.0599757048755954e-15,1.0600146540218073e-15,3.4858771529116035e-16,3.4880888260256759e-16,3.2846234799949398e-17,2.7321781902555367e-17,1.366038322626546e-17,9.9153043061835461e-20,1.8049246561540817e-19,8.2483317005721366e-20,4.1235864271983796e-20,1.5251100926564625e-19,1.0230310662419865e-19,1.0190424887481243e-19,3.5265925867084988e-19,9.1235168816747587e-22,4.9822658234789619e-20,9.87690981422178e-20,3.2485808324513272e-20,2.0802634919392773e-24,2.0433227848398363e-21,5.0224024300925755e-27,1.2305126736304194e-24,7.4109414881677675e-25,1.789131728435366e-27,6.5287491741908711e-27,1.5254126655896411e-29,4.4714488824881885e-24,9.7786245017590073e-20,1.0796808390617858e-26,8.4100359692683112e-32,1.2052520537691146e-28,3.5665163726614596e-33,1.2052520537691146e-28,2.2180798786323906e-21,1.9199847450695828e-25
3.2767e-11,0.30007358886388097,89.099999999999994,0.0,0.0,0.0,0.99999999999999489,11.0,2.1872306731585258e-15,1.4793569791198414e-16,2.1871009129329196e-15,2.1197010931093681e-15,2.1198568179830518e-15,6.9640977709981259e-16,6.9729314121041551e-16,6.5495905744689726e-17,5.4480770849182365e-17,2.7238364949275238e-17,3.9539737601955126e-19,7.2167710561481588e-19,3.2895477198081707e-19,1.6443126094971494e-19,6.0997892061680585e-19,4.0919466359700208e-19,4.0758630035224391e-19,1.4055452013118468e-18,7.2707229857119088e-21,1.9926045120092629e-19,3.9504359410539404e-19,1.2982192644527443e-19,1.6590730309352993e-23,8.1851268948293645e-21,8.0081162296734754e-26,9.8232121710665932e-24,5.9119288017375498e-24,2.8532890359911705e-26,1.0380697797827171e-25,4.8490716158968057e-28,3.5526230507353037e-23,1.9237725820359626e-19,1.7152281004235208e-25,2.5699093172656443e-30,1.9231147931425598e-27,2.1804845091356752e-31,1.9231147931425598e-27,8.8669213489161133e-21,1.5358466472566677e-24
6.5535e-11,0.30007358886388097,89.099999999999994,0.0,0.0,0.0,0.99999999999998979,11.0,4.3738101428181432e-15,2.9592741922685599e-16,4.3732913122128947e-15,4.2382628308892378e-15,4.2388851284950031e-15,1.3897211215536509e-15,1.3932440066801388e-15,1.3020855926952872e-16,1.0831265692662815e-16,5.4148329185246468e-17,1.5718777153114194e-18,2.8842278654278039e-18,1.3079923000482885e-18,6.5363078472921265e-19,2.4392755608849254e-18,1.636556285426986e-18,1.6300197574548262e-18,5.581548726356135e-18,5.7717175231977717e-20,7.9676173935856054e-19,1.5798346360884553e-18,5.1829467504106035e-19,1.319043027262164e-22,3.2832566360896976e-20,1.2724338427894422e-24,7.8248965740113391e-23,4.7026021379592007e-23,4.5354303303964193e-25,1.6401931251370401e-24,1.5312483144500405e-26,2.8032857725080994e-22,3.726777299752963e-19,2.7055729075713825e-24,7.5369987003286315e-29,3.0600258695140615e-26,1.2798648482347914e-29,3.0600258695140615e-26,3.5423116221442954e-20,1.2283813768794695e-23
9.999999999999999e-11,0.300073588863881,89.099999999999994,0.0,0.0,0.0,0.99999999999998435,11.0,6.6725267970876637e-15,4.5166399447396851e-16,6.6711903245209281e-15,6.464673270513922e-15,6.4662748115096376e-15,2.1140665548184514e-15,2.1231031389511979e-15,1.9706473583907257e-16,1.6393101287582874e-16,8.1945225254476793e-17,4.0115591555936903e-18,7.4240656712323031e-18,3.3391380303838365e-18,1.6678885045069862e-18,6.2848633929796719e-18,4.2175028415178813e-18,4.2002210272991163e-18,1.4219359218406431e-17,2.664764491986968e-19,2.0525835758633463e-18,4.0708027292338666e-18,1.3318190430630487e-18,6.1068350045841728e-22,8.5009104734036214e-20,1.116327333486848e-23,3.6349425090650958e-22,2.1790962984742077e-22,3.9818732877989694e-24,1.4238817351277449e-23,2.5824099167912877e-25,1.280591824457856e-21,5.4592630583295947e-19,2.3414743640514328e-23,1.1195008047075742e-27,2.6917710625957261e-25,3.7459902576985841e-28,2.6917710625957261e-25,9.1123163123192643e-20,5.7477375275266231e-23
1.31071e-10,0.300073588863881,89.099999999999994,0.0,0.0,0.0,0.99999999999997946,11.0,8.7448733853600659e-15,5.9206414330620524e-16,8.7427997895266709e-15,8.4718341226705611e-15,8.4743184743835023e-15,2.7670808289217635e-15,2.7810881410923293e-15,2.5733713572859231e-16,2.1407225580917016e-16,1.0700477429747854e-16,6.2109887807499499e-18,1.1516835160979921e-17,5.1702632004768539e-18,2.5822654553619174e-18,9.7517503661703262e-18,6.5442862578620059e-18,6.517317317893399e-18,2.2006546504014871e-17,4.5467779553323716e-19,3.1847362026453055e-18,6.316468466129879e-18,2.065230203336114e-18,1.0423140953441628e-21,1.320474689815862e-19,2.0080095440145946e-23,6.2064951727543746e-22,3.7196518181909963e-22,7.1627451678403766e-24,2.5596770443701907e-23,4.7724669858989164e-25,2.1823524324360991e-21,7.0211393097363715e-19,4.2084543258772573e-23,2.0608090489231533e-27,4.8425968947949053e-25,7.0077049023236362e-28,4.8425968947949053e-25,1.4133805235238938e-19,9.8220423282449689e-23
2.62143e-10,0.3000735888638811,89.099999999999994,0.0,0.0,0.0,0.99999999999995881,11.0,1.7478623963049424e-14,1.1849232083825493e-15,1.7470343390000631e-14,1.6924799414769041e-14,1.693469857119133e-14,5.4852839268383693e-15,5.5406494386544691e-15,5.0279084641167978e-16,4.182832930921234e-16,2.0902110508399889e-16,2.4251918741636018e-17,4.5906984227693634e-17,2.0203148335695381e-17,1.0079509349976823e-17,3.8963841697422721e-17,2.6161323535091063e-17,2.6046884555286745e-17,8.5559540933931009e-17,3.5284595935965267e-18,1.2720428315862198e-17,2.5242648508702664e-17,8.1979676861691432e-18,8.1394661886960738e-21,5.3367471162275724e-19,3.1268766194914185e-22,4.881628730391813e-21,2.9101973559652567e-21,1.1170267259744402e-22,3.8992107337380749e-22,1.4498398292853543e-23,1.6550906272356491e-20,1.2635745614783848e-18,6.3708137968648869e-22,5.0639204760761064e-26,7.5829804327527103e-24,3.4511129564714528e-26,7.5829804327527103e-24,5.6259661152092053e-19,7.849531695466299e-22
5.24287e-10,0.3000735888638812,89.099999999999994,0.0,0.0,0.0,0.99999999999991762,10.999999999999998,3.4912677440321556e-14,2.3728420922316502e-15,3.4879664266387261e-14,3.3774267578252549e-14,3.3813566682526777e-14,1.0779765180202014e-14,1.0996080902810692e-14,9.6130651173610878e-16,7.9974888829239612e-16,3.9942729295261497e-16,9.2574317552260499e-17,1.8235693419396804e-16,7.7226892142716174e-17,3.8449481780630137e-17,1.5551120533702871e-16,1.0451825420751101e-16,1.0400827819317505e-16,3.2385821446251187e-16,2.6603754883087198e-17,5.073522679063857e-17,1.0078486593936199e-16,3.2299473074912865e-17,6.2159390849411855e-20,2.1749353070303798e-18,4.7475881331621365e-21,3.7775767917129173e-20,2.2304012656385873e-20,1.700667123168567e-21,5.6718240321265776e-21,4.1938510963688238e-22,1.194864500729621e-19,2.1364773377927243e-18,9.1619784433398393e-21,1.0816247493019688e-24,1.1639344098627748e-22,1.4788513924309078e-24,1.1639344098627748e-22,2.2296159690746946e-18,6.2666919891714453e-21
7.864310000000001e-10,0.30007358886388136,89.099999999999994,0.0,0.0,0.0,0.99999999999987643,10.999999999999996,5.2313340021920366e-14,3.5628702114377773e-15,5.2243345556663879e-14,5.0567515612282172e-14,5.0650599132163393e-14,1.5936323824539786e-14,1.6388627559927158e-14,1.3900263062647942e-15,1.1563570178061286e-15,5.7727538196419357e-16,1.90552199047517e-16,3.8565693728626474e-16,1.591103769651058e-16,7.9105506613184055e-17,3.2995799287351884e-16,2.219147330713348e-16,2.2075467179841165e-16,6.6273102593496567e-16,7.3543943299816816e-17,1.0759942793794718e-16,2.1389568803036496e-16,6.7926577758996238e-17,1.7314907948980945e-19,4.6767536357402042e-18,1.7045809955703752e-20,1.0598955938992736e-19,6.2253320496625475e-20,6.1139206418064958e-21,1.994510324284759e-20,1.8379204880970721e-21,3.2225639149322159e-19,2.8488031870466173e-18,3.2047493576162634e-20,4.2567007352977448e-24,4.2009719952429947e-22,7.1630078089056445e-24,4.2009719952429947e-22,4.7088828327560896e-18,1.7897657046129499e-20
9.999999999999999e-10,0.3000735888638814,89.099999999999994,0.0,0.0,0.0,0.9999999999998429,10.999999999999995,6.6462521902301838e-14,4.5340574401578367e-15,6.6352475808794946e-14,6.4203384355396911e-14,6.4333711696058169e-14,2.0028165321838696e-14,2.0731357350720571e-14,1.7169754656350553e-15,1.4282116189355676e-15,7.1273914704503017e-16,2.9259798655469272e-16,6.0508918699062836e-16,2.4449787009111375e-16,1.2142104842607822e-16,5.1906968809660823e-16,3.4929558197542424e-16,3.4737103321078879e-16,1.0128448728127494e-15,1.3623452444283986e-16,1.6920801321703293e-16,3.3655601616823981e-16,1.0609612232562038e-16,3.2278813210514537e-19,7.4324789617010917e-18,3.7608882865700847e-20,1.9870477384033674e-19,1.1623790485321352e-19,1.35032737520877e-20,4.3258345733893441e-20,4.6421883801083174e-21,5.8529740085350967e-19,3.3449909984929121e-18,6.9213231543096818e-20,9.9251554914811793e-24,9.3088958485859605e-22,1.9363228742126381e-23,9.3088958485859605e-22,7.3812181933112208e-18,3.4039587813767605e-20
1.0485750000000002e-09,0.3000735888638814,89.099999999999994,0.0,0.0,0.0,0.99999999999983524,10.999999999999995,6.9680669245031985e-14,4.7549482044311035e-15,6.9561513646670628e-14,6.7304781675217696e-14,6.7445854342187496e-14,2.095883035623646e-14,2.1719085436668399e-14,1.7913381091667033e-15,1.4900433325731395e-15,7.435495754723848e-16,3.1580769455614003e-16,6.5499774829582507e-16,2.6391874802094376e-16,1.3104546696791412e-16,5.6208201945303943e-16,3.7826759914793612e-16,3.7616917224597777e-16,1.0924761868709156e-15,1.5049312460963547e-16,1.8322051985391194e-16,3.64454378942319e-16,1.1477755842975433e-16,3.5682264545113662e-19,8.0592523122742134e-18,4.2285831611085786e-20,2.1979229844329256e-19,1.2851637778290502e-19,1.5183938208689138e-20,4.8560804208684075e-20,5.2800024488844386e-21,6.4512451541449974e-19,3.4578459678049564e-18,7.7666357800858212e-20,1.1214411843206441e-23,1.0470662777195152e-21,2.2138096498360674e-23,1.0470662777195152e-21,7.9890249917649606e-18,3.7710974049775768e-20
1.5728630000000002e-09,0.30007358886388164,89.099999999999994,0.0,0.0,0.0,0.99999999999975275,10.999999999999988,1.043372774522233e-13,7.1438056608232422e-15,1.040914238092208e-13,1.0064865149819574e-13,1.0093850467726363e-13,3.0700748253846808e-14,3.2236712202820199e-14,2.5363069242339898e-15,2.1090436056749642e-15,1.0516890000302488e-15,6.236956459622728e-16,1.3462027359693378e-15,5.2191756979120208e-16,2.5860875562873383e-16,1.1610117064719693e-15,7.821442010586791e-16,7.773886620117051e-16,2.138375826787247e-15,3.9110577137203543e-16,3.7820266624241079e-16,7.5308701884126521e-16,2.339181002848103e-16,9.3851389558604968e-19,1.6945062018618412e-17,1.4256290828465509e-19,5.8377535802932867e-19,3.3897641679910047e-19,5.1284180582050399e-20,1.5868059855543129e-19,2.1711214844522512e-20,1.6182724393158353e-18,4.536613831148405e-18,2.5191908986380916e-19,4.0605891373647175e-23,3.5580117631727438e-21,1.0058924772014776e-22,3.5580117631727438e-21,1.6396771875460686e-17,1.0281750691352449e-19
2.0971510000000003e-09,0.3000735888638819,89.099999999999994,0.0,0.0,0.0,0.99999999999967026,10.999999999999982,1.3887179440103367e-13,9.5399528379582815e-15,1.384550105116314e-13,1.3378858049902471e-13,1.3427803705919951e-13,3.998007639262977e-14,4.2532482706158209e-14,3.1976685834504271e-15,2.6577391161187075e-15,1.3243666852951181e-15,1.0147840475209012e-15,2.2736879890098747e-15,8.5023921685823309e-16,4.2045588601630591e-16,1.9702170928253223e-15,1.3285886691631549e-15,1.3198387542205188e-15,3.4494769887694933e-15,7.8315817319492337e-16,6.4141283041933793e-16,1.2784329183357897e-15,3.919463887966094e-16,1.9001486305750329e-18,2.9206053519321121e-17,3.4573354548674977e-19,1.1917432972650906e-18,6.8798217649075249e-19,1.2455262349428699e-19,3.7489854068974843e-19,6.0269722872781278e-20,3.1406139202793591e-18,5.4669335769803362e-18,5.9163446355508706e-19,1.0295665919847978e-22,8.6852311366285242e-21,2.9822120856258293e-22,8.6852311366285242e-21,2.7666445170410612e-17,2.147905489110095e-19
2.621439e-09,0.30007358886388213,89.099999999999994,0.0,0.0,0.0,0.99999999999958777,10.999999999999973,1.7327589749730619e-13,1.1943807228894476e-14,1.72641230436625e-13,1.6671151450565461e-13,1.6745394444924882e-13,4.878696497752937e-14,5.2595646586768416e-14,3.7815324363475757e-15,3.1409827471802979e-15,1.5640538823444634e-15,1.4829862003903869e-15,3.4491470157877157e-15,1.2440376187441301e-15,6.1396435259078036e-16,3.0032654531094909e-15,2.0272319242393457e-15,2.0128340424616768e-15,4.9968172031958873e-15,1.3640992128432817e-15,9.7713750019482537e-16,1.9494609338151946e-15,5.8980478144630633e-16,3.3479961553574079e-18,4.517344961794541e-17,7.1195366535312117e-19,2.1164504654558385e-18,1.2151143133535075e-18,2.5685225744187151e-19,7.5187457245410066e-19,1.3938223178273521e-19,5.3026301656171499e-18,6.3278058405638406e-18,1.1796754907955617e-18,2.1945116417288569e-22,1.8003583211681922e-20,7.3081108788149359e-22,1.8003583211681922e-20,4.194297793562431e-17,3.9039462449495288e-19
3.670015e-09,0.3000735888638826,89.099999999999994,0.0,0.0,0.0,0.9999999999994228,10.999999999999952,2.4168742991609405e-13,1.6774858596378456e-14,2.4047604978834813e-13,2.3190262125615839e-13,2.3330772962695016e-13,6.5095916033594858e-14,7.2042683135853502e-14,4.7750660332979912e-15,3.9590190652520793e-15,1.9686703653308037e-15,2.5926857851902996e-15,6.5258400703580817e-15,2.180199299977433e-15,1.0714241741827003e-15,5.7452995767875965e-15,3.8869533372996534e-15,3.8547268272656338e-15,8.5708027405874117e-15,3.2185735174552021e-15,1.8668921886468549e-15,3.7323792752834924e-15,1.0961308283738543e-15,8.1499423937427874e-18,8.8865451876185592e-17,2.3841369248781942e-18,5.2410611389666788e-18,2.9747448387786133e-18,8.6351620113033966e-19,2.3281701086067056e-18,6.0508322295424365e-19,1.1640991052359206e-17,8.0095043763981308e-18,3.5992022553019882e-18,7.8143837847619512e-22,6.1518339962210837e-20,3.7235208515934374e-21,6.1518339962210837e-20,7.9382540415622628e-17,1.0263134920834552e-18
4.718591e-09,0.300073588863883,89.099999999999994,0.0,0.0,0.0,0.99999999999925782,10.999999999999925,3.0957547709948051e-13,2.1636768191350375e-14,3.0760295416690851e-13,2.962339873116212e-13,2.9850409823343179e-13,7.9788160285730327e-14,9.0617324463872753e-14,5.5786301194802145e-15,4.6143128539849223e-15,2.2913306741673632e-15,3.891351314118878e-15,1.0536052033884526e-14,3.2792884065502994e-15,1.6050505389898027e-15,9.3751709705188499e-15,6.3565696289832387e-15,6.2965578490578109e-15,1.2627649614316073e-14,6.0403798254051035e-15,3.0429032456055726e-15,6.0951694912558548e-15,1.7399245472610557e-15,1.5758004370884196e-17,1.4834521096831499e-16,5.7630822318944061e-18,1.0267944515669643e-17,5.7792860532747656e-18,2.0936016120226557e-18,5.2723190666829909e-18,1.7128776329970338e-18,2.0522406219713057e-17,9.654248383895368e-18,8.0598063691366794e-18,1.9548735258131715e-21,1.512081489183917e-19,1.1682229668035254e-20,1.512081489183917e-19,1.2838381698117021e-16,2.1195573554383396e-18
5.767167e-09,0.30007358886388336,89.099999999999994,0.0,0.0,0.0,0.99999999999909284,10.999999999999893,3.7694391626949718e-13,2.65293938831872e-14,3.7402948637094747e-13,3.5971825582884199e-13,3.6304775563528835e-13,9.302407961574381e-14,1.0836109439717936e-13,6.2447483896720562e-15,5.1507201618681995e-15,2.554088201468207e-15,5.3267068536649735e-15,1.543748328161542e-14,4.4974989948710516e-15,2.1927545941913232e-15,1.3880172500599243e-14,9.4310456780834657e-15,9.3313763111962899e-15,1.697559161229616e-14,9.8747943595259132e-15,4.5004280143521543e-15,9.0307038055038351e-15,2.5081198818033185e-15,2.653678096626482e-17,2.2381712305411087e-16,1.156877847261405e-17,1.7473597684342572e-17,9.7738619778923674e-18,4.213433281576236e-18,9.9644716209640333e-18,3.8584579079201835e-18,3.1708776032305797e-17,1.1283049568842409e-17,1.5090710196456996e-17,4.0159994617912123e-21,3.0825657157381377e-19,2.8635766221991276e-20,3.0825657157381377e-19,1.8865127665516836e-16,3.7887181511895353e-18
6.8157430000000004e-09,0.30007358886388374,89.099999999999994,0.0,0.0,0.0,0.99999999999892786,10.999999999999856,4.437967348033731e-13,3.1452614290321542e-14,4.3976328918165447e-13,4.2236802766703686e-13,4.2694370166014867e-13,1.0495225902738493e-13,1.2531478349275847e-13,6.8135571042036251e-15,5.6020523838354456e-15,2.77389544182161e-15,6.8588175223755672e-15,2.1188559210255775e-14,5.8010702674815523e-15,2.8176429721291987e-15,1.9247513210814434e-14,1.3105274375782648e-14,1.2952139280970836e-14,2.1474567325238986e-14,1.4726335333435451e-14,6.2348251841447837e-15,1.2531761985351793e-14,3.388511036824667e-15,4.078172550528638e-17,3.1535762412031285e-16,2.0586563996011476e-17,2.7079418684650846e-17,1.5078726915031786e-17,7.5148689536037203e-18,1.6734490925201068e-17,7.5167879875184359e-18,4.489689104113506e-17,1.2897577233139402e-17,2.5138609709593308e-17,7.2697566977467463e-21,5.5677083407050001e-19,6.0173932358744579e-20,5.5677083407050001e-19,2.599422721081205e-16,6.1543886465260055e-18
8.912895000000001e-09,0.3000735888638845,89.099999999999994,0.0,0.0,0.0,0.99999999999859801,10.999999999999771,5.759702925481115e-13,4.1390422648714989e-14,5.6918049293282955e-13,5.452089682861031e-13,5.5281180989927295e-13,1.2535386318341224e-13,1.569924013453175e-13,7.7518909184991642e-15,6.3286743403648454e-15,3.1241856652435071e-15,1.0121189921418499e-14,3.5096326594818511e-14,8.5852923448983323e-15,4.1399491107915958e-15,3.2523191353521561e-14,2.2234353287443075e-14,2.1925905798447695e-14,3.0631516144055862e-14,2.7348249923200545e-14,1.0518233189941668e-14,2.1204223727924279e-14,5.4470014753602034e-15,8.0455917812545163e-17,5.4643399539526956e-16,5.1292673284701997e-17,5.4030486618293449e-17,2.9949219579920281e-17,1.8796761439477206e-17,3.7357376391283758e-17,2.1377654021347273e-17,7.6177242358974526e-17,1.6076992888204537e-17,5.5388136409286136e-17,1.8548058829260299e-20,1.4277307784799363e-18,1.9642967696102544e-19,1.4277307784799363e-18,4.3494474935307672e-16,1.34126789278597e-17
9.999999999999999e-09,0.3000735888638852,89.099999999999994,0.0,0.0,0.0,0.99999999999842704,10.999999999999719,6.4369004503090521e-13,4.6589606922792355e-14,6.3520688224668256e-13,6.0762187626597788e-13,6.1706033111584517e-13,1.3436750727096795e-13,1.7232173304532802e-13,8.176962096721023e-15,6.6501075025922395e-15,3.2774142639396402e-15,1.1873321054008812e-14,4.3487829581420766e-14,1.0084429175421125e-14,4.8452530459201524e-15,4.0711854041534528e-14,2.7890174303078916e-14,2.7471851850983127e-14,3.5331254404685734e-14,3.5324785250449565e-14,1.3157093776913797e-14,2.6561141589509278e-14,6.6493910110436539e-15,1.0729224759929716e-16,6.9120301979404293e-16,7.562766553211748e-17,7.2313131970821875e-17,4.0063613158432505e-17,2.7763107028143566e-17,5.2151407679560747e-17,3.3189161883752812e-17,9.4399325106499835e-17,1.769861804581379e-17,7.6890626346448909e-17,2.7596284840514306e-20,2.1357482251945042e-18,3.2549003630436006e-19,2.1357482251945042e-18,5.4234282370284095e-16,1.8752534034926245e-17
1.1010047000000002e-08,0.3000735888638852,89.099999999999994,0.0,0.0,0.0,0.99999999999826816,10.999999999999668,7.0612810621104825e-13,5.144929782114077e-14,6.9591423618384764e-13,6.6485258855876646e-13,6.7615094440996415e-13,1.4193850673079337e-13,1.8594420686223822e-13,8.5605853288724659e-15,6.9374850355972592e-15,3.413660845045773e-15,1.3512534700401166e-14,5.1959248913798824e-14,1.1489030648771106e-14,5.5016778014248551e-15,4.9103797874492935e-14,3.3703702944297048e-14,3.3162912169548297e-14,3.9590051375859817e-14,4.3553858321461009e-14,1.5859518529317756e-14,3.2056257473915184e-14,7.8366932381574388e-15,1.3630680742231939e-16,8.4087883061029936e-16,1.0446150438269563e-16,9.2090544131428925e-17,5.1036518705317875e-17,3.8403892840084883e-17,6.8642673868176027e-17,4.7717500568952957e-17,1.1221477509847004e-16,1.9188811979723801e-17,1.0073110327988725e-16,3.8385969600057136e-20,2.9871361009356444e-18,4.9330124538176326e-19,2.9871361009356444e-18,6.521358018132706e-16,2.4831538220580823e-17
1.3107199000000003e-08,0.3000735888638858,89.099999999999994,0.0,0.0,0.0,0.99999999999793832,10.999999999999549,8.3430370011538322e-13,6.1628343688662229e-14,8.2002606109145888e-13,7.8139602519169417e-13,7.9700760934590013e-13,1.5551521320451112e-13,2.1245196044571052e-13,9.3275551833758448e-15,7.5058258553655462e-15,3.6806526834066105e-15,1.694567364948347e-14,7.1489339876407508e-14,1.4435325363086856e-14,6.8659392508275875e-15,6.8888995628268396e-14,4.7471733013451753e-14,4.6606530995132756e-14,4.8148658405901156e-14,6.2809406235806698e-14,2.2226110686811508e-14,4.5029865157278257e-14,1.0489615530627608e-14,2.0948223679653555e-16,1.1973496560562452e-15,1.8703715458743886e-16,1.4175865195414388e-16,7.8840926403955039e-17,6.8949927922050117e-17,1.1129637676361251e-16,9.133375670740221e-17,1.5134278901923036e-16,2.2231888772220734e-17,1.6199175372562358e-16,6.9547209567315388e-20,5.4910963324033254e-18,1.0538353494321589e-18,5.4910963324033254e-18,9.1059145601721366e-16,4.1371497970174882e-17
1.5204351000000004e-08,0.30007358886388646,89.099999999999994,0.0,0.0,0.0,0.99999999999760847,10.999999999999412,9.6052997651942025e-13,7.1926730877998336e-14,9.4157536210540159e-13,8.9493154599706732e-13,9.1542952402735596e-13,1.6668386603065221e-13,2.3676150064248962e-13,1.0071779705369681e-14,8.0523452184404852e-15,3.9342122296680356e-15,2.040209447050537e-14,9.3434803708807426e-14,1.7405881418800791e-14,8.2251210843608353e-15,9.1783227085080309e-14,6.3498012372967642e-14,6.220215868445782e-14,5.6350429441951881e-14,8.4527650513257594e-14,2.9588907029489758e-14,6.0069151412873741e-14,1.3354845335750272e-14,3.0077267152031178e-16,1.6141985058135855e-15,3.0573410229128805e-16,2.0305982739517816e-16,1.1371686154145664e-16,1.1297346723163488e-16,1.651648409065539e-16,1.5675251715001301e-16,1.9271036175477778e-16,2.5209153619619013e-17,2.3886555186779473e-16,1.147236197610078e-19,9.2159702475535501e-18,2.0144989826516491e-18,9.2159702475535501e-18,1.2097131572067213e-15,6.3951935684287216e-17
1.7301503000000005e-08,0.3000735888638871,89.099999999999994,0.0,0.0,0.0,0.99999999999727862,10.999999999999265,1.0848384585450526e-12,8.2343714831027962e-14,1.0606183959505856e-12,1.0055457023737673e-12,1.0314639829920814e-12,1.7587579023509831e-13,2.590820995131888e-13,1.078979556159833e-14,8.5753948719591919e-15,4.1734583915793588e-15,2.3885625420322579e-14,1.1758077542200454e-13,2.0402670493558391e-14,9.5813356680439369e-15,1.1769701082942278e-13,8.1743956972380896e-14,7.9898118955977696e-14,6.4293133623180912e-14,1.082200511592767e-13,3.7922166611682953e-14,7.7121262370637553e-14,1.6395580987128509e-14,4.1083199441696784e-16,2.089949917582417e-15,4.6674275876182341e-16,2.7578450268298876e-16,1.5595589321329967e-16,1.7281987207690923e-16,2.2966882639048361e-16,2.4769071225255692e-16,2.3607758423024479e-16,2.8122185697873247e-17,3.3052779668506233e-16,1.7640417051334773e-19,1.4448147002771271e-17,3.5423197769349161e-18,1.4448147002771271e-17,1.5490333398633149e-15,9.3436064357781954e-17
1.9398655000000006e-08,0.3000735888638875,89.099999999999994,0.0,0.0,0.0,0.99999999999694877,10.999999999999101,1.2072596291040142e-12,9.2878612178880018e-14,1.1772092381032402e-12,1.1133213390615525e-12,1.1451575076138618e-12,1.8343391976322925e-13,2.7959832024310567e-13,1.1487525059234164e-14,9.0802945023933912e-15,4.4011441310898993e-15,2.7390729797767917e-14,1.4373735534010465e-13,2.3420679204838715e-14,1.0932884456900897e-14,1.4654499131502063e-13,1.0217224316850358e-13,9.9644771636449922e-14,7.2014584665923984e-14,1.3353804565149967e-13,4.7202149552127352e-14,9.6135493552182696e-14,1.9582663017105424e-14,5.403250968898326e-16,2.6234750135901422e-15,6.7578131551505317e-16,3.5971017144384945e-16,2.0584831014884774e-16,2.5065393471596912e-16,3.0428909178193598e-16,3.6696060292689163e-16,2.81328181620771e-16,3.0972788955453058e-17,4.3623629878629464e-16,2.5688498531739772e-19,2.1480514161242132e-17,5.8290965438127795e-18,2.1480514161242132e-17,1.928064933309411e-15,1.306474565531803e-16
2.1495807000000007e-08,0.30007358886388796,89.099999999999994,0.0,0.0,0.0,0.99999999999661893,10.999999999998922,1.3278235066384666e-12,1.0353078385426932e-13,1.2914008431636194e-12,1.2183392023068191e-12,1.2565562309013691e-12,1.8965465955483867e-13,2.9847808011969501e-13,1.2180322758948101e-14,9.5802410189427034e-15,4.623962946889959e-15,3.0902463430200799e-14,1.7173143663099584e-13,2.6447009717569399e-14,1.227407431706808e-14,1.782441259288753e-13,1.2474610247585857e-13,1.2139353587377879e-13,7.9505216292935227e-14,1.6022249530132733e-13,5.7406179157957751e-14,1.1706232041764906e-13,2.2890996853568784e-14,6.8991754741893914e-16,3.2138701690287827e-15,9.3825139947633949e-16,4.5465788472071352e-16,2.6368375262635278e-16,3.4851671947618945e-16,3.8873506957614817e-16,5.1667310336203279e-16,3.282037163629855e-16,3.3762272092036235e-17,5.5548123529735301e-16,3.58330031042739e-19,3.0616137827535286e-17,9.0911489354290017e-18,3.0616137827535286e-17,2.3462889947045944e-15,1.7638700575227069e-16
2.3592959000000008e-08,0.30007358886388846,89.099999999999994,0.0,0.0,0.0,0.99999999999628886,10.999999999998735,1.4465600781911823e-12,1.1429961627119129e-13,1.4032458055993698e-12,1.3206790234956959e-12,1.3657064091544724e-12,1.9480399113577504e-13,3.1587953440849793e-13,1.2878736898854261e-14,1.0084627104854042e-14,4.8466569216129369e-15,3.4410665443596861e-14,2.0139973629868142e-13,2.9472565227394834e-14,1.3601174442130262e-14,2.1271237834245547e-13,1.494288572278485e-13,1.4509618445582376e-13,8.6771560599881099e-14,1.8802587067659013e-13,6.851212420136245e-14,1.3985265988870438e-13,2.6298019683688391e-14,8.6022195609494194e-16,3.8602418956899901e-15,1.2594235598775931e-15,5.604327891377353e-16,3.2973139004935768e-16,4.683986781300582e-16,4.8276641218573222e-16,6.9868568775190588e-16,3.7641033142850781e-16,3.6492015252447122e-17,6.877545621374736e-16,4.8285036444862332e-19,4.2168884116807965e-17,1.3563573716846363e-17,4.2168884116807965e-17,2.8032100183711068e-15,2.3144616390296525e-16
2.569011100000001e-08,0.30007358886388885,89.099999999999994,0.0,0.0,0.0,0.9999999999959589,10.999999999998538,1.5634992600761113e-12,1.2518452309397613e-13,1.5127962293258258e-12,1.4204192239935529e-12,1.4726544690648946e-12,1.9910704385070463e-13,3.3195032985124723e-13,1.3580776340184797e-14,1.0592280519516365e-14,5.0686791641140298e-15,3.7917662996679674e-14,2.3258955477360879e-13,3.2498807738845269e-14,1.491572627540824e-14,2.4986898505423983e-13,1.7618400946341601e-13,1.707049641046998e-13,9.3864741666174331e-14,2.166933683108368e-13,8.0498571083455889e-14,1.6445798584006201e-13,2.9784507030425516e-14,1.0517713254378066e-15,4.5616470453650225e-15,1.6444438706655766e-15,6.7676691706536526e-16,4.0422768904476467e-16,6.1224462312322203e-16,5.8601222958261786e-16,9.1475793062982189e-16,4.2580674828826991e-16,3.9163481658668732e-17,8.3235423062446519e-16,6.3251014366486239e-19,5.6463406670423777e-17,1.9499781328964747e-17,5.6463406670423777e-17,3.2983920914536186e-15,2.9660498295692122e-16
2.988441500000001e-08,0.30007358886388963,89.099999999999994,0.0,0.0,0.0,0.99999999999529909,10.999999999998108,1.7921014387109688e-12,1.4730047830803667e-13,1.7252134060449317e-12,1.6123988577682836e-12,1.6801260548414116e-12,2.0579522118008704e-13,3.6059863440533368e-13,1.4992108459180074e-14,1.1614392987820332e-14,5.509653013456115e-15,4.4932964632329388e-14,2.9901587344105117e-13,3.855744335106932e-14,1.7511721081423653e-14,3.3194076147891216e-13,2.3577019922932034e-13,2.2745784197440849e-13,1.0765717907202158e-13,2.7593407198785865e-13,1.0703421151048677e-13,2.1892811643777612e-13,3.6942856055905242e-14,1.5005700687170751e-15,6.1265803385538809e-15,2.6247906177565862e-15,9.3994810234895105e-16,5.7942927504929016e-16,9.7891237539850939e-16,8.187120784852118e-16,1.4536678130340125e-15,5.2802138497542905e-16,4.4337292885257323e-17,1.155781293613575e-15,1.0147664852909286e-18,9.4619791688494507e-17,3.6896789991384534e-17,9.4619791688494507e-17,4.4018555891098384e-15,4.6018390863438731e-16
3.3659288600000006e-08,0.30007358886389024,89.099999999999994,0.0,0.0,0.0,0.99999999999470512,10.999999999997687,1.9919840021883334e-12,1.6759691686010023e-13,1.9090344160217127e-12,1.7770200942946353e-12,1.859771084423925e-12,2.1021147922198474e-13,3.8297779857266097e-13,1.6253745083913641e-14,1.2527796027469202e-14,5.896470869802227e-15,5.126671103806294e-14,3.628096092116261e-13,4.403291380379128e-14,1.9821333824770239e-14,4.1424871642347657e-13,2.9613526783973563e-13,2.8460336588777716e-13,1.197946007044003e-13,3.3072400745348632e-13,1.3373686825612973e-13,2.7370246321819719e-13,4.3546682887058285e-14,1.9817291237884502e-15,7.716308309747064e-15,3.7704449347677109e-15,1.2099497929015441e-15,7.6802104410704891e-16,1.4078423217324717e-15,1.0563083345585606e-15,2.0643282436698228e-15,6.2384659978587021e-16,4.8808315033614971e-17,1.4822543311256706e-15,1.4627901882998082e-18,1.417828748153235e-16,6.0578743398920789e-17,1.417828748153235e-16,5.5217282646816877e-15,6.4920462746629289e-16
3.7434162200000005e-08,0.30007358886389074,89.099999999999994,0.0,0.0,0.0,0.99999999999411104,10.999999999997236,2.1864832428208502e-12,1.8826231269812313e-13,2.0861713327427423e-12,1.9343241729680391e-12,2.032972525593306e-12,2.1361873780187044e-13,4.0268857235842886e-13,1.7514466324774076e-14,1.3440956386989373e-14,6.2773093762681597e-15,5.7614028432542671e-14,4.2981897730302031e-13,4.9525492967566276e-14,2.2106511542331649e-14,5.0413039487861042e-13,3.6267952023309349e-13,3.4723857541041247e-13,1.3173173187991058e-13,3.8638946187582243e-13,1.63005492930182e-13,3.3366499892334307e-13,5.0259832009181032e-14,2.538489716643628e-15,9.4745702312033762e-15,5.1895388150674182e-15,1.5097247176668967e-15,9.8696249883444649e-16,1.9395092918604827e-15,1.3193435419085717e-15,2.7963952781320191e-15,7.2291646605515014e-16,5.3111460169656491e-17,1.8390031724826466e-15,2.0189030198296495e-18,2.0326141507847597e-16,9.3911694203746208e-17,2.0326141507847597e-16,6.7592447526930146e-15,8.8193711085911618e-16
4.1209035800000003e-08,0.30007358886389124,89.099999999999994,0.0,0.0,0.0,0.99999999999351707,10.999999999996756,2.3757562013777119e-12,2.092946325633532e-13,2.2568860688898655e-12,2.084688517688238e-12,2.1999758680703943e-12,2.1634982183583416e-13,4.2017383010970851e-13,1.8781093139037033e-14,1.435963539213974e-14,6.655535835192471e-15,6.3969777206070992e-14,4.9957681617851212e-13,5.5030806269948852e-14,2.4367808765450563e-14,6.0119774871519314e-13,4.3521256923805791e-13,4.1512440192107004e-13,1.4350084721175175e-13,4.4259926756745851e-13,1.9474404976324785e-13,3.9857652028560322e-13,5.7053861875334146e-14,3.1728555211314581e-15,1.1398722709364085e-14,6.9027396878459118e-15,1.8377925478556739e-15,1.237135669898005e-15,2.5816714896643935e-15,1.6069367720946792e-15,3.6505731479383088e-15,8.2484805812892344e-16,5.7253939713190302e-17,2.2232632154168928e-15,2.6913423730938509e-18,2.8121351638623558e-16,1.3904409466298365e-16,2.8121351638623558e-16,8.1121462130313777e-15,1.1621349874323261e-15
4.49839094e-08,0.3000735888638915,89.099999999999994,0.0,0.0,0.0,0.99999999999292288,10.99999999999625,2.5599555437393262e-12,2.3069217815088523e-13,2.4214299588494558e-12,2.2284702738904388e-12,2.3610182935343761e-12,2.1862175221181346e-13,4.3579808431744665e-13,2.0054474490720913e-14,1.5284613198665665e-14,7.0319663652503068e-15,7.0334678571689775e-14,5.716956119532457e-13,6.0549386724073263e-14,2.660795870036721e-14,7.0508329425919837e-13,5.1354974327597999e-13,4.8803171064814049e-13,1.5513867424516167e-13,4.991229654745135e-13,2.2886199578716787e-13,4.6820896484125858e-13,6.3910122625713318e-14,3.8864984013354065e-15,1.3486409079891493e-14,8.9284777043109078e-15,2.1927186889131927e-15,1.5192781797151002e-15,3.3412293862814365e-15,1.9183228208636949e-15,4.6265866704297051e-15,9.2936029803443761e-16,6.1242640779332196e-17,2.6324706386771081e-15,3.4874374680236455e-18,3.7785734966236297e-16,1.9828054451339075e-16,3.7785734966236297e-16,9.5782884290030762e-15,1.4933544714850875e-15
4.8758783e-08,0.30007358886389185,89.099999999999994,0.0,0.0,0.0,0.9999999999923288,10.999999999995719,2.7392297208005976e-12,2.5245355559189167e-13,2.5800443325534871e-12,2.366007672034151e-12,2.516328598549082e-12,2.2057701542293183e-13,4.4986259659193949e-13,2.1333067940775957e-14,1.6214600541464403e-14,7.4063455796438957e-15,7.6711753535463487e-14,6.4585230059964913e-13,6.6083768153263593e-14,2.8830424964257029e-14,8.1543871030016049e-13,5.9751184672701121e-13,5.6574075117489051e-13,1.6667824695183548e-13,5.5580142747475378e-13,2.6527350888985852e-13,5.4234477251519985e-13,7.081628485265044e-14,4.6808038074925377e-15,1.5735505142963636e-14,1.1283116565659612e-14,2.573125953440478e-15,1.8340018032316487e-15,4.2242905431663581e-15,2.2528127342618415e-15,5.7235292314820238e-15,1.0362467669132796e-15,6.5084133389588604e-17,3.0642768684917669e-15,4.4136775524126443e-18,4.954605835528938e-16,2.7406204252978511e-16,4.954605835528938e-16,1.1155621221627393e-14,1.8789675487331264e-15
5.25336566e-08,0.3000735888638921,89.099999999999994,0.0,0.0,0.0,0.99999999999173472,10.999999999995165,2.9137235360752253e-12,2.745776187560979e-13,2.7329620269898517e-12,2.4976231219369536e-12,2.6661281367703756e-12,2.2231626529276339e-13,4.6262277138566348e-13,2.26157579998741e-14,1.7148616981990023e-14,7.7785444505950736e-15,8.3103528398362315e-14,7.2177067850232548e-13,7.1636118437234238e-14,3.1038272089664444e-14,9.3193169757291478e-13,6.8692439530051681e-13,6.4803973037282351e-13,1.7814309671444599e-13,6.1252293819102375e-13,3.0389648088544229e-13,6.2077525907836699e-13,7.7763587075347556e-14,5.5569333761540936e-15,1.8144063941786583e-14,1.3981312376635732e-14,2.9776989082042607e-15,2.1818194837817437e-15,5.2363065096120287e-15,2.6097872660539851e-15,6.9401120336047744e-15,1.1453270285184933e-15,6.8784723728487768e-17,3.5165481812607475e-15,5.4758566252249764e-18,6.3632664655575572e-16,3.6893559347686237e-16,6.3632664655575572e-16,1.2842163145933857e-14,2.3221919075673916e-15
6.00834038e-08,0.30007358886389246,89.099999999999994,0.0,0.0,0.0,0.99999999999054601,10.999999999993983,3.248926672503422e-12,3.1991063144956723e-13,3.0225872271837802e-12,2.7442836886424505e-12,2.9500336997868667e-12,2.2539567156757462e-13,4.8502582469340803e-13,2.519344590670432e-14,1.9028559462801554e-14,8.5175601546920724e-15,9.593640572666127e-14,8.7801955399601126e-13,8.2799314371291239e-14,3.5419193989582469e-14,1.1820964297321623e-12,8.8143197602465447e-13,8.2560850962765137e-13,2.0089671425446525e-13,7.2583336014941338e-13,3.8746945401994899e-13,7.897389471750404e-13,9.1759706892125771e-14,7.5580263357975614e-15,2.3432640919094408e-14,2.0457099706370863e-14,3.8544751257290948e-15,2.9782213099709319e-15,7.6652020459854739e-15,3.3890802986023935e-15,9.7256231030718929e-15,1.369400012878949e-15,7.5786855834891007e-17,4.4752179587040204e-15,8.0271726787288953e-18,9.9722802636357841e-16,6.2670870839142241e-16,9.9722802636357841e-16,1.6535354077561825e-14,3.3934265371571076e-15
6.7633151e-08,0.30007358886389257,89.099999999999994,0.0,0.0,0.0,0.99999999998935718,10.999999999992719,3.5666420055679742e-12,3.6668701296311645e-13,3.2919841183935849e-12,2.970696487380654e-12,3.2143384010168014e-12,2.2816280827810203e-13,5.0428370949271346e-13,2.7788895120553289e-14,2.0925241359036076e-14,9.251603062198049e-15,1.0884180531783589e-13,1.0390205892208516e-12,9.4046468102174986e-14,3.9766390975512379e-14,1.4532577910239257e-12,1.0957811288557643e-12,1.0192158918306851e-12,2.2345563133119067e-13,8.3874732337802211e-13,4.789986956639642e-13,9.7362107689247237e-13,1.0587130851838452e-13,9.8945207726177903e-15,2.933945349720129e-14,2.8438169675800507e-14,4.8139044744222197e-15,3.9105783421822181e-15,1.0658097923274199e-14,4.2524087169476836e-15,1.2968342959987658e-14,1.6003851537627798e-15,8.229389786026489e-17,5.4957314496989387e-15,1.1173503114368538e-17,1.4795367720354189e-15,9.9390330708774547e-16,1.4795367720354189e-15,2.0643482644831456e-14,4.7295317205342449e-15
7.51828982e-08,0.30007358886389235,89.099999999999994,0.0,0.0,0.0,0.99999999998816813,10.999999999991376,3.8678868633303413e-12,4.1490577460881681e-13,3.5427002189840636e-12,3.1788743841087157e-12,3.4605236788148176e-12,2.3075422976324728e-13,5.2127315040335683e-13,3.0404194756421112e-14,2.2840272771179297e-14,9.9832010127702918e-15,1.2182647053758782e-13,1.2037665471779678e-12,1.0538342796947447e-13,4.4092317075169184e-14,1.7433304393450894e-12,1.3287567593550668e-12,1.2274619953418605e-12,2.4584395808146477e-13,9.5113999242320949e-13,5.7795216246524217e-13,1.1710766178369069e-12,1.2008541051688575e-13,1.2568149045026215e-14,3.5853332883950148e-14,3.7983666685961392e-14,5.8477824845895818e-15,4.9796533258809034e-15,1.4236249300244106e-14,5.1964303179384231e-15,1.6652397187503614e-14,1.8372953974173453e-15,8.8346784749373956e-17,6.567930777992159e-15,1.4937504107716359e-17,2.1024391820148419e-15,1.4939020309688022e-15,2.1024391820148419e-15,2.5153240525998337e-14,6.3507147390862484e-15
8.273264539999999e-08,0.300073588863892,89.099999999999994,0.0,0.0,0.0,0.99999999998697853,10.999999999989965,4.153622600188626e-12,4.645685448457566e-13,3.7761641167358084e-12,3.3706263480648837e-12,3.6899588540621244e-12,2.3324990326437951e-13,5.3661393335135967e-13,3.3040080987159643e-14,2.477416897849259e-14,1.0713987652050869e-14,1.3489759063855963e-13,1.3715200550381598e-12,1.1681639791725698e-13,4.8407707281758461e-14,2.0504355632843487e-12,1.5792147870827742e-12,1.4490576652645016e-12,2.680808946659837e-13,1.0629420370711184e-12,6.8384172891847869e-13,1.3808804132427057e-12,1.3439386539192647e-13,1.5578149374607694e-14,4.2964227619200202e-14,4.9133236957266886e-14,6.9487156499062674e-15,6.1851017391094454e-15,1.8413396057474037e-14,6.2179891994912053e-15,2.076197762008536e-14,2.0793603910878596e-15,9.3982936442241275e-17,7.6836299602895859e-15,1.9333865797727047e-17,2.8851439368859446e-15,2.1507914357973724e-15,2.8851439368859446e-15,3.0052294948430603e-14,8.2751811427514682e-15
9.028239259999999e-08,0.30007358886389157,89.099999999999994,0.0,0.0,0.0,0.99999999998578892,10.999999999988489,4.4247575878655408e-12,5.1567909854983421e-13,3.9936951646611247e-12,3.5475795327216198e-12,3.9039099189221855e-12,2.3570038894815845e-13,5.5075144191913838e-13,3.569698924328933e-14,2.672714276312896e-14,1.1445181770379126e-14,1.4806184701129258e-13,1.5417296882989763e-12,1.2835122202578828e-13,5.2721581929422641e-14,2.3728788854861905e-12,1.8460779327797304e-12,1.6828152323944579e-12,2.9018072022998191e-13,1.1741149838166479e-12,7.9621900393062903e-13,1.6019159059494244e-12,1.4879105807669173e-13,1.8921682968391315e-14,5.0663049951466761e-14,6.1909933876089715e-14,8.1100328321352872e-15,7.5256537564841878e-15,2.3196876122406186e-14,7.3140630494983269e-15,2.5281583615842595e-14,2.3259814735239211e-15,9.9236589735008726e-17,8.8362284095981123e-15,2.4370491424305969e-17,3.8467346485287429e-15,2.9890677237845569e-15,3.8467346485287429e-15,3.532920172929507e-14,1.0519343615903107e-14
9.783213979999999e-08,0.30007358886389085,89.099999999999994,0.0,0.0,0.0,0.99999999998459888,10.999999999986949,4.6821497094275217e-12,5.6824298270590282e-13,4.1965114383035053e-12,3.7111970375629175e-12,4.1035470299505311e-12,2.3812991962881788e-13,5.6400320942815822e-13,3.837577533600429e-14,2.869976077838191e-14,1.2177956395814304e-14,1.6132477030603234e-13,1.7139823101316499e-12,1.3999279048159752e-13,5.7041236553822065e-14,2.7091329772458692e-12,2.1283322191678069e-12,1.9276409380881135e-12,3.1215074415167047e-13,1.2846504802759525e-12,9.1467217544066131e-13,1.8331659406818121e-12,1.6327364987400246e-13,2.2594162418021859e-14,5.8941589864598277e-14,7.6322543587855675e-14,9.3257208723847299e-15,8.9992586189354327e-15,2.8588518623832115e-14,8.4817822915595243e-15,3.0196002232161367e-14,2.576678920720729e-15,1.0413906678479767e-16,1.0020445910034372e-14,3.0049443370617252e-17,5.0060552443569829e-15,4.0334055143842714e-15,5.0060552443569829e-15,4.0973334921444114e-14,1.3097990035717338e-14
9.999999999999998e-08,0.3000735888638901,89.099999999999994,0.0,0.0,0.0,0.99999999998425715,10.999999999986498,4.7536337533501562e-12,5.8360588445543384e-13,4.2521900968691019e-12,3.7559029116643624e-12,4.1583807154991722e-12,2.3882481511492313e-13,5.6767770186500132e-13,3.9149151403349823e-14,2.9269913555784164e-14,1.2388811561622954e-14,1.651520487594642e-13,1.763775686631801e-12,1.4335592240727623e-13,5.8283528287049003e-14,2.8080409982635855e-12,2.2120880931366848e-12,1.9998425328275131e-12,3.184358261457678e-13,1.3162735298028445e-12,9.4975398027736721e-13,1.901322929787569e-12,1.6744773872053699e-13,2.370865622670509e-14,6.1424784091008979e-14,8.0763115253262533e-14,9.6840687647438882e-15,9.4466144625247453e-15,3.0248772104949939e-14,8.8299373560412567e-15,3.1678001672990129e-14,2.6493623968254073e-15,1.0548598185409347e-16,1.0365716507377167e-14,3.1798507963137795e-17,5.3781048528711219e-15,4.3748388510060644e-15,5.3781048528711219e-15,4.2660465318550259e-14,1.3902152188885628e-14
1.0538188699999998e-07,0.3000735888638901,89.099999999999994,0.0,0.0,0.0,0.99999999998340849,10.999999999985356,4.9266085581937722e-12,6.2226721601305731e-13,4.3857364703398614e-12,3.8627924854483636e-12,4.2899507702014974e-12,2.4054424032058716e-13,5.7658998051622643e-13,4.1077393800845283e-14,3.0692716856060731e-14,1.2913355368622069e-14,1.7469112326915537e-13,1.8879710970510412e-12,1.5174531758916776e-13,6.1372595259477368e-14,3.0578226968739083e-12,2.4250239270744946e-12,2.182528536139264e-12,3.339943123330743e-13,1.3945602017215696e-12,1.0388232938182378e-12,2.07370508843263e-12,1.7783990612789574e-13,2.6589512964716687e-14,6.779242202080543e-14,9.2367471489619568e-14,1.0590368928588518e-14,1.0603199783838561e-14,3.4585370302616315e-14,9.7184189204547728e-15,3.5490370044846375e-14,2.831070482786814e-15,1.0871899782272889e-16,1.1232103620710236e-14,3.6367712715175301e-17,6.3816220494468919e-15,5.3084767697047195e-15,6.3816220494468919e-15,4.6974831896005762e-14,1.6024422153541917e-14
1.204813814e-07,0.30007358886388824,89.099999999999994,0.0,0.0,0.0,0.99999999998102662,10.999999999982018,5.3797404696947678e-12,7.3473013069220442e-13,4.7274837154485892e-12,4.1345272309178946e-12,4.6269783783539282e-12,2.4533035740184545e-13,6.0035136127957492e-13,4.6551740926980242e-14,3.4741505467501716e-14,1.4395035212140867e-14,2.0175146650092362e-13,2.240271187827362e-12,1.7559863702316309e-13,7.0089496875283164e-14,3.7876668502351458e-12,3.058182708100901e-12,2.7188551100415635e-12,3.7731497307066385e-13,1.6125641774182717e-12,1.3028569657334377e-12,2.5793523128162916e-12,2.0721829402310975e-13,3.5518884834109079e-14,8.7184505648445763e-14,1.2929095311357022e-13,1.3247496254659285e-14,1.4188686848419182e-14,4.8363976895033839e-14,1.2388030602418057e-14,4.7161920930210674e-14,3.3498145620521821e-15,1.1701388754995054e-16,1.3725105571610595e-14,5.0890109136986741e-17,9.8533723906711508e-15,8.648321582680897e-15,9.8533723906711508e-15,6.0013882182820152e-14,2.2967404077511544e-14
1.3558087579999999e-07,0.30007358886388574,89.099999999999994,0.0,0.0,0.0,0.99999999997864297,10.999999999978504,5.7897605626868448e-12,8.5314219804568381e-13,5.0263109371128726e-12,4.370875414217619e-12,4.9221030556345685e-12,2.5005513183369897e-13,6.2283539865808269e-13,5.2124098269346443e-14,3.8876429485815375e-14,1.5894762198682318e-14,2.2927361428379748e-13,2.5972961038632388e-12,1.999385677778515e-13,7.8902854030334164e-14,4.5538830852582882e-12,3.7389986766402662e-12,3.2852333119737928e-12,4.2016799861996302e-13,1.8282535370365244e-12,1.5858636570042388e-12,3.1129801285001465e-12,2.3691708240528343e-13,4.5641378484342963e-14,1.0879204071858474e-13,1.7247571660746892e-13,1.604787501571976e-14,1.8251447838053602e-14,6.4441114785863792e-14,1.5302998561683677e-14,6.0187067529547809e-14,3.8805640509532392e-15,1.243054052702994e-16,1.6296159726898956e-14,6.7841520970175475e-17,1.4400568460214661e-14,1.3199490787927894e-14,1.4400568460214661e-14,7.4380461341174484e-14,3.143045467304109e-14
1.5068037019999998e-07,0.30007358886388297,89.099999999999994,0.0,0.0,0.0,0.99999999997625799,10.999999999974834,6.1616555898146655e-12,9.7758500795132293e-13,5.288503208526239e-12,4.5783925742661516e-12,5.18139816529517e-12,2.5474086424706041e-13,6.4450709696293185e-13,5.7797724591540928e-14,4.309973954697685e-14,1.7415536237719844e-14,2.5728210155887088e-13,2.9581454658158646e-12,2.2478741368882196e-13,8.7833876344083948e-14,5.3495223526637713e-12,4.4616749858019407e-12,3.8761012204366412e-12,4.6258032636357283e-13,2.0417198936691092e-12,1.8857637638615057e-12,3.669711285758526e-12,2.669253374134543e-13,5.6879281673171806e-14,1.3257542672346808e-13,2.2162428298593441e-13,1.8964176257975065e-14,2.2756581698578557e-14,8.2689404443782215e-14,1.8444725402207235e-14,7.446449356804595e-14,4.4223549326717501e-15,1.3074815106881775e-16,1.8933329681546531e-14,8.7087787477742541e-17,2.015245429748474e-14,1.914377581714036e-14,2.015245429748474e-14,9.0017427309369153e-14,4.1480167134971361e-14
1.6577986459999997e-07,0.3000735888638799,89.099999999999994,0.0,0.0,0.0,0.99999999997387123,10.999999999971033,6.499855879843259e-12,1.1081424894480202e-12,5.5194163493321807e-12,4.7623912514652436e-12,5.4100517129708145e-12,2.5939738014648511e-13,6.6563875852590887e-13,6.3575798203738366e-14,4.7413786390369507e-14,1.8959597196458269e-14,2.8579581776758955e-13,3.3221917760625266e-12,2.5016267554055056e-13,9.6896951018492334e-14,6.1689195658392184e-12,5.2210893851012085e-12,4.4867466917003078e-12,5.045727182958529e-13,2.2530631641469088e-12,2.2007960494796051e-12,4.2454999696556289e-12,2.9723357567443965e-13,6.9150041171195236e-14,1.5850138238611825e-13,2.7637960907174304e-13,2.1974128520813349e-14,2.7666945805268832e-14,1.0295862014338189e-13,2.1795944860177721e-14,8.9899771930166528e-14,4.9746283167141502e-15,1.3647203232631463e-16,2.1629373683618048e-14,1.0847047153218682e-16,2.7228088970914684e-14,2.6651593159341237e-14,2.7228088970914684e-14,1.0687509789282127e-13,5.3170407878309387e-14
1.8087935899999997e-07,0.30007358886387653,89.099999999999994,0.0,0.0,0.0,0.99999999997148303,10.999999999967116,6.8082930618959901e-12,1.2448974297401367e-12,5.7236116805918708e-12,4.9271738591455678e-12,5.6124939086758821e-12,2.640110849361728e-13,6.8637233724083536e-13,6.9460527049815192e-14,5.1820305133840207e-14,2.0528329355678112e-14,3.148299225423335e-13,3.6890033188607241e-12,2.7607860878480807e-13,1.0610192546849621e-13,7.0074579976514805e-12,6.012719551374838e-12,5.113181371987297e-12,5.4616239450514596e-13,2.4623995092830108e-12,2.5294689022049621e-12,4.8369933277859926e-12,3.2783466088409545e-13,8.2369494617610546e-14,1.865418202952637e-13,3.3634982345182498e-13,2.5059593212212788e-14,3.2944612371253201e-14,1.2508536755389812e-13,2.5340640881837898e-14,1.0640479798339999e-13,5.5370993703033834e-15,1.4158624083453387e-16,2.4380147705547934e-14,1.3181711604935221e-16,3.5735997560201805e-14,3.5880655854480718e-14,3.5735997560201805e-14,1.24910177933844e-13,6.6544597824428093e-14
1.9597885339999996e-07,0.30007358886387275,89.099999999999994,0.0,0.0,0.0,0.99999999996909283,10.999999999963102,7.0904530534767085e-12,1.3879288706745014e-12,5.904973627906155e-12,5.0762271294489796e-12,5.792507932811058e-12,2.6857445585822131e-13,7.0678937405576919e-13,7.5453291452725573e-14,5.6320382423215129e-14,2.2122469495405556e-14,3.4439656972524974e-13,4.0582618726270434e-12,3.0254696388866002e-13,1.1545557704017652e-13,7.8613718684979326e-12,6.8325753064203029e-12,5.752031101652626e-12,5.8736742646025598e-13,2.6698307554448499e-12,2.8705177667826679e-12,5.4414132305096604e-12,3.5872127451582029e-13,9.6454350534402645e-14,2.1667283323524886e-13,4.0112759441631665e-13,2.8205779290771365e-14,3.8551991037326997e-14,1.4890067932924708e-13,2.906388514475448e-14,1.2389766201795022e-13,6.1096586477597717e-15,1.4618265297772039e-16,2.7183412651902313e-14,1.5694929497384073e-16,4.5774113433278042e-14,4.6975215788025655e-14,4.5774113433278042e-14,1.4408482161636238e-13,8.1637630958509738e-14
2.1107834779999995e-07,0.300073588863869,89.099999999999994,0.0,0.0,0.0,0.99999999996670108,10.999999999959002,7.3494244864708712e-12,1.5373102461914135e-12,6.0668117923342768e-12,5.2123831753605537e-12,5.9533263226682864e-12,2.730972647796146e-13,7.2696123483228847e-13,8.1555329663952111e-14,6.0915015481449045e-14,2.3742532681592013e-14,3.7450494670017161e-13,4.4297022104108108e-12,3.2957701815424613e-13,1.2496244016862753e-13,8.7275822777256098e-12,7.6771373330564958e-12,6.4004411212673317e-12,6.2820643368026367e-13,2.8754350500503967e-12,3.222868815962835e-12,6.0564559538657978e-12,3.898849465471044e-13,1.1132402179348358e-13,2.4887388596466373e-13,4.7030492030153581e-13,3.140059500556834e-14,4.4452664651517315e-14,1.7423582914651059e-13,3.2951757068711672e-14,1.4230231683152606e-13,6.6922748370479351e-15,1.5033871933248466e-16,3.0038000968975013e-14,1.8368877715036174e-16,5.7429954780581914e-14,6.0065774641765199e-14,5.7429954780581914e-14,1.6436581753990231e-13,9.8477475134143999e-14
2.2617784219999995e-07,0.300073588863865,89.099999999999994,0.0,0.0,0.0,0.99999999996430733,10.999999999954827,7.5879422184001684e-12,1.6931082398424196e-12,6.2119471068129398e-12,5.3379470045301913e-12,6.097712774330486e-12,2.7758891306553361e-13,7.469542047462986e-13,8.7767680220548472e-14,6.5605126163121382e-14,2.5388890432108788e-14,4.0516190942958711e-13,4.8030988471031805e-12,3.5717603459490825e-13,1.3462550662961399e-13,9.6035666851516396e-12,8.5433027962609099e-12,7.0559964113524458e-12,6.6869652645357008e-13,3.0792854659309756e-12,3.5856091134984244e-12,6.6802099872930145e-12,4.2131753725059698e-13,1.2690182573932214e-13,2.8312722384163063e-13,5.4348342997066005e-13,3.4634138018860225e-14,5.0611943535531064e-14,2.0092639945038667e-13,3.6991315344675858e-14,1.6154799493591354e-13,7.2849470941989227e-15,1.5411983640991708e-16,3.2943337049465897e-14,2.1186184045428519e-16,7.0781018594273629e-14,7.5269238175874332e-14,7.0781018594273629e-14,1.857239063257594e-13,1.170864527086813e-13
2.4127733659999994e-07,0.3000735888638608,89.099999999999994,0.0,0.0,0.0,0.99999999996191191,10.999999999950587,7.8084261127122226e-12,1.8553822148334028e-12,6.3427838235325569e-12,5.4547957301811012e-12,6.2280304770939879e-12,2.8204793880603298e-13,7.6681597140447737e-13,9.4090949375165074e-14,7.0391336258984982e-14,2.7061700494245083e-14,4.3637266971481628e-13,5.1782731739763302e-12,3.8534985897716953e-13,1.4444673421426434e-13,1.0487256741597088e-11,9.4283374717301154e-12,7.7166554507087631e-12,7.0885258779626842e-13,3.2814607203558979e-12,3.9579620287559151e-12,7.3110896003138559e-12,4.5301210975203438e-13,1.4311568104035584e-13,3.1941740277068612e-13,6.2028103381177871e-13,3.7898293532530853e-14,5.6997194212382179e-14,2.2881492402214441e-13,4.1170535993317983e-14,1.8156875307208901e-13,7.8876962690016664e-15,1.5758127026560373e-16,3.5899201080337382e-14,2.4130207609125359e-16,8.5895329959747382e-14,9.2689403126557353e-14,8.5895329959747382e-14,2.081332133959373e-13,1.3748224974579817e-13
2.5637683099999996e-07,0.30007358886385643,89.099999999999994,0.0,0.0,0.0,0.99999999995951472,10.999999999946288,8.0130157635286626e-12,2.0241839985455986e-12,6.4613706191971615e-12,5.5644581842158434e-12,6.3462999131296925e-12,2.8647097687772195e-13,7.8657574549190195e-13,1.0052548706889907e-13,7.5274067509851037e-14,2.8760987548191826e-14,4.6814098958521845e-13,5.5550881913864129e-12,4.141031218541867e-13,1.5442727633453073e-13,1.1376955858229874e-11,1.032983329237956e-11,8.3806942128280812e-12,7.4868819349427738e-13,3.4820365584996629e-12,4.3392663754782771e-12,7.9477800024639096e-12,4.8496215298765603e-13,1.5989848716438597e-13,3.5773087584930656e-13,7.0033621087143774e-13,4.1186407168621981e-14,6.3578024051215445e-14,2.5775259681356535e-13,4.5478230742297174e-14,2.0230322647710769e-13,8.5005530045383009e-15,1.607697539156102e-16,3.8905588274659305e-14,2.7185220349975628e-16,1.0283206362276048e-13,1.1241762316474643e-13,1.0283206362276048e-13,2.3157076560662909e-13,1.5967873479099211e-13
2.714763254e-07,0.3000735888638521,89.099999999999994,0.0,0.0,0.0,0.99999999995711575,10.999999999941943,8.2036017546240912e-12,2.1995578799313046e-12,6.569453260156432e-12,5.6681808344584216e-12,6.4542487371127712e-12,2.9086069154766729e-13,8.0625650134792841e-13,1.0707155346139601e-13,8.0253693729585035e-14,3.0486738437581616e-14,5.0046932372048397e-13,5.933431992428145e-12,4.4343933874697442e-13,1.6456765771611744e-13,1.227127069397058e-11,1.1245670414552669e-11,9.0466580534083156e-12,7.8821669043861805e-13,3.6810778828917109e-12,4.728958566997795e-12,8.5891910949064135e-12,5.1716089223549056e-13,1.7718830525418789e-13,3.9805564744405072e-13,7.8331078349617378e-13,4.4493015221515968e-14,7.0326374321682708e-14,2.8760037568034542e-13,4.9903984513487899e-14,2.236943835580493e-13,9.1235420510766306e-15,1.6372484435130791e-16,4.1962585681808833e-14,3.0336524399044969e-16,1.2164218716236619e-13,1.3453355763505117e-13,1.2164218716236619e-13,2.5601607325659015e-13,1.8368664218879464e-13
3.0167531419999997e-07,0.3000735888638432,89.099999999999994,0.0,0.0,0.0,0.99999999995231226,10.999999999933127,8.5492379334626708e-12,2.5701628619379526e-12,6.7598222906476725e-12,5.8616689870960699e-12,6.644867274521162e-12,2.9954593400383339e-13,8.4545959573314248e-13,1.2049846127297034e-13,9.050457812319237e-14,3.4017296049305843e-14,5.6681108620048382e-13,6.6943470517114451e-12,5.0387054928922826e-13,1.8532799676484981e-13,1.4069388783420093e-11,1.3113140904959508e-11,1.0379664271860017e-11,8.664014290121777e-13,4.074799560084827e-12,5.5316582828534459e-12,9.8827289660713657e-12,5.822789321234167e-13,2.1306670994488686e-13,4.8469747634825502e-13,9.5678775489856149e-13,5.1144633683302243e-14,8.4224977163615823e-14,3.4952112014052337e-13,5.9071617028390839e-14,2.682382470659805e-13,1.0399971167583892e-14,1.6906341660966883e-16,4.8228801984162672e-14,3.6874603177349194e-16,1.6504932846524914e-13,1.8619366429666533e-13,1.6504932846524914e-13,3.0785844874157412e-13,2.3716702207911478e-13
3.2885440412e-07,0.30007358886383484,89.099999999999994,0.0,0.0,0.0,0.99999999994798294,10.999999999925071,8.8272138359560412e-12,2.9264825212798753e-12,6.9079970926188856e-12,6.0239088630193302e-12,6.7938505022408473e-12,3.0727796865653845e-13,8.8066818100563778e-13,1.3296382955303823e-13,1.0006363758704901e-13,3.7284308592095709e-14,6.2844085619399758e-13,7.3835865105914553e-12,5.6027223527387984e-13,2.0455717439847458e-13,1.5693941316370912e-11,1.4826433569758811e-11,1.1575554027876382e-11,9.3583669723560833e-13,4.4244627524623982e-12,6.2786369363805648e-12,1.1055492251090486e-11,6.4167212264245967e-13,2.4657365296099455e-13,5.694568936667383e-13,1.1200195481714274e-12,5.7156966522103182e-14,9.707237799242764e-14,4.0718033573438675e-13,6.7635941924381612e-14,3.1007899754085334e-13,1.1583436298690771e-14,1.7335638274745633e-16,5.404198701696815e-14,4.2963218929524699e-16,2.1088889763746372e-13,2.4144244746096853e-13,2.1088889763746372e-13,3.5779686094053544e-13,2.9155574127222459e-13
3.5603349404e-07,0.30007358886382646,89.099999999999994,0.0,0.0,0.0,0.99999999994364752,10.999999999916929,9.080504299544152e-12,3.3044698097958535e-12,7.0395606398174526e-12,6.1780889119944559e-12,6.9268037170385616e-12,3.1493000621451318e-13,9.1587837643553762e-13,1.4578872181681806e-13,1.0993853551350114e-13,4.0635154494535424e-14,6.9188768753406685e-13,8.0766927457563082e-12,6.1858646986643571e-13,2.2429877383474815e-13,1.7320705667016369e-11,1.6563208425895005e-11,1.2763635333937155e-11,1.004449430472461e-12,4.7699926971052595e-12,7.0471281753162801e-12,1.2233416756333968e-11,7.0177680092788605e-13,2.8098630768589667e-13,6.6059404769809179e-13,1.2885837259689985e-12,6.3179308208025322e-14,1.1012933330153228e-13,4.6609796024211059e-13,7.645121559325808e-14,3.5332659990772577e-13,1.2799622960930488e-14,1.7728316971144046e-16,6.0019234327766965e-14,4.9185094539324659e-16,2.6328365251210516e-13,3.0521893673868706e-13,2.6328365251210516e-13,4.1076258066419698e-13,3.5188685113372547e-13
3.8321258396e-07,0.30007358886381796,89.099999999999994,0.0,0.0,0.0,0.99999999993930622,10.999999999908717,9.3141991887806686e-12,3.7041552946057181e-12,7.1583425049082593e-12,6.3263639623675751e-12,7.0476041680952536e-12,3.2249431149680641e-13,9.5111821342786124e-13,1.5897096143222277e-13,1.2012891860582757e-13,4.4068752165820272e-14,7.571435251339595e-13,8.7734667992281423e-12,6.7881423901718691e-13,2.4454777451656305e-13,1.8947160310883612e-11,1.8317869878520991e-11,1.3941000267658333e-11,1.0722891872121557e-12,5.1116596177163094e-12,7.8358613335301289e-12,1.3414476595919786e-11,7.6256273114667098e-13,3.1611016732097461e-13,7.5806965354648732e-13,1.4613678239423753e-12,6.9201796128986435e-14,1.2330849986088664e-13,5.2582154925091713e-13,8.547867463799838e-14,3.9776832780794373e-13,1.4048321116850568e-14,1.8092873285116125e-16,6.6159782108745985e-14,5.5492381923719483e-16,3.2231673218205955e-13,3.7767332161372452e-13,3.2231673218205955e-13,4.6668935363289741e-13,4.1816380837720181e-13
